id,src,dst,frequency_per_year_2023,distance_km,annual_co2_tonnes_2023
0,ACE,AMS,365.0,3005.9,17554.4
1,ACE,BCN,1095.0,1974.1,34586.7
2,ACE,BHX,2190.0,2790.2,97767.8
3,ACE,BRS,730.0,2654.2,31000.6
4,ACE,CGN,365.0,2989.9,17461.0
5,ACE,DUB,730.0,2786.5,32546.1
6,ACE,DUS,730.0,3006.7,35118.6
7,ACE,EDI,365.0,3110.3,18164.4
8,ACE,FRA,730.0,2996.0,34993.4
9,ACE,GLA,1825.0,3081.2,89971.8
10,ACE,HAM,730.0,3345.8,39079.2
11,ACE,LGW,3285.0,2710.2,142447.8
12,ACE,LPA,730.0,207.5,2423.1
13,ACE,LTN,1095.0,2775.0,48617.4
14,ACE,MAD,1095.0,1574.1,27577.9
15,ACE,MAN,2555.0,2867.0,117202.0
16,ACE,MUC,730.0,3058.0,35717.5
17,ACE,STN,1095.0,2796.0,48986.0
18,ACE,STR,730.0,2931.9,34244.7
19,ACE,TXL,365.0,3427.7,20017.5
20,ACE,ZRH,730.0,2806.4,32778.7
21,ADD,BKK,730.0,6757.8,78931.5
22,ADD,BOM,730.0,3834.7,44789.2
23,ADD,CAI,730.0,2473.5,28891.0
24,ADD,CAN,1095.0,8038.1,140827.1
25,ADD,CDG,365.0,5580.7,32591.4
26,ADD,DEL,730.0,4552.5,53172.8
27,ADD,DOH,365.0,2262.5,13213.1
28,ADD,DXB,1095.0,2519.0,44132.2
29,ADD,FCO,365.0,4481.4,26171.3
30,ADD,FRA,730.0,5348.8,62473.4
31,ADD,HKG,365.0,8106.6,47342.5
32,ADD,IST,365.0,3724.8,21753.1
33,ADD,JED,2190.0,1412.9,49507.4
34,ADD,JNB,730.0,4068.0,47514.3
35,ADD,KWI,730.0,2446.3,28572.7
36,ADD,LHR,365.0,5919.9,34572.5
37,ADD,MCT,730.0,2633.1,30755.1
38,ADD,NBO,1460.0,1163.6,27182.0
39,ADD,PEK,730.0,8329.4,97287.0
40,ADD,PVG,365.0,8830.8,51572.0
41,ADD,RUH,730.0,1964.0,22939.0
42,ADD,TLV,365.0,2592.8,15142.0
43,AGP,AMS,1095.0,1883.7,33001.7
44,AGP,ARN,730.0,3015.8,35224.9
45,AGP,BCN,1095.0,766.0,13419.7
46,AGP,BHX,730.0,1767.7,20646.7
47,AGP,BRS,730.0,1641.5,19172.5
48,AGP,BRU,1825.0,1735.5,50676.0
49,AGP,BUD,365.0,2283.6,13336.3
50,AGP,CDG,1095.0,1485.8,26031.5
51,AGP,CGN,1095.0,1829.1,32045.5
52,AGP,CMN,730.0,463.0,5408.4
53,AGP,CPH,1460.0,2471.5,57735.3
54,AGP,DME,730.0,3793.5,44308.6
55,AGP,DUB,730.0,1867.2,21808.4
56,AGP,DUS,730.0,1853.5,21648.4
57,AGP,EDI,730.0,2145.0,25053.2
58,AGP,FCO,1095.0,1546.8,27100.8
59,AGP,FRA,365.0,1817.2,10612.3
60,AGP,GLA,1095.0,2134.6,37398.4
61,AGP,GVA,730.0,1380.3,16121.9
62,AGP,HAM,1460.0,2191.7,51198.3
63,AGP,HEL,730.0,3352.6,39158.8
64,AGP,IBZ,730.0,570.9,6668.2
65,AGP,IST,365.0,2901.3,16943.5
66,AGP,LGW,2190.0,1645.2,57648.0
67,AGP,LHR,730.0,1675.9,19574.0
68,AGP,LIS,730.0,470.2,5491.7
69,AGP,LPA,730.0,1409.5,16463.5
70,AGP,LTN,1095.0,1721.1,30154.0
71,AGP,LYS,730.0,1284.6,15004.1
72,AGP,MAD,730.0,430.0,5022.2
73,AGP,MAN,1825.0,1862.6,54387.5
74,AGP,MRS,365.0,1116.7,6521.5
75,AGP,MUC,1825.0,1854.9,54164.4
76,AGP,MXP,365.0,1485.8,8676.9
77,AGP,ORY,1095.0,1451.4,25428.2
78,AGP,OSL,730.0,2832.1,33079.2
79,AGP,PMI,1825.0,709.1,20706.5
80,AGP,PRG,365.0,2116.1,12358.3
81,AGP,STN,730.0,1731.8,20227.7
82,AGP,STR,730.0,1738.9,20310.1
83,AGP,SVO,730.0,3781.2,44164.5
84,AGP,TXL,730.0,2245.9,26231.8
85,AGP,VIE,730.0,2135.5,24942.3
86,AGP,WAW,365.0,2632.0,15370.6
87,AGP,YUL,365.0,5705.2,33318.1
88,AGP,ZRH,365.0,1607.9,9390.2
89,AKL,BKK,730.0,9555.4,111606.8
90,AKL,BNE,2555.0,2295.5,93839.0
91,AKL,CAN,365.0,9300.1,54312.5
92,AKL,HKG,730.0,9170.1,107107.2
93,AKL,ICN,365.0,9656.3,56392.6
94,AKL,KUL,365.0,8703.4,50827.6
95,AKL,LAX,730.0,10486.6,122483.0
96,AKL,MEL,2555.0,2637.4,107815.3
97,AKL,NRT,1095.0,8836.3,154812.3
98,AKL,PVG,730.0,9368.5,109424.3
99,AKL,SFO,730.0,10509.0,122744.6
100,AKL,SIN,1095.0,8408.3,147314.0
101,AKL,SYD,3650.0,2159.6,126119.5
102,ALC,AMS,1095.0,1613.2,28262.4
103,ALC,ARN,730.0,2711.3,31667.9
104,ALC,BCN,730.0,403.9,4717.0
105,ALC,BHX,1460.0,1578.5,36873.8
106,ALC,BRS,1095.0,1466.5,25692.6
107,ALC,BRU,1460.0,1458.0,34059.2
108,ALC,CGN,365.0,1524.4,8902.5
109,ALC,CPH,1095.0,2164.5,37922.7
110,ALC,DME,1460.0,3424.9,80006.3
111,ALC,DUB,730.0,1739.1,20313.3
112,ALC,DUS,365.0,1555.7,9085.2
113,ALC,EDI,1095.0,1975.7,34613.7
114,ALC,FCO,730.0,1156.1,13503.5
115,ALC,FRA,365.0,1493.3,8721.0
116,ALC,GLA,1095.0,1977.0,34637.0
117,ALC,GVA,365.0,1040.1,6074.2
118,ALC,HAM,730.0,1886.7,22036.3
119,ALC,HEL,365.0,3029.9,17694.9
120,ALC,IBZ,730.0,180.3,2105.5
121,ALC,LGW,2190.0,1430.9,50139.2
122,ALC,LPA,365.0,1793.6,10474.9
123,ALC,LTN,730.0,1511.5,17654.2
124,ALC,MAD,365.0,354.9,2072.5
125,ALC,MAN,1825.0,1681.0,49085.8
126,ALC,MUC,730.0,1496.8,17482.1
127,ALC,ORY,730.0,1184.7,13837.1
128,ALC,OSL,730.0,2561.9,29922.6
129,ALC,PMI,1095.0,318.2,5575.4
130,ALC,STN,365.0,1513.8,8840.7
131,ALC,STR,365.0,1398.1,8165.2
132,ALC,TFS,365.0,1870.9,10925.8
133,ALC,TXL,365.0,1913.2,11173.3
134,ALC,ZRH,365.0,1260.4,7360.6
135,AMM,AMS,365.0,3402.0,19867.7
136,AMM,ATH,365.0,1297.1,7575.1
137,AMM,AUH,1095.0,1998.2,35008.1
138,AMM,BCN,730.0,3188.6,37243.2
139,AMM,BKK,730.0,6840.7,79898.9
140,AMM,BOM,365.0,3937.9,22997.4
141,AMM,CAI,1095.0,472.4,8275.9
142,AMM,CDG,730.0,3381.2,39492.9
143,AMM,DEL,365.0,3945.4,23041.3
144,AMM,DME,730.0,2638.1,30812.4
145,AMM,DOH,730.0,1683.7,19665.4
146,AMM,DXB,1460.0,2021.5,47223.3
147,AMM,FCO,1095.0,2383.1,41752.7
148,AMM,FRA,1095.0,3044.6,53340.9
149,AMM,GVA,365.0,3018.4,17627.6
150,AMM,IST,730.0,1242.8,14515.6
151,AMM,JED,1460.0,1159.9,27095.4
152,AMM,JFK,1095.0,9214.8,161442.6
153,AMM,KBP,365.0,2113.1,12340.8
154,AMM,KWI,1095.0,1180.1,20674.6
155,AMM,LHR,730.0,3683.0,43017.7
156,AMM,MAD,730.0,3651.7,42651.5
157,AMM,MCT,730.0,2368.3,27662.2
158,AMM,MUC,730.0,2747.2,32087.2
159,AMM,ORD,1095.0,10013.8,175441.0
160,AMM,OTP,730.0,1668.0,19482.0
161,AMM,RUH,1095.0,1288.6,22576.2
162,AMM,SHJ,365.0,2031.9,11866.2
163,AMM,TLV,730.0,109.3,1276.8
164,AMM,TXL,730.0,2952.6,34486.1
165,AMM,VIE,1095.0,2448.6,42898.6
166,AMM,YUL,1095.0,8897.0,155875.5
167,AMM,ZRH,365.0,2905.8,16969.9
168,AMS,ACE,365.0,3005.9,17554.4
169,AMS,AGP,1095.0,1883.7,33001.7
170,AMS,ALC,1095.0,1613.2,28262.4
171,AMS,AMM,365.0,3402.0,19867.7
172,AMS,ARN,1460.0,1152.2,26914.7
173,AMS,ATH,730.0,2181.7,25482.8
174,AMS,ATL,730.0,7065.8,82528.4
175,AMS,AUH,2555.0,5191.6,212231.1
176,AMS,AYT,730.0,2654.8,31008.2
177,AMS,BCN,1825.0,1241.1,36241.2
178,AMS,BHX,730.0,442.1,5164.1
179,AMS,BKK,1095.0,9207.6,161316.3
180,AMS,BOM,730.0,6859.5,80119.1
181,AMS,BOS,730.0,5547.4,64793.1
182,AMS,BRS,1095.0,524.0,9180.4
183,AMS,BRU,365.0,157.7,920.7
184,AMS,BUD,365.0,1169.2,6828.2
185,AMS,CAI,730.0,3287.3,38395.7
186,AMS,CAN,730.0,9139.7,106752.2
187,AMS,CDG,1095.0,398.3,6977.7
188,AMS,CGN,730.0,229.6,2682.2
189,AMS,CMN,730.0,2327.1,27180.6
190,AMS,CPH,2190.0,633.4,22193.8
191,AMS,CTA,1095.0,1834.9,32147.0
192,AMS,CTU,730.0,7942.1,92763.3
193,AMS,DEL,365.0,6363.5,37162.6
194,AMS,DFW,730.0,7900.1,92273.2
195,AMS,DOH,1095.0,4923.1,86252.6
196,AMS,DTW,730.0,6323.6,73859.7
197,AMS,DUB,365.0,750.2,4380.9
198,AMS,DUS,730.0,178.3,2083.1
199,AMS,DXB,1095.0,5168.6,90554.5
200,AMS,EDI,730.0,666.4,7783.1
201,AMS,EWR,1460.0,5868.5,137087.3
202,AMS,FAO,365.0,1969.8,11503.5
203,AMS,FCO,1460.0,1296.8,30293.7
204,AMS,FRA,1460.0,366.6,8563.2
205,AMS,GIG,365.0,9559.7,55828.6
206,AMS,GLA,1095.0,718.0,12578.6
207,AMS,GRU,365.0,9774.9,57085.5
208,AMS,GVA,730.0,682.0,7965.7
209,AMS,HAM,1095.0,379.4,6646.3
210,AMS,HEL,1460.0,1521.3,35537.7
211,AMS,HER,365.0,2480.9,14488.7
212,AMS,HGH,730.0,8922.0,104209.3
213,AMS,HKG,730.0,9274.4,108325.3
214,AMS,IAD,1460.0,6207.1,144997.8
215,AMS,IAH,1460.0,8049.3,188031.5
216,AMS,IBZ,1095.0,1516.7,26571.9
217,AMS,ICN,730.0,8552.0,99887.1
218,AMS,IST,730.0,2183.8,25506.3
219,AMS,JFK,730.0,5847.5,68299.1
220,AMS,JNB,365.0,9017.3,52661.0
221,AMS,KBP,730.0,1818.6,21241.8
222,AMS,KIX,365.0,9241.3,53969.1
223,AMS,KUL,1095.0,10236.6,179345.9
224,AMS,KWI,1095.0,4355.3,76304.5
225,AMS,LAX,730.0,8956.0,104605.5
226,AMS,LED,730.0,1773.4,20713.7
227,AMS,LGW,730.0,364.7,4259.7
228,AMS,LHR,1825.0,370.4,10817.1
229,AMS,LIM,730.0,10519.9,122872.6
230,AMS,LIS,2920.0,1846.3,86259.0
231,AMS,LPA,365.0,3182.8,18587.4
232,AMS,LTN,365.0,353.9,2066.5
233,AMS,LYS,730.0,732.4,8554.0
234,AMS,MAD,1095.0,1460.7,25590.7
235,AMS,MAN,1095.0,486.7,8527.3
236,AMS,MEX,365.0,9206.3,53764.7
237,AMS,MLA,730.0,1982.8,23159.7
238,AMS,MRS,730.0,986.8,11525.9
239,AMS,MSP,730.0,6684.9,78079.5
240,AMS,MUC,730.0,664.2,7757.5
241,AMS,MXP,365.0,796.6,4652.4
242,AMS,NBO,1095.0,6677.4,116988.8
243,AMS,NCE,1095.0,978.9,17149.7
244,AMS,NRT,365.0,9318.8,54421.7
245,AMS,OPO,1460.0,1595.0,37258.6
246,AMS,ORD,1460.0,6611.9,154453.1
247,AMS,OSL,1095.0,950.7,16656.2
248,AMS,OTP,730.0,1783.2,20827.8
249,AMS,PDX,730.0,8028.8,93776.5
250,AMS,PEK,730.0,7827.1,91420.5
251,AMS,PHL,730.0,5997.1,70045.5
252,AMS,PMI,1095.0,1427.0,25000.6
253,AMS,PRG,1460.0,705.0,16469.0
254,AMS,PTY,730.0,8813.5,102941.3
255,AMS,PVG,1095.0,8910.5,156111.1
256,AMS,RIX,730.0,1333.2,15572.2
257,AMS,SAW,1095.0,2246.5,39358.5
258,AMS,SEA,730.0,7840.0,91571.2
259,AMS,SFO,730.0,8785.5,102614.9
260,AMS,SIN,730.0,10513.9,122802.5
261,AMS,STN,365.0,312.9,1827.2
262,AMS,STR,365.0,511.0,2984.3
263,AMS,SVO,730.0,2144.3,25046.0
264,AMS,TFS,365.0,3223.9,18827.7
265,AMS,TLV,1460.0,3312.0,77368.1
266,AMS,TPE,730.0,9442.5,110288.6
267,AMS,TXL,730.0,578.2,6753.2
268,AMS,VCE,1095.0,936.9,16414.7
269,AMS,VIE,730.0,959.5,11206.7
270,AMS,WAW,730.0,1101.2,12861.7
271,AMS,XMN,730.0,9317.2,108824.8
272,AMS,YUL,730.0,5503.1,64276.6
273,AMS,YVR,730.0,7707.3,90020.8
274,AMS,YYC,1095.0,7167.6,125576.8
275,AMS,YYZ,1095.0,5989.7,104938.9
276,AMS,ZRH,1095.0,602.8,10561.6
277,ARN,ADD,730.0,5900.2,68914.1
278,ARN,AGP,730.0,3015.8,35224.9
279,ARN,ALC,730.0,2711.3,31667.9
280,ARN,AMS,1460.0,1152.2,26914.7
281,ARN,ATH,730.0,2452.3,28642.7
282,ARN,BCN,1460.0,2314.9,54076.6
283,ARN,BHX,365.0,1451.5,8476.9
284,ARN,BKK,1095.0,8296.2,145349.6
285,ARN,BRU,365.0,1287.8,7520.5
286,ARN,BUD,365.0,1361.9,7953.3
287,ARN,CDG,1095.0,1539.2,26966.0
288,ARN,CGN,365.0,1188.8,6942.4
289,ARN,CMN,365.0,3467.9,20252.7
290,ARN,CPH,1095.0,546.8,9579.1
291,ARN,CTA,365.0,2475.2,14455.4
292,ARN,DOH,365.0,4618.1,26969.7
293,ARN,DUB,730.0,1624.8,18977.1
294,ARN,DUS,1095.0,1162.4,20365.3
295,ARN,DXB,730.0,4785.1,55890.1
296,ARN,EDI,730.0,1320.3,15420.5
297,ARN,EWR,730.0,6307.2,73667.9
298,ARN,FAO,365.0,3119.7,18219.3
299,ARN,FCO,730.0,2023.1,23629.6
300,ARN,FLL,365.0,7962.1,46498.9
301,ARN,FRA,1095.0,1223.0,21426.7
302,ARN,GVA,1460.0,1682.7,39307.9
303,ARN,HAM,730.0,825.5,9641.9
304,ARN,HEL,1825.0,398.6,11638.2
305,ARN,IST,730.0,2176.0,25415.7
306,ARN,JFK,365.0,6292.0,36745.2
307,ARN,LAX,365.0,8863.0,51760.1
308,ARN,LED,730.0,691.2,8072.8
309,ARN,LGW,365.0,1475.3,8616.0
310,ARN,LHR,2190.0,1462.5,51247.3
311,ARN,LIS,730.0,2998.3,35020.2
312,ARN,LPA,365.0,4334.9,25316.0
313,ARN,MAD,730.0,2601.3,30383.8
314,ARN,MAN,1095.0,1415.3,24795.7
315,ARN,MLA,365.0,2657.5,15519.5
316,ARN,MUC,1095.0,1317.3,23079.3
317,ARN,NCE,730.0,1920.0,22425.1
318,ARN,ORD,365.0,6855.7,40037.2
319,ARN,ORY,365.0,1572.8,9185.4
320,ARN,OSL,1095.0,386.5,6772.0
321,ARN,PEK,730.0,6691.0,78150.4
322,ARN,PMI,730.0,2474.8,28905.2
323,ARN,PRG,1460.0,1087.1,25394.7
324,ARN,RIX,1095.0,465.7,8159.4
325,ARN,SAW,365.0,2229.5,13020.5
326,ARN,SVO,730.0,1219.8,14246.8
327,ARN,TLV,365.0,3320.5,19391.9
328,ARN,TXL,1825.0,838.8,24492.2
329,ARN,VCE,365.0,1616.0,9437.4
330,ARN,VIE,1460.0,1286.3,30048.9
331,ARN,WAW,365.0,853.6,4985.1
332,ARN,ZRH,730.0,1486.4,17361.4
333,ATH,AMM,365.0,1297.1,7575.1
334,ATH,AMS,730.0,2181.7,25482.8
335,ATH,ARN,730.0,2452.3,28642.7
336,ATH,AUH,730.0,3263.1,38112.9
337,ATH,BCN,1460.0,1904.5,44489.3
338,ATH,BRU,730.0,2101.4,24544.7
339,ATH,BUD,365.0,1122.3,6554.5
340,ATH,CAI,730.0,1107.2,12931.8
341,ATH,CDG,1095.0,2108.7,36943.6
342,ATH,CGN,365.0,1952.7,11403.7
343,ATH,CPH,730.0,2139.5,24988.8
344,ATH,DME,730.0,2206.3,25769.6
345,ATH,DOH,730.0,2957.9,34547.9
346,ATH,DUB,365.0,2875.7,16794.0
347,ATH,DUS,730.0,2003.4,23400.0
348,ATH,DXB,365.0,3271.9,19107.7
349,ATH,EDI,365.0,2848.0,16632.4
350,ATH,FCO,1460.0,1086.3,25375.6
351,ATH,FRA,730.0,1815.6,21206.7
352,ATH,GVA,1095.0,1731.3,30332.1
353,ATH,HAM,365.0,2045.2,11944.1
354,ATH,HEL,365.0,2489.7,14539.6
355,ATH,HER,1460.0,309.1,7219.8
356,ATH,IST,1095.0,554.3,9711.8
357,ATH,KBP,365.0,1485.5,8675.0
358,ATH,LED,365.0,2472.0,14436.8
359,ATH,LGW,365.0,2393.0,13975.2
360,ATH,LHR,1460.0,2426.8,56689.3
361,ATH,LYS,1095.0,1780.5,31194.0
362,ATH,MAD,730.0,2377.1,27764.9
363,ATH,MAN,1095.0,2636.6,46194.0
364,ATH,MLA,365.0,872.6,5095.7
365,ATH,MRS,1095.0,1688.5,29582.0
366,ATH,MUC,1095.0,1517.7,26589.7
367,ATH,MXP,1095.0,1520.3,26636.5
368,ATH,ORY,730.0,2105.0,24586.9
369,ATH,OSL,1095.0,2628.9,46059.1
370,ATH,OTP,1095.0,759.1,13298.7
371,ATH,PHL,1095.0,8083.1,141615.2
372,ATH,PRG,365.0,1555.6,9084.9
373,ATH,RIX,365.0,2111.3,12329.9
374,ATH,SAW,365.0,566.3,3307.0
375,ATH,STN,365.0,2407.9,14062.2
376,ATH,STR,365.0,1682.2,9823.8
377,ATH,SVO,365.0,2241.9,13092.9
378,ATH,TLV,730.0,1193.7,13942.2
379,ATH,TXL,730.0,1823.1,21293.6
380,ATH,VCE,730.0,1276.0,14903.2
381,ATH,VIE,730.0,1278.9,14937.5
382,ATH,WAW,730.0,1599.1,18677.1
383,ATH,YUL,365.0,7631.9,44570.0
384,ATH,YYZ,365.0,8128.5,47470.4
385,ATH,ZRH,365.0,1639.5,9574.6
386,ATL,AMS,730.0,7065.8,82528.4
387,ATL,BOG,365.0,3388.7,19790.2
388,ATL,BOS,2920.0,1521.6,71087.0
389,ATL,BRU,1095.0,7106.0,124497.5
390,ATL,BSB,365.0,6728.7,39295.6
391,ATL,BWI,2555.0,927.5,37917.5
392,ATL,CDG,1460.0,7055.7,164821.8
393,ATL,CLT,2920.0,364.6,17032.6
394,ATL,CUN,3285.0,1421.7,74722.3
395,ATL,DCA,2555.0,880.1,35978.2
396,ATL,DEN,4015.0,1926.6,123765.9
397,ATL,DFW,4015.0,1174.5,75451.9
398,ATL,DTW,2920.0,958.2,44767.0
399,ATL,DUB,1095.0,6322.9,110777.3
400,ATL,DUS,1095.0,7236.4,126781.4
401,ATL,DXB,365.0,12209.4,71302.8
402,ATL,EWR,2555.0,1199.3,49028.1
403,ATL,FCO,1825.0,8085.3,236092.1
404,ATL,FLL,2920.0,936.4,43750.5
405,ATL,FRA,1825.0,7409.6,216361.8
406,ATL,GIG,730.0,7641.5,89252.6
407,ATL,GRU,365.0,7510.3,43860.0
408,ATL,HNL,365.0,7233.9,42246.1
409,ATL,IAD,3285.0,859.0,45150.7
410,ATL,IAH,3285.0,1107.6,58213.5
411,ATL,ICN,730.0,11487.1,134169.7
412,ATL,JFK,3650.0,1222.1,71370.3
413,ATL,JNB,365.0,13582.6,79322.3
414,ATL,LAS,2555.0,2804.8,114661.4
415,ATL,LAX,3650.0,3125.8,182545.3
416,ATL,LGA,2920.0,1224.9,57225.8
417,ATL,LHR,2920.0,6760.8,315862.9
418,ATL,LIM,365.0,5135.8,29992.8
419,ATL,MAD,1460.0,6961.6,162623.4
420,ATL,MAN,1460.0,6581.0,153732.0
421,ATL,MCO,2920.0,650.7,30402.4
422,ATL,MDW,1825.0,952.0,27797.2
423,ATL,MEX,2555.0,2143.4,87622.0
424,ATL,MIA,4380.0,959.1,67211.2
425,ATL,MSP,2920.0,1459.7,68198.0
426,ATL,MSY,3285.0,683.6,35928.5
427,ATL,MUC,1095.0,7702.0,134938.5
428,ATL,NRT,365.0,11002.3,64253.2
429,ATL,ORD,6935.0,976.3,108333.3
430,ATL,PDX,1825.0,3489.2,101883.5
431,ATL,PHL,3285.0,1071.6,56322.9
432,ATL,PHX,3285.0,2549.1,133979.7
433,ATL,PTY,1095.0,2779.9,48704.6
434,ATL,SAN,2920.0,3037.7,141920.6
435,ATL,SEA,2190.0,3505.0,122814.4
436,ATL,SFO,3285.0,3434.7,180528.8
437,ATL,SJU,2555.0,2490.9,101829.7
438,ATL,SLC,2190.0,2553.6,89478.3
439,ATL,STL,2920.0,779.0,36395.1
440,ATL,STR,1095.0,7516.6,131691.5
441,ATL,TPA,2555.0,655.0,26774.4
442,ATL,YUL,1095.0,1600.3,28037.2
443,ATL,YYZ,2190.0,1191.1,41735.3
444,ATL,ZRH,365.0,7531.5,43984.0
445,AUH,AMM,1095.0,1998.2,35008.1
446,AUH,AMS,2555.0,5191.6,212231.1
447,AUH,ATH,730.0,3263.1,38112.9
448,AUH,BKK,1095.0,4966.2,87007.1
449,AUH,BLR,1095.0,2723.1,47708.8
450,AUH,BOM,1460.0,1970.9,46039.8
451,AUH,BRU,1095.0,5166.7,90520.4
452,AUH,CAI,730.0,2378.0,27774.7
453,AUH,CDG,730.0,5251.9,61341.7
454,AUH,CGK,1095.0,6574.7,115188.6
455,AUH,CMB,1825.0,3300.1,96363.2
456,AUH,CMN,1095.0,6052.8,106044.6
457,AUH,CTU,1095.0,4871.8,85354.3
458,AUH,DEL,1460.0,2277.4,53199.7
459,AUH,DME,730.0,3706.7,43294.6
460,AUH,DOH,730.0,320.9,3748.3
461,AUH,DUB,730.0,5940.8,69388.3
462,AUH,DUS,1095.0,5026.3,88060.5
463,AUH,FCO,730.0,4340.1,50692.4
464,AUH,FRA,1825.0,4862.0,141969.4
465,AUH,GRU,365.0,12121.0,70786.4
466,AUH,GVA,730.0,4926.3,57539.4
467,AUH,HKG,730.0,6006.8,70159.1
468,AUH,IAD,730.0,11386.8,132997.7
469,AUH,ICN,1095.0,6837.3,119789.8
470,AUH,IST,730.0,3038.9,35494.0
471,AUH,JED,1095.0,1613.6,28270.7
472,AUH,JFK,730.0,11031.4,128846.7
473,AUH,JNB,1460.0,6298.6,147134.3
474,AUH,KUL,1460.0,5588.4,130544.4
475,AUH,KWI,1825.0,850.4,24831.7
476,AUH,LHR,1825.0,5516.7,161086.6
477,AUH,MAA,730.0,2965.9,34642.2
478,AUH,MAN,365.0,5678.3,33161.1
479,AUH,MCT,4380.0,380.7,26676.1
480,AUH,MEL,1095.0,11651.7,204136.9
481,AUH,MNL,730.0,6984.2,81575.5
482,AUH,MUC,1095.0,4580.0,80241.6
483,AUH,MXP,730.0,4713.7,55056.2
484,AUH,NBO,1095.0,3443.2,60324.2
485,AUH,NRT,730.0,8088.4,94472.9
486,AUH,ORD,730.0,11687.9,136514.6
487,AUH,PEK,1825.0,5954.9,173882.3
488,AUH,PVG,730.0,6549.9,76502.9
489,AUH,RUH,1095.0,805.4,14110.3
490,AUH,SGN,730.0,5680.2,66344.6
491,AUH,SIN,2190.0,5885.8,206236.7
492,AUH,SYD,1095.0,12061.4,211314.9
493,AUH,TXL,730.0,4663.7,54471.6
494,AUH,YYZ,730.0,11122.3,129908.8
495,AYT,AMS,730.0,2654.8,31008.2
496,AYT,BHX,1095.0,3060.4,53617.5
497,AYT,BRS,730.0,3082.5,36004.1
498,AYT,BRU,730.0,2597.8,30341.9
499,AYT,CGN,1825.0,2432.1,71016.8
500,AYT,CPH,365.0,2489.1,14536.2
501,AYT,DUS,1825.0,2478.7,72378.3
502,AYT,FRA,1460.0,2297.9,53678.2
503,AYT,GLA,365.0,3368.2,19670.1
504,AYT,GVA,365.0,2288.6,13365.3
505,AYT,HAM,1825.0,2454.2,71661.3
506,AYT,HEL,365.0,2636.7,15398.6
507,AYT,IST,1095.0,517.7,9070.7
508,AYT,LED,365.0,2546.8,14873.5
509,AYT,LGW,1825.0,2908.1,84915.3
510,AYT,LTN,730.0,2949.1,34445.5
511,AYT,MAN,1825.0,3130.4,91408.4
512,AYT,MUC,1460.0,2000.9,46741.8
513,AYT,ORY,365.0,2642.7,15433.5
514,AYT,OSL,365.0,2937.9,17157.4
515,AYT,PRG,365.0,1974.8,11532.8
516,AYT,SAW,1095.0,463.1,8113.4
517,AYT,STR,1460.0,2182.4,50981.1
518,AYT,SVO,730.0,2178.2,25441.9
519,AYT,TXL,1095.0,2211.8,38750.3
520,AYT,VIE,1460.0,1701.9,39757.2
521,AYT,ZRH,1095.0,2165.6,37940.8
522,BCN,ACE,1095.0,1974.1,34586.7
523,BCN,AGP,1095.0,766.0,13419.7
524,BCN,ALC,730.0,403.9,4717.0
525,BCN,AMM,730.0,3188.6,37243.2
526,BCN,AMS,1825.0,1241.1,36241.2
527,BCN,ARN,1460.0,2314.9,54076.6
528,BCN,ATH,1460.0,1904.5,44489.3
529,BCN,BHX,730.0,1273.7,14877.4
530,BCN,BOG,365.0,8513.4,49718.2
531,BCN,BRS,365.0,1179.7,6889.7
532,BCN,BRU,1825.0,1083.8,31646.5
533,BCN,BUD,730.0,1522.2,17779.2
534,BCN,CAI,365.0,2906.2,16971.9
535,BCN,CDG,1825.0,858.7,25075.1
536,BCN,CGN,365.0,1132.7,6615.2
537,BCN,CMN,1460.0,1226.5,28651.4
538,BCN,CPH,1460.0,1768.6,41313.9
539,BCN,CTA,730.0,1193.3,13937.4
540,BCN,DME,1095.0,3028.7,53062.8
541,BCN,DOH,730.0,4861.5,56782.4
542,BCN,DUB,730.0,1485.2,17347.3
543,BCN,DUS,1460.0,1167.4,27270.8
544,BCN,DXB,365.0,5175.7,30226.1
545,BCN,EDI,1095.0,1676.6,29373.5
546,BCN,EWR,730.0,6176.6,72142.9
547,BCN,FCO,1460.0,846.9,19783.1
548,BCN,FRA,1460.0,1093.6,25546.8
549,BCN,GLA,365.0,1688.1,9858.6
550,BCN,GRU,365.0,8764.9,51186.9
551,BCN,GVA,730.0,637.4,7445.4
552,BCN,HAM,1460.0,1492.6,34866.3
553,BCN,HEL,1460.0,2628.1,61391.4
554,BCN,IBZ,1095.0,276.2,4838.2
555,BCN,IST,365.0,2219.8,12963.8
556,BCN,JFK,3285.0,6150.2,323255.9
557,BCN,KBP,730.0,2429.2,28372.7
558,BCN,LED,1095.0,2821.9,49440.1
559,BCN,LGW,2190.0,1109.1,38861.2
560,BCN,LHR,1095.0,1147.7,20107.9
561,BCN,LIS,1460.0,994.0,23219.8
562,BCN,LPA,1095.0,2174.5,38097.1
563,BCN,LTN,365.0,1190.8,6954.1
564,BCN,LYS,1095.0,548.6,9612.0
565,BCN,MAD,1095.0,482.9,8460.9
566,BCN,MAN,1095.0,1379.5,24169.5
567,BCN,MIA,1825.0,7544.9,220309.7
568,BCN,MLA,730.0,1234.2,14415.5
569,BCN,MRS,730.0,351.2,4102.6
570,BCN,MUC,1095.0,1094.6,19177.9
571,BCN,MXP,1460.0,720.8,16837.8
572,BCN,NCE,1095.0,496.3,8695.1
573,BCN,OPO,1825.0,898.7,26240.9
574,BCN,ORY,730.0,826.1,9648.8
575,BCN,OSL,1460.0,2181.7,50965.3
576,BCN,OTP,1825.0,1980.5,57829.8
577,BCN,PHL,730.0,6299.9,73583.0
578,BCN,PMI,2190.0,202.0,7076.9
579,BCN,PRG,1825.0,1358.0,39654.4
580,BCN,RIX,365.0,2337.1,13648.5
581,BCN,SAW,365.0,2272.8,13273.3
582,BCN,SIN,365.0,10899.4,63652.4
583,BCN,STN,365.0,1185.6,6924.0
584,BCN,STR,1095.0,994.7,17426.4
585,BCN,SVO,730.0,3017.4,35243.5
586,BCN,TFS,1095.0,2245.1,39335.0
587,BCN,TLV,1460.0,3081.7,71988.1
588,BCN,TXL,1460.0,1510.4,35282.8
589,BCN,VCE,730.0,951.7,11116.4
590,BCN,VIE,2190.0,1369.7,47993.9
591,BCN,WAW,1825.0,1869.7,54594.9
592,BCN,YUL,365.0,5911.3,34522.3
593,BCN,YYZ,730.0,6417.7,74958.6
594,BCN,ZRH,1095.0,856.5,15006.4
595,BHX,ACE,2190.0,2790.2,97767.8
596,BHX,AGP,730.0,1767.7,20646.7
597,BHX,ALC,1460.0,1578.5,36873.8
598,BHX,AMS,730.0,442.1,5164.1
599,BHX,ARN,365.0,1451.5,8476.9
600,BHX,AYT,1095.0,3060.4,53617.5
601,BHX,BCN,730.0,1273.7,14877.4
602,BHX,BRU,730.0,462.9,5406.9
603,BHX,CDG,730.0,487.6,5694.9
604,BHX,CGN,365.0,637.7,3724.2
605,BHX,CPH,365.0,1002.0,5851.6
606,BHX,DEL,365.0,6798.8,39705.2
607,BHX,DUB,730.0,321.5,3755.2
608,BHX,DUS,730.0,598.4,6988.9
609,BHX,DXB,730.0,5603.4,65447.8
610,BHX,EDI,365.0,402.8,2352.5
611,BHX,EWR,730.0,5444.8,63595.6
612,BHX,FAO,1095.0,1784.0,31256.0
613,BHX,FCO,365.0,1582.9,9244.2
614,BHX,FRA,365.0,766.2,4474.6
615,BHX,GLA,365.0,418.3,2442.6
616,BHX,HAM,365.0,794.5,4639.8
617,BHX,HER,365.0,2846.8,16625.1
618,BHX,IBZ,365.0,1529.1,8930.0
619,BHX,IST,365.0,2603.6,15204.8
620,BHX,LPA,1095.0,2951.1,51704.1
621,BHX,LYS,730.0,897.5,10482.4
622,BHX,MLA,730.0,2242.9,26197.2
623,BHX,MUC,365.0,1059.8,6189.5
624,BHX,MXP,365.0,1074.4,6274.6
625,BHX,NCE,365.0,1181.4,6899.5
626,BHX,OPO,365.0,1351.5,7892.6
627,BHX,PMI,1825.0,1475.2,43075.4
628,BHX,STR,365.0,879.3,5134.8
629,BHX,TFS,1825.0,2978.2,86964.1
630,BHX,TXL,365.0,1015.9,5932.6
631,BHX,VCE,365.0,1283.1,7493.4
632,BHX,ZRH,365.0,920.7,5377.0
633,BKK,ADD,730.0,6757.8,78931.5
634,BKK,AKL,730.0,9555.4,111606.8
635,BKK,AMM,730.0,6840.7,79898.9
636,BKK,AMS,1095.0,9207.6,161316.3
637,BKK,ARN,1095.0,8296.2,145349.6
638,BKK,AUH,1095.0,4966.2,87007.1
639,BKK,BLR,365.0,2491.5,14550.4
640,BKK,BNE,730.0,7260.3,84800.2
641,BKK,BOM,1825.0,3030.6,88493.0
642,BKK,BRU,730.0,9262.3,108183.6
643,BKK,CAI,1095.0,7279.8,127541.5
644,BKK,CAN,2190.0,1706.1,59782.9
645,BKK,CCU,730.0,1636.8,19118.3
646,BKK,CDG,1095.0,9448.2,165533.3
647,BKK,CGK,1095.0,2297.0,40242.9
648,BKK,CGO,365.0,2665.1,15564.4
649,BKK,CKG,730.0,1883.5,21999.5
650,BKK,CMB,1460.0,2391.6,55867.3
651,BKK,CPH,730.0,8637.0,100879.6
652,BKK,CSX,365.0,2065.6,12063.1
653,BKK,CTU,730.0,1907.3,22277.1
654,BKK,DEL,1460.0,2948.5,68876.2
655,BKK,DME,1095.0,7058.7,123669.1
656,BKK,DOH,365.0,5280.0,30835.0
657,BKK,DPS,365.0,2958.6,17278.2
658,BKK,DXB,1095.0,4903.7,85913.0
659,BKK,FCO,365.0,8877.1,51842.3
660,BKK,FOC,730.0,2397.5,28002.3
661,BKK,FRA,730.0,8999.5,105113.8
662,BKK,HEL,365.0,7907.8,46181.6
663,BKK,HKG,4380.0,1689.4,118392.5
664,BKK,HND,1460.0,4589.4,107208.2
665,BKK,ICN,3650.0,3668.7,214250.7
666,BKK,IST,730.0,7512.2,87742.3
667,BKK,JNB,730.0,8996.2,105075.4
668,BKK,KBP,365.0,7415.8,43308.6
669,BKK,KIX,1460.0,4160.6,97192.2
670,BKK,KMG,730.0,1290.3,15070.8
671,BKK,KUL,3285.0,1220.6,64153.1
672,BKK,KWI,365.0,5678.5,33162.2
673,BKK,LHR,1460.0,9578.0,223741.6
674,BKK,MAA,730.0,2227.1,26012.6
675,BKK,MAD,365.0,10193.4,59529.5
676,BKK,MCT,365.0,4589.7,26804.1
677,BKK,MEL,1095.0,7331.7,128451.4
678,BKK,MNL,1460.0,2187.6,51102.7
679,BKK,MUC,730.0,8799.7,102780.6
680,BKK,MXP,365.0,9079.6,53024.8
681,BKK,NBO,1095.0,7224.1,126566.0
682,BKK,NNG,730.0,1264.6,14770.4
683,BKK,NRT,2920.0,4649.0,217201.1
684,BKK,OSL,1095.0,8675.0,151985.4
685,BKK,PEK,1095.0,3317.1,58114.8
686,BKK,PVG,1825.0,2897.1,84595.3
687,BKK,SGN,1460.0,716.2,16729.8
688,BKK,SIN,3650.0,1416.9,82747.2
689,BKK,SVO,365.0,7104.6,41490.9
690,BKK,SVX,365.0,5857.6,34208.2
691,BKK,SYD,1460.0,7514.6,175541.9
692,BKK,SZX,730.0,1700.4,19861.1
693,BKK,TAO,365.0,3182.7,18586.9
694,BKK,TLV,730.0,6945.6,81124.9
695,BKK,TNA,365.0,3052.4,17826.2
696,BKK,TPE,2190.0,2489.4,87228.7
697,BKK,VIE,1095.0,8451.0,148062.2
698,BKK,WUH,365.0,2348.1,13712.8
699,BKK,XMN,1095.0,2185.7,38294.0
700,BKK,ZRH,730.0,9054.1,105752.3
701,BLR,AUH,1095.0,2723.1,47708.8
702,BLR,BKK,365.0,2491.5,14550.4
703,BLR,BOM,2190.0,834.2,29229.1
704,BLR,CCU,1825.0,1546.8,45167.7
705,BLR,CDG,365.0,7824.9,45697.1
706,BLR,CMB,730.0,710.2,8295.4
707,BLR,DEL,2190.0,1710.0,59920.1
708,BLR,DOH,365.0,3042.7,17769.2
709,BLR,DXB,365.0,2695.2,15739.7
710,BLR,FRA,730.0,7401.6,86451.1
711,BLR,HKG,730.0,3954.9,46193.8
712,BLR,JED,365.0,4185.1,24440.7
713,BLR,KUL,1095.0,2883.6,50520.9
714,BLR,LHR,730.0,8046.6,93984.2
715,BLR,MAA,2190.0,267.8,9382.0
716,BLR,MCT,365.0,2348.7,13716.1
717,BLR,RUH,365.0,3499.8,20438.6
718,BLR,SHJ,365.0,2685.0,15680.4
719,BLR,SIN,1095.0,3179.4,55703.9
720,BNE,AKL,2920.0,2295.5,107244.5
721,BNE,BKK,730.0,7260.3,84800.2
722,BNE,CAN,365.0,7081.2,41354.2
723,BNE,DPS,1095.0,4487.8,78626.1
724,BNE,DXB,730.0,11979.2,139916.9
725,BNE,HKG,1095.0,6948.0,121728.7
726,BNE,HNL,365.0,7552.4,44106.2
727,BNE,ICN,365.0,7729.6,45140.9
728,BNE,KUL,365.0,6439.6,37607.0
729,BNE,LAX,1460.0,11533.4,269420.1
730,BNE,MEL,1825.0,1380.9,40320.9
731,BNE,SIN,3285.0,6142.7,322860.0
732,BNE,SYD,1825.0,752.8,21982.4
733,BNE,TPE,730.0,6760.0,78957.2
734,BOG,ATL,365.0,3388.7,19790.2
735,BOG,BCN,365.0,8513.4,49718.2
736,BOG,CDG,365.0,8644.7,50485.0
737,BOG,CUN,730.0,2277.7,26604.1
738,BOG,DFW,1095.0,3932.9,68903.9
739,BOG,EWR,730.0,4002.0,46743.4
740,BOG,FLL,1460.0,2460.8,57484.9
741,BOG,FRA,730.0,9087.1,106137.4
742,BOG,GIG,365.0,4541.1,26519.8
743,BOG,GRU,1095.0,4335.9,75964.7
744,BOG,IAD,730.0,3822.2,44643.8
745,BOG,IAH,730.0,3584.9,41872.1
746,BOG,JFK,1460.0,3996.3,93353.9
747,BOG,LIM,730.0,1888.3,22055.2
748,BOG,MAD,730.0,8031.4,93806.5
749,BOG,MCO,1095.0,2744.7,48086.7
750,BOG,MEX,1460.0,3158.9,73792.1
751,BOG,MIA,1825.0,2434.9,71098.9
752,BOG,PTY,730.0,755.1,8819.0
753,BOG,SJU,365.0,1765.3,10309.6
754,BOG,YYZ,730.0,4367.2,51008.9
755,BOM,ADD,730.0,3834.7,44789.2
756,BOM,AMM,365.0,3937.9,22997.4
757,BOM,AMS,730.0,6859.5,80119.1
758,BOM,AUH,1460.0,1970.9,46039.8
759,BOM,BKK,1825.0,3030.6,88493.0
760,BOM,BLR,2190.0,834.2,29229.1
761,BOM,BRU,730.0,6866.1,80195.6
762,BOM,CAI,730.0,4341.4,50707.8
763,BOM,CCU,1825.0,1665.5,48632.3
764,BOM,CDG,365.0,6993.6,40842.8
765,BOM,CMB,1460.0,1525.8,35642.3
766,BOM,CTU,365.0,3372.0,19692.5
767,BOM,DEL,2190.0,1138.2,39883.6
768,BOM,DOH,1095.0,2291.3,40142.9
769,BOM,DXB,1460.0,1926.2,44995.1
770,BOM,EWR,730.0,12545.8,146535.3
771,BOM,FRA,730.0,6568.9,76724.6
772,BOM,HKG,1095.0,4271.9,74843.7
773,BOM,ICN,365.0,5547.9,32399.8
774,BOM,IST,730.0,4834.6,56468.5
775,BOM,JED,1095.0,3518.8,61650.2
776,BOM,JNB,1095.0,6964.0,122009.3
777,BOM,KUL,1095.0,3624.4,63499.0
778,BOM,KWI,730.0,2758.3,32217.3
779,BOM,LHR,1825.0,7213.0,210620.8
780,BOM,MAA,2555.0,1033.4,42245.6
781,BOM,MCT,1460.0,1590.3,37148.3
782,BOM,MUC,730.0,6312.2,73726.2
783,BOM,NBO,730.0,4533.0,52945.4
784,BOM,NRT,730.0,6786.2,79262.7
785,BOM,RUH,1095.0,2770.4,48537.0
786,BOM,SHJ,365.0,1914.1,11178.1
787,BOM,SIN,1095.0,3921.8,68710.2
788,BOM,TLV,365.0,4046.7,23633.0
789,BOM,ZRH,730.0,6539.6,76383.1
790,BOS,AMS,730.0,5547.4,64793.1
791,BOS,ATL,2555.0,1521.6,62201.1
792,BOS,BWI,1095.0,594.1,10407.8
793,BOS,CDG,1095.0,5534.3,96960.4
794,BOS,CLT,1095.0,1170.7,20510.2
795,BOS,CUN,1825.0,2796.2,81648.5
796,BOS,DCA,1095.0,641.5,11238.6
797,BOS,DEN,1095.0,2815.7,49331.6
798,BOS,DFW,1460.0,2509.3,58616.5
799,BOS,DTW,730.0,1015.0,11855.1
800,BOS,DUB,730.0,4802.9,56097.5
801,BOS,DXB,730.0,10702.1,125000.7
802,BOS,EWR,730.0,322.3,3764.5
803,BOS,FCO,730.0,6568.7,76722.2
804,BOS,FLL,730.0,1994.3,23293.5
805,BOS,FRA,730.0,5889.3,68787.2
806,BOS,IAD,730.0,663.5,7750.3
807,BOS,IAH,365.0,2567.6,14995.0
808,BOS,JFK,1460.0,300.2,7012.2
809,BOS,LAS,730.0,3822.7,44648.8
810,BOS,LAX,2555.0,4193.0,171411.0
811,BOS,LGA,1095.0,296.7,5198.0
812,BOS,LHR,3285.0,5239.6,275396.0
813,BOS,LIS,730.0,5124.1,59849.3
814,BOS,MAD,1460.0,5474.4,127881.6
815,BOS,MCO,1460.0,1806.0,42187.6
816,BOS,MDW,730.0,1381.5,16136.0
817,BOS,MIA,730.0,2028.3,23690.3
818,BOS,MSP,730.0,1804.2,21073.4
819,BOS,MSY,730.0,2199.6,25691.0
820,BOS,MUC,730.0,6181.0,72194.4
821,BOS,NRT,730.0,10760.8,125686.0
822,BOS,ORD,1825.0,1391.1,40619.5
823,BOS,PDX,1095.0,4072.3,71347.0
824,BOS,PHL,1095.0,450.1,7886.5
825,BOS,PHX,1095.0,3693.8,64714.9
826,BOS,PTY,730.0,3791.4,44283.9
827,BOS,SAN,1095.0,4155.9,72811.3
828,BOS,SEA,1095.0,4005.5,70176.5
829,BOS,SFO,1095.0,4341.2,76058.6
830,BOS,SJU,365.0,2702.0,15779.6
831,BOS,SLC,365.0,3379.6,19736.6
832,BOS,STL,365.0,1680.6,9814.7
833,BOS,TPA,365.0,1908.5,11145.4
834,BOS,YUL,730.0,409.0,4776.9
835,BOS,YYZ,730.0,715.9,8361.5
836,BOS,ZRH,730.0,6010.0,70196.7
837,BRS,ACE,730.0,2654.2,31000.6
838,BRS,AGP,730.0,1641.5,19172.5
839,BRS,ALC,1095.0,1466.5,25692.6
840,BRS,AMS,1095.0,524.0,9180.4
841,BRS,AYT,365.0,3082.5,18002.1
842,BRS,BCN,365.0,1179.7,6889.7
843,BRS,BRU,365.0,505.2,2950.2
844,BRS,BUD,365.0,1643.0,9595.0
845,BRS,CDG,365.0,458.2,2675.9
846,BRS,CPH,365.0,1117.5,6526.3
847,BRS,DUB,730.0,330.7,3862.7
848,BRS,EDI,365.0,509.7,2976.5
849,BRS,FAO,730.0,1650.4,19277.1
850,BRS,FCO,365.0,1557.1,9093.4
851,BRS,FRA,365.0,808.2,4719.6
852,BRS,GLA,365.0,511.8,2988.7
853,BRS,GVA,365.0,862.2,5035.0
854,BRS,HAM,365.0,894.2,5222.3
855,BRS,HER,365.0,2845.9,16620.0
856,BRS,IBZ,365.0,1427.0,8333.7
857,BRS,LIS,365.0,1487.6,8687.6
858,BRS,LPA,1095.0,2814.8,49314.5
859,BRS,MAD,365.0,1215.0,7095.3
860,BRS,MLA,730.0,2201.3,25711.1
861,BRS,MUC,365.0,1090.6,6369.3
862,BRS,MXP,365.0,1056.4,6169.6
863,BRS,NCE,365.0,1135.6,6632.1
864,BRS,PMI,1825.0,1381.7,40345.7
865,BRS,PRG,365.0,1200.5,7010.8
866,BRS,TFS,1825.0,2841.8,82979.5
867,BRS,ZRH,365.0,922.8,5388.9
868,BRU,ACE,365.0,2870.7,16764.6
869,BRU,AGP,1460.0,1735.5,40540.8
870,BRU,ALC,1460.0,1458.0,34059.2
871,BRU,AMS,365.0,157.7,920.7
872,BRU,ARN,365.0,1287.8,7520.5
873,BRU,ATH,1095.0,2101.4,36817.1
874,BRU,ATL,1095.0,7106.0,124497.5
875,BRU,AUH,1095.0,5166.7,90520.4
876,BRU,AYT,730.0,2597.8,30341.9
877,BRU,BCN,1825.0,1083.8,31646.5
878,BRU,BHX,730.0,462.9,5406.9
879,BRU,BKK,730.0,9262.3,108183.6
880,BRU,BOM,730.0,6866.1,80195.6
881,BRU,BRS,365.0,505.2,2950.2
882,BRU,BUD,365.0,1139.2,6653.1
883,BRU,CAI,730.0,3208.6,37476.6
884,BRU,CDG,730.0,251.5,2937.3
885,BRU,CMN,1095.0,2182.7,38240.3
886,BRU,CPH,1460.0,754.4,17622.4
887,BRU,CTA,730.0,1711.7,19993.1
888,BRU,DEL,730.0,6399.3,74744.0
889,BRU,DME,365.0,2260.7,13202.4
890,BRU,DOH,365.0,4892.4,28571.4
891,BRU,DUB,365.0,784.3,4580.4
892,BRU,EDI,365.0,764.7,4465.8
893,BRU,EWR,1825.0,5907.2,172491.0
894,BRU,FAO,730.0,1832.3,21400.9
895,BRU,FCO,2190.0,1172.5,41086.1
896,BRU,FRA,1095.0,304.8,5340.8
897,BRU,GVA,1460.0,532.1,12429.8
898,BRU,HAM,730.0,481.8,5627.5
899,BRU,HEL,365.0,1646.5,9615.6
900,BRU,HER,1095.0,2395.4,41968.0
901,BRU,IAD,1095.0,6247.0,109447.3
902,BRU,IBZ,1095.0,1359.5,23817.7
903,BRU,IST,365.0,2141.5,12506.3
904,BRU,JFK,2190.0,5885.5,206228.3
905,BRU,KBP,730.0,1854.2,21656.5
906,BRU,LGW,365.0,328.0,1915.8
907,BRU,LHR,1095.0,350.4,6139.6
908,BRU,LIS,2920.0,1717.5,80240.2
909,BRU,LPA,365.0,3050.6,17815.4
910,BRU,LYS,1460.0,577.2,13483.7
911,BRU,MAD,1825.0,1315.6,38415.9
912,BRU,MAN,730.0,535.6,6256.3
913,BRU,MLA,730.0,1853.6,21650.3
914,BRU,MRS,365.0,831.6,4856.6
915,BRU,MUC,730.0,597.0,6972.7
916,BRU,MXP,1460.0,664.7,15527.1
917,BRU,NCE,730.0,831.2,9708.0
918,BRU,OPO,1825.0,1473.4,43023.2
919,BRU,ORD,730.0,6675.2,77966.1
920,BRU,OSL,730.0,1104.1,12895.9
921,BRU,OTP,730.0,1753.7,20483.7
922,BRU,PEK,730.0,7944.9,92796.8
923,BRU,PHL,730.0,6035.5,70494.8
924,BRU,PMI,1460.0,1269.3,29651.2
925,BRU,PRG,1460.0,696.6,16272.1
926,BRU,RIX,730.0,1434.3,16752.3
927,BRU,SAW,365.0,2204.1,12872.0
928,BRU,STR,365.0,419.5,2450.0
929,BRU,SVO,365.0,2229.6,13021.0
930,BRU,TFS,365.0,3094.9,18074.3
931,BRU,TLV,730.0,3251.0,37971.4
932,BRU,TXL,1095.0,633.2,11094.2
933,BRU,VCE,1095.0,835.8,14642.5
934,BRU,VIE,730.0,924.9,10802.7
935,BRU,WAW,365.0,1146.2,6693.8
936,BRU,YUL,1460.0,5553.8,129737.6
937,BRU,YYZ,1095.0,6044.4,105897.9
938,BRU,ZRH,730.0,482.9,5639.9
939,BSB,ATL,365.0,6728.7,39295.6
940,BSB,CDG,365.0,8756.3,51136.8
941,BSB,GIG,1095.0,914.0,16012.8
942,BSB,GRU,1460.0,854.9,19969.7
943,BSB,LIS,365.0,7293.5,42594.2
944,BSB,MIA,1095.0,5807.7,101750.3
945,BSB,PTY,365.0,4437.3,25914.1
946,BUD,AGP,365.0,2283.6,13336.3
947,BUD,AMS,365.0,1169.2,6828.2
948,BUD,ARN,365.0,1361.9,7953.3
949,BUD,ATH,365.0,1122.3,6554.5
950,BUD,BCN,730.0,1522.2,17779.2
951,BUD,BRS,365.0,1643.0,9595.0
952,BUD,BRU,365.0,1139.2,6653.1
953,BUD,CAI,365.0,2187.6,12775.7
954,BUD,CDG,730.0,1247.9,14575.1
955,BUD,CGN,365.0,959.2,5601.7
956,BUD,CPH,730.0,1017.6,11886.1
957,BUD,CTA,365.0,1159.6,6772.1
958,BUD,DOH,365.0,3755.6,21932.7
959,BUD,DUB,730.0,1914.9,22365.6
960,BUD,DUS,365.0,999.8,5838.7
961,BUD,EDI,365.0,1812.8,10586.7
962,BUD,FCO,1095.0,836.4,14654.3
963,BUD,FRA,1095.0,834.9,14627.5
964,BUD,GVA,365.0,1008.0,5886.6
965,BUD,HAM,365.0,949.8,5546.9
966,BUD,HEL,730.0,1479.6,17282.0
967,BUD,IST,365.0,1017.4,5941.4
968,BUD,LGW,730.0,1465.1,17112.7
969,BUD,LHR,1095.0,1489.5,26096.9
970,BUD,LIS,365.0,2480.2,14484.6
971,BUD,LTN,730.0,1491.5,17421.2
972,BUD,MAD,730.0,1974.8,23066.1
973,BUD,MAN,730.0,1654.5,19324.1
974,BUD,MLA,730.0,1346.1,15722.2
975,BUD,MUC,365.0,566.5,3308.3
976,BUD,MXP,365.0,829.5,4844.3
977,BUD,ORY,365.0,1259.8,7357.2
978,BUD,OSL,365.0,1508.1,8807.4
979,BUD,OTP,365.0,615.2,3592.7
980,BUD,PRG,730.0,471.6,5508.2
981,BUD,RIX,365.0,1102.8,6440.3
982,BUD,SAW,365.0,1080.0,6307.0
983,BUD,STN,365.0,1451.3,8475.4
984,BUD,STR,365.0,758.5,4429.9
985,BUD,SVO,365.0,1562.9,9127.1
986,BUD,TLV,730.0,2165.1,25288.1
987,BUD,TXL,365.0,712.0,4158.2
988,BUD,VIE,365.0,214.9,1255.0
989,BUD,WAW,730.0,540.6,6314.4
990,BUD,ZRH,365.0,804.9,4700.5
991,BWI,ATL,2555.0,927.5,37917.5
992,BWI,BOS,1095.0,594.1,10407.8
993,BWI,CLT,1460.0,580.7,13565.3
994,BWI,CUN,365.0,2239.5,13079.0
995,BWI,DEN,1095.0,2393.5,41934.9
996,BWI,DFW,1095.0,1954.8,34247.5
997,BWI,DTW,1095.0,656.7,11506.0
998,BWI,EWR,365.0,271.8,1587.2
999,BWI,FLL,1095.0,1492.7,26152.3
1000,BWI,IAH,365.0,1985.8,11597.0
1001,BWI,JFK,1095.0,295.4,5174.7
1002,BWI,LAS,1095.0,3381.1,59237.2
1003,BWI,LAX,1095.0,3739.9,65523.3
1004,BWI,LHR,1460.0,5833.4,136267.8
1005,BWI,MCO,730.0,1269.0,14821.9
1006,BWI,MDW,730.0,980.5,11452.8
1007,BWI,MIA,730.0,1525.9,17823.0
1008,BWI,MSP,730.0,1503.6,17562.4
1009,BWI,MSY,730.0,1606.2,18760.0
1010,BWI,ORD,1095.0,998.0,17484.4
1011,BWI,PHL,730.0,144.9,1691.9
1012,BWI,PHX,1460.0,3209.7,74979.5
1013,BWI,SAN,730.0,3685.6,43047.9
1014,BWI,SEA,365.0,3748.1,21889.1
1015,BWI,SFO,365.0,3944.4,23035.0
1016,BWI,SJU,730.0,2524.5,29486.3
1017,BWI,SLC,1095.0,2993.5,52446.0
1018,BWI,STL,730.0,1184.5,13834.8
1019,BWI,TPA,730.0,1357.9,15860.3
1020,BWI,YYZ,365.0,558.1,3259.3
1021,CAI,ADD,730.0,2473.5,28891.0
1022,CAI,AMM,1095.0,472.4,8275.9
1023,CAI,AMS,730.0,3287.3,38395.7
1024,CAI,ATH,730.0,1107.2,12931.8
1025,CAI,AUH,730.0,2378.0,27774.7
1026,CAI,BCN,365.0,2906.2,16971.9
1027,CAI,BKK,1095.0,7279.8,127541.5
1028,CAI,BOM,730.0,4341.4,50707.8
1029,CAI,BRU,730.0,3208.6,37476.6
1030,CAI,BUD,365.0,2187.6,12775.7
1031,CAI,CAN,730.0,7991.5,93340.3
1032,CAI,CDG,1095.0,3210.5,56247.2
1033,CAI,CGK,365.0,8948.9,52261.4
1034,CAI,CMN,730.0,3683.7,43026.0
1035,CAI,CPH,730.0,3197.3,37344.3
1036,CAI,DME,365.0,2858.5,16693.7
1037,CAI,DOH,730.0,2057.6,24032.4
1038,CAI,DXB,1095.0,2415.4,42318.6
1039,CAI,FCO,730.0,2150.8,25121.1
1040,CAI,FRA,730.0,2921.7,34125.5
1041,CAI,GVA,730.0,2824.4,32989.0
1042,CAI,IST,730.0,1263.0,14751.3
1043,CAI,JED,1095.0,1216.7,21316.0
1044,CAI,JFK,730.0,9016.5,105312.3
1045,CAI,JNB,730.0,6265.0,73175.1
1046,CAI,KWI,1095.0,1601.9,28065.4
1047,CAI,LHR,730.0,3532.6,41261.3
1048,CAI,MAD,365.0,3349.6,19561.9
1049,CAI,MAN,365.0,3743.8,21863.8
1050,CAI,MCT,730.0,2756.1,32190.9
1051,CAI,MUC,730.0,2623.2,30638.6
1052,CAI,MXP,730.0,2616.8,30563.9
1053,CAI,NBO,365.0,3544.8,20701.7
1054,CAI,PEK,730.0,7532.9,87984.1
1055,CAI,RUH,1095.0,1611.7,28237.3
1056,CAI,SHJ,730.0,2427.4,28351.9
1057,CAI,SVO,365.0,2913.1,17012.4
1058,CAI,TLV,365.0,392.5,2292.1
1059,CAI,VIE,730.0,2365.4,27627.7
1060,CAI,YYZ,365.0,9228.3,53893.0
1061,CAI,ZRH,730.0,2744.7,32058.6
1062,CAN,ADD,1095.0,8038.1,140827.1
1063,CAN,AKL,365.0,9300.1,54312.5
1064,CAN,AMS,730.0,9139.7,106752.2
1065,CAN,BKK,2190.0,1706.1,59782.9
1066,CAN,BNE,365.0,7081.2,41354.2
1067,CAN,CAI,730.0,7991.5,93340.3
1068,CAN,CDG,730.0,9456.2,110448.5
1069,CAN,CGK,730.0,3360.6,39252.1
1070,CAN,CGO,1460.0,1238.4,28929.4
1071,CAN,CKG,2920.0,965.6,45114.7
1072,CAN,CSX,365.0,533.4,3115.3
1073,CAN,CTU,2190.0,1222.6,42840.9
1074,CAN,DEL,365.0,3649.7,21314.2
1075,CAN,DLC,365.0,1898.7,11088.2
1076,CAN,DOH,365.0,6196.9,36189.9
1077,CAN,DPS,365.0,3579.6,20905.1
1078,CAN,DXB,730.0,5827.3,68062.5
1079,CAN,FOC,1095.0,702.4,12305.4
1080,CAN,HAK,1825.0,483.6,14122.1
1081,CAN,HGH,4380.0,1038.4,72768.0
1082,CAN,HKG,1095.0,136.0,2382.9
1083,CAN,HRB,1095.0,2733.8,47896.9
1084,CAN,ICN,1095.0,2005.5,35136.0
1085,CAN,IST,730.0,7882.1,92063.0
1086,CAN,JED,365.0,7526.1,43952.5
1087,CAN,KIX,730.0,2455.2,28677.1
1088,CAN,KMG,1825.0,1068.1,31188.5
1089,CAN,KUL,1095.0,2612.7,45774.9
1090,CAN,KWE,1460.0,742.4,17342.9
1091,CAN,KWL,365.0,387.7,2264.3
1092,CAN,LAX,730.0,11618.4,135702.4
1093,CAN,LHR,365.0,9495.8,55455.7
1094,CAN,MEL,365.0,7548.5,44083.1
1095,CAN,MNL,1095.0,1278.0,22390.4
1096,CAN,NBO,730.0,8678.7,101367.4
1097,CAN,NKG,2190.0,1077.8,37766.2
1098,CAN,NNG,1095.0,531.9,9319.5
1099,CAN,NRT,2190.0,2944.4,103172.8
1100,CAN,PEK,1460.0,1881.0,43941.0
1101,CAN,PVG,2190.0,1203.1,42156.2
1102,CAN,RUH,365.0,6686.5,39049.0
1103,CAN,SGN,730.0,1565.6,18286.4
1104,CAN,SHA,2555.0,1175.6,48058.5
1105,CAN,SHE,1460.0,2238.5,52291.1
1106,CAN,SIN,1460.0,2648.4,61867.1
1107,CAN,SVO,730.0,7003.1,81796.0
1108,CAN,SYD,365.0,7529.2,43970.5
1109,CAN,SYX,1095.0,695.2,12179.4
1110,CAN,TAO,1825.0,1584.6,46269.7
1111,CAN,TNA,1825.0,1543.5,45068.8
1112,CAN,TPE,1460.0,825.9,19292.0
1113,CAN,TSN,1825.0,1790.6,52284.4
1114,CAN,TYN,1095.0,1597.4,27986.9
1115,CAN,URC,1095.0,3277.8,57427.4
1116,CAN,WUH,1825.0,826.8,24142.1
1117,CAN,XIY,1825.0,1306.0,38135.5
1118,CAN,XMN,2190.0,507.1,17767.3
1119,CAN,YVR,365.0,10203.0,59585.5
1120,CCU,BKK,730.0,1636.8,19118.3
1121,CCU,BLR,1825.0,1546.8,45167.7
1122,CCU,BOM,1825.0,1665.5,48632.3
1123,CCU,DEL,2190.0,1312.7,45996.3
1124,CCU,DOH,365.0,3743.0,21859.1
1125,CCU,DXB,365.0,3365.8,19656.3
1126,CCU,HKG,730.0,2613.8,30529.1
1127,CCU,KMG,365.0,1496.7,8740.5
1128,CCU,KUL,365.0,2635.6,15391.8
1129,CCU,MAA,1095.0,1385.7,24277.6
1130,CCU,SIN,1460.0,2904.0,67836.6
1131,CDG,ADD,365.0,5580.7,32591.4
1132,CDG,AGP,1095.0,1485.8,26031.5
1133,CDG,AMM,730.0,3381.2,39492.9
1134,CDG,AMS,1095.0,398.3,6977.7
1135,CDG,ARN,1095.0,1539.2,26966.0
1136,CDG,ATH,1460.0,2108.7,49258.1
1137,CDG,ATL,1460.0,7055.7,164821.8
1138,CDG,AUH,730.0,5251.9,61341.7
1139,CDG,BCN,1825.0,858.7,25075.1
1140,CDG,BHX,730.0,487.6,5694.9
1141,CDG,BKK,1095.0,9448.2,165533.3
1142,CDG,BLR,365.0,7824.9,45697.1
1143,CDG,BOG,365.0,8644.7,50485.0
1144,CDG,BOM,365.0,6993.6,40842.8
1145,CDG,BOS,1095.0,5534.3,96960.4
1146,CDG,BRS,365.0,458.2,2675.9
1147,CDG,BRU,730.0,251.5,2937.3
1148,CDG,BSB,365.0,8756.3,51136.8
1149,CDG,BUD,730.0,1247.9,14575.1
1150,CDG,CAI,1095.0,3210.5,56247.2
1151,CDG,CAN,730.0,9456.2,110448.5
1152,CDG,CLT,730.0,6701.1,78268.7
1153,CDG,CMB,365.0,8482.8,49539.7
1154,CDG,CMN,2190.0,1931.5,67680.5
1155,CDG,CPH,1460.0,1003.7,23446.4
1156,CDG,CTA,1095.0,1631.4,28582.8
1157,CDG,CUN,365.0,8218.8,47997.9
1158,CDG,DEL,730.0,6565.4,76683.6
1159,CDG,DFW,2190.0,7944.1,278359.7
1160,CDG,DOH,365.0,4969.2,29020.1
1161,CDG,DTW,1095.0,6359.1,111410.9
1162,CDG,DUB,1095.0,785.0,13752.6
1163,CDG,DUS,1095.0,392.8,6881.3
1164,CDG,DXB,1095.0,5238.6,91780.6
1165,CDG,EDI,1460.0,868.7,20292.3
1166,CDG,EWR,1460.0,5856.6,136809.4
1167,CDG,FAO,365.0,1581.3,9234.5
1168,CDG,FCO,1095.0,1100.7,19284.2
1169,CDG,FRA,730.0,449.0,5244.4
1170,CDG,GIG,365.0,9184.3,53636.2
1171,CDG,GLA,365.0,896.6,5236.3
1172,CDG,GRU,730.0,9405.2,109852.7
1173,CDG,GVA,730.0,407.7,4762.4
1174,CDG,HAM,1095.0,727.8,12751.9
1175,CDG,HEL,1095.0,1895.6,33210.2
1176,CDG,HER,365.0,2389.8,13956.7
1177,CDG,HKG,1095.0,9590.1,168017.8
1178,CDG,HND,1095.0,9706.8,170063.6
1179,CDG,IAD,1825.0,6197.5,180968.3
1180,CDG,IAH,1095.0,8071.3,141410.0
1181,CDG,ICN,1095.0,8926.6,156394.1
1182,CDG,IST,1095.0,2213.6,38782.7
1183,CDG,JED,730.0,4427.1,51708.6
1184,CDG,JFK,4015.0,5833.6,374753.7
1185,CDG,JNB,730.0,8737.5,102054.2
1186,CDG,KBP,730.0,2032.4,23738.5
1187,CDG,KIX,365.0,9625.6,56213.4
1188,CDG,KUL,1095.0,10442.0,182943.2
1189,CDG,LAX,1460.0,9102.5,212634.5
1190,CDG,LED,730.0,2132.9,24911.9
1191,CDG,LGW,365.0,307.5,1796.0
1192,CDG,LHR,1095.0,347.2,6082.4
1193,CDG,LIM,730.0,10276.0,120024.1
1194,CDG,LIS,1095.0,1470.0,25753.8
1195,CDG,LPA,365.0,2800.9,16357.1
1196,CDG,LTN,365.0,379.4,2215.5
1197,CDG,LYS,1825.0,412.2,12035.7
1198,CDG,MAD,1095.0,1064.5,18650.3
1199,CDG,MAN,1460.0,588.0,13735.6
1200,CDG,MCT,365.0,5578.4,32577.8
1201,CDG,MEX,1095.0,9198.9,161165.1
1202,CDG,MIA,3285.0,7371.5,387444.6
1203,CDG,MLA,730.0,1755.4,20503.5
1204,CDG,MRS,1095.0,652.8,11437.4
1205,CDG,MSP,730.0,6774.8,79129.1
1206,CDG,MUC,730.0,681.6,7960.7
1207,CDG,MXP,730.0,598.3,6987.6
1208,CDG,NBO,730.0,6495.1,75863.2
1209,CDG,NCE,730.0,694.5,8112.0
1210,CDG,NRT,1095.0,9709.9,170118.0
1211,CDG,OPO,365.0,1231.1,7189.9
1212,CDG,ORD,3650.0,6664.2,389189.7
1213,CDG,OSL,1095.0,1348.7,23629.5
1214,CDG,OTP,730.0,1850.1,21609.6
1215,CDG,PEK,1460.0,8188.7,191289.1
1216,CDG,PHL,1460.0,5984.1,139789.4
1217,CDG,PRG,1825.0,852.4,24889.2
1218,CDG,PTY,365.0,8660.3,50575.9
1219,CDG,PVG,1095.0,9266.4,162348.0
1220,CDG,RIX,730.0,1672.1,19530.0
1221,CDG,RUH,730.0,4650.7,54320.4
1222,CDG,SAW,365.0,2275.4,13288.5
1223,CDG,SEA,1095.0,8049.2,141021.2
1224,CDG,SFO,1460.0,8962.2,209357.2
1225,CDG,SGN,1095.0,10104.9,177037.5
1226,CDG,SIN,730.0,10724.6,125263.3
1227,CDG,SLC,730.0,8153.2,95229.3
1228,CDG,STR,730.0,489.3,5715.4
1229,CDG,SVO,730.0,2453.6,28658.4
1230,CDG,SVX,365.0,3877.0,22641.7
1231,CDG,TFS,365.0,2846.5,16623.8
1232,CDG,TLV,1095.0,3284.2,57539.6
1233,CDG,TPE,365.0,9785.7,57148.4
1234,CDG,TXL,1095.0,850.5,14900.7
1235,CDG,VCE,1095.0,835.3,14635.2
1236,CDG,VIE,1460.0,1035.1,24179.7
1237,CDG,WAW,730.0,1342.5,15680.3
1238,CDG,WUH,365.0,8865.0,51771.6
1239,CDG,YUL,2190.0,5523.5,193542.8
1240,CDG,YYZ,2190.0,6019.8,210935.5
1241,CDG,ZRH,730.0,476.3,5563.3
1242,CGK,AUH,1095.0,6574.7,115188.6
1243,CGK,BKK,1095.0,2297.0,40242.9
1244,CGK,CAI,365.0,8948.9,52261.4
1245,CGK,CAN,730.0,3360.6,39252.1
1246,CGK,CMB,730.0,3318.2,38756.4
1247,CGK,DOH,365.0,6893.6,40258.5
1248,CGK,DPS,2555.0,982.6,40168.3
1249,CGK,DXB,730.0,6547.1,76469.9
1250,CGK,FOC,730.0,3831.5,44752.1
1251,CGK,HKG,1460.0,3259.0,76131.4
1252,CGK,HND,730.0,5784.0,67556.8
1253,CGK,ICN,1095.0,5264.3,92230.9
1254,CGK,JED,1460.0,7971.5,186213.6
1255,CGK,KIX,730.0,5416.7,63267.6
1256,CGK,KUL,3650.0,1129.0,65933.5
1257,CGK,MEL,365.0,5210.6,30429.7
1258,CGK,MNL,1095.0,2788.1,48848.3
1259,CGK,NRT,1095.0,5838.9,102298.0
1260,CGK,PEK,365.0,5237.7,30588.0
1261,CGK,PVG,730.0,4446.0,51928.9
1262,CGK,RUH,365.0,7342.1,42877.6
1263,CGK,SGN,365.0,1884.1,11003.3
1264,CGK,SIN,3650.0,882.2,51522.7
1265,CGK,SYD,1095.0,5518.9,96691.5
1266,CGK,TPE,1095.0,3811.2,66772.0
1267,CGK,XMN,1095.0,3629.7,63591.6
1268,CGN,ACE,365.0,2989.9,17461.0
1269,CGN,AGP,1095.0,1829.1,32045.5
1270,CGN,ALC,365.0,1524.4,8902.5
1271,CGN,AMS,730.0,229.6,2682.2
1272,CGN,ARN,365.0,1188.8,6942.4
1273,CGN,ATH,365.0,1952.7,11403.7
1274,CGN,AYT,1825.0,2432.1,71016.8
1275,CGN,BCN,365.0,1132.7,6615.2
1276,CGN,BHX,365.0,637.7,3724.2
1277,CGN,BUD,365.0,959.2,5601.7
1278,CGN,CTA,365.0,1616.2,9438.4
1279,CGN,DME,365.0,2094.6,12232.5
1280,CGN,DUB,365.0,956.7,5587.0
1281,CGN,EDI,365.0,895.8,5231.5
1282,CGN,FAO,730.0,1950.5,22782.0
1283,CGN,FCO,365.0,1080.7,6311.1
1284,CGN,HAM,365.0,363.3,2121.5
1285,CGN,HER,730.0,2251.4,26296.8
1286,CGN,IBZ,730.0,1407.8,16443.6
1287,CGN,IST,365.0,1967.6,11491.0
1288,CGN,LGW,365.0,513.8,3000.7
1289,CGN,LHR,365.0,534.2,3119.8
1290,CGN,LIS,365.0,1850.5,10806.7
1291,CGN,LPA,1460.0,3174.6,74159.4
1292,CGN,MAN,365.0,699.4,4084.6
1293,CGN,MUC,1095.0,435.7,7633.5
1294,CGN,MXP,365.0,593.8,3467.9
1295,CGN,NCE,365.0,801.5,4680.5
1296,CGN,OSL,365.0,1057.7,6176.9
1297,CGN,PMI,1825.0,1303.9,38074.4
1298,CGN,PRG,365.0,510.5,2981.3
1299,CGN,SAW,1095.0,2030.3,35571.6
1300,CGN,STN,365.0,492.5,2876.0
1301,CGN,TFS,1460.0,3223.9,75309.3
1302,CGN,TLV,365.0,3088.0,18033.8
1303,CGN,TXL,1825.0,463.2,13524.7
1304,CGN,VCE,365.0,709.8,4145.4
1305,CGN,VIE,1095.0,746.0,13069.7
1306,CGN,WAW,365.0,965.9,5641.0
1307,CGN,ZRH,730.0,391.8,4575.7
1308,CGO,BKK,365.0,2665.1,15564.4
1309,CGO,CAN,1460.0,1238.4,28929.4
1310,CGO,CKG,2190.0,862.4,30220.2
1311,CGO,CTU,1825.0,1025.0,29930.8
1312,CGO,DLC,2190.0,845.0,29608.4
1313,CGO,FOC,1460.0,1105.8,25831.8
1314,CGO,HAK,1825.0,1655.5,48341.8
1315,CGO,HGH,3650.0,781.3,45627.3
1316,CGO,HKG,1095.0,1357.8,23788.6
1317,CGO,HRB,2555.0,1620.7,66253.4
1318,CGO,ICN,730.0,1179.8,13780.5
1319,CGO,KMG,2555.0,1483.0,60623.8
1320,CGO,KWE,2555.0,1113.8,45533.4
1321,CGO,KWL,2190.0,1097.1,38441.2
1322,CGO,NKG,365.0,560.2,3271.7
1323,CGO,NNG,1460.0,1434.8,33516.8
1324,CGO,PEK,1095.0,664.1,11635.4
1325,CGO,PVG,1095.0,833.1,14595.5
1326,CGO,SHA,1095.0,791.2,13862.0
1327,CGO,SHE,1095.0,1155.8,20249.1
1328,CGO,SYX,1825.0,1855.8,54188.5
1329,CGO,SZX,1460.0,1321.0,30859.6
1330,CGO,TAO,1825.0,623.1,18193.4
1331,CGO,TNA,730.0,400.5,4678.2
1332,CGO,TPE,1095.0,1268.3,22220.6
1333,CGO,TSN,1460.0,599.5,14003.3
1334,CGO,URC,3285.0,2485.6,130643.9
1335,CGO,XMN,1825.0,1183.9,34569.4
1336,CKG,BKK,730.0,1883.5,21999.5
1337,CKG,CAN,2920.0,965.6,45114.7
1338,CKG,CGO,2190.0,862.4,30220.2
1339,CKG,CSX,2190.0,662.1,23200.9
1340,CKG,CTU,365.0,276.2,1612.9
1341,CKG,DLC,365.0,1707.2,9970.2
1342,CKG,DOH,365.0,5400.6,31539.4
1343,CKG,FOC,1095.0,1346.8,23596.3
1344,CKG,HAK,1825.0,1153.9,33693.4
1345,CKG,HEL,365.0,6723.5,39265.4
1346,CKG,HGH,2190.0,1328.9,46563.9
1347,CKG,HKG,1825.0,1098.1,32063.9
1348,CKG,ICN,730.0,2021.6,23611.8
1349,CKG,KMG,3285.0,630.7,33149.3
1350,CKG,KWE,1825.0,354.0,10337.4
1351,CKG,KWL,2190.0,602.3,21103.0
1352,CKG,NKG,1825.0,1188.8,34712.0
1353,CKG,NNG,1460.0,805.3,18811.2
1354,CKG,PEK,2190.0,1464.0,51298.9
1355,CKG,PVG,2555.0,1461.2,59734.3
1356,CKG,SHA,2555.0,1416.9,57923.3
1357,CKG,SHE,365.0,2010.9,11743.7
1358,CKG,SIN,730.0,3166.9,36989.4
1359,CKG,SYD,365.0,8485.0,49552.2
1360,CKG,SYX,1825.0,1300.1,37962.3
1361,CKG,SZX,2190.0,1063.1,37252.6
1362,CKG,TAO,1095.0,1471.0,25771.4
1363,CKG,TNA,1825.0,1261.9,36846.2
1364,CKG,TPE,730.0,1528.7,17854.9
1365,CKG,TSN,2555.0,1432.3,58553.6
1366,CKG,TYN,1095.0,1049.7,18391.5
1367,CKG,URC,2190.0,2313.2,81052.9
1368,CKG,WUH,2190.0,736.2,25795.0
1369,CKG,XIY,3650.0,562.0,32821.0
1370,CKG,XMN,1825.0,1273.0,37172.8
1371,CLT,ATL,2920.0,364.6,17032.6
1372,CLT,BOS,1095.0,1170.7,20510.2
1373,CLT,BWI,1460.0,580.7,13565.3
1374,CLT,CDG,730.0,6701.1,78268.7
1375,CLT,CUN,730.0,1679.5,19616.1
1376,CLT,DCA,730.0,532.6,6221.2
1377,CLT,DEN,730.0,2148.2,25091.0
1378,CLT,DFW,730.0,1503.2,17557.5
1379,CLT,DTW,1095.0,805.7,14115.8
1380,CLT,DUB,730.0,5973.2,69767.3
1381,CLT,EWR,1095.0,850.3,14897.0
1382,CLT,FCO,730.0,7725.8,90237.3
1383,CLT,FLL,730.0,1019.3,11905.1
1384,CLT,FRA,730.0,7059.5,82454.6
1385,CLT,GIG,365.0,7576.5,44246.5
1386,CLT,GRU,730.0,7464.4,87184.3
1387,CLT,IAD,1095.0,517.4,9064.3
1388,CLT,IAH,1095.0,1466.9,25700.0
1389,CLT,JFK,1460.0,870.5,20335.6
1390,CLT,LAS,730.0,3076.6,35934.5
1391,CLT,LAX,730.0,3412.5,39858.4
1392,CLT,LGA,1095.0,874.9,15328.7
1393,CLT,LHR,730.0,6409.1,74858.8
1394,CLT,MCO,1460.0,755.2,17641.5
1395,CLT,MDW,730.0,940.1,10980.9
1396,CLT,MEX,730.0,2498.6,29183.5
1397,CLT,MIA,730.0,1049.4,12257.0
1398,CLT,MSP,1095.0,1496.1,26211.2
1399,CLT,MSY,730.0,1047.2,12231.5
1400,CLT,MUC,365.0,7350.7,42927.9
1401,CLT,ORD,1095.0,964.6,16899.4
1402,CLT,PDX,730.0,3664.5,42801.3
1403,CLT,PHL,730.0,721.5,8426.8
1404,CLT,PHX,730.0,2848.4,33269.1
1405,CLT,SAN,730.0,3335.4,38957.2
1406,CLT,SEA,730.0,3660.4,42753.5
1407,CLT,SFO,730.0,3687.0,43063.8
1408,CLT,SJU,730.0,2376.3,27755.2
1409,CLT,SLC,1095.0,2773.6,48593.4
1410,CLT,STL,730.0,924.4,10796.7
1411,CLT,TPA,730.0,818.8,9563.7
1412,CLT,YUL,730.0,1292.3,15093.6
1413,CLT,YYZ,1095.0,947.8,16604.6
1414,CMB,AUH,1825.0,3300.1,96363.2
1415,CMB,BKK,1460.0,2391.6,55867.3
1416,CMB,BLR,730.0,710.2,8295.4
1417,CMB,BOM,1460.0,1525.8,35642.3
1418,CMB,CDG,365.0,8482.8,49539.7
1419,CMB,CGK,730.0,3318.2,38756.4
1420,CMB,DEL,1095.0,2395.9,41975.3
1421,CMB,DME,365.0,6511.3,38026.3
1422,CMB,DOH,730.0,3612.5,42194.5
1423,CMB,DXB,1095.0,3288.2,57608.5
1424,CMB,FCO,1095.0,7629.7,133672.0
1425,CMB,FRA,365.0,8066.4,47108.0
1426,CMB,ICN,365.0,5767.9,33684.4
1427,CMB,JED,1095.0,4653.7,81533.7
1428,CMB,KMG,365.0,3156.2,18431.9
1429,CMB,KUL,1460.0,2466.9,57626.7
1430,CMB,KWI,1095.0,4142.1,72569.4
1431,CMB,LHR,365.0,8715.4,50898.0
1432,CMB,MAA,1460.0,646.7,15107.2
1433,CMB,MCT,1095.0,2939.9,51507.7
1434,CMB,NRT,365.0,6894.1,40261.8
1435,CMB,PEK,365.0,5163.7,30155.9
1436,CMB,PVG,365.0,5098.8,29776.9
1437,CMB,RUH,1095.0,4040.5,70789.1
1438,CMB,SHJ,1095.0,3280.0,57466.1
1439,CMB,SIN,1825.0,2749.7,80291.5
1440,CMN,AGP,730.0,463.0,5408.4
1441,CMN,AMS,730.0,2327.1,27180.6
1442,CMN,ARN,365.0,3467.9,20252.7
1443,CMN,AUH,1095.0,6052.8,106044.6
1444,CMN,BCN,1460.0,1226.5,28651.4
1445,CMN,BRU,1095.0,2182.7,38240.3
1446,CMN,CAI,730.0,3683.7,43026.0
1447,CMN,CDG,2190.0,1931.5,67680.5
1448,CMN,DOH,365.0,5734.4,33489.1
1449,CMN,DXB,365.0,6080.5,35510.1
1450,CMN,FCO,730.0,1976.2,23082.3
1451,CMN,FRA,730.0,2277.2,26598.2
1452,CMN,GRU,365.0,7539.7,44032.1
1453,CMN,GVA,365.0,1843.1,10763.9
1454,CMN,IST,730.0,3305.4,38606.8
1455,CMN,JED,1095.0,4747.4,83175.3
1456,CMN,JFK,365.0,5795.0,33842.6
1457,CMN,LGW,730.0,2066.2,24133.2
1458,CMN,LHR,365.0,2093.8,12228.0
1459,CMN,LIS,730.0,617.8,7215.7
1460,CMN,LPA,730.0,959.4,11206.1
1461,CMN,LYS,1095.0,1747.2,30611.2
1462,CMN,MAD,730.0,867.1,10127.2
1463,CMN,MRS,365.0,1577.7,9213.9
1464,CMN,MUC,365.0,2317.7,13535.5
1465,CMN,MXP,730.0,1947.2,22743.2
1466,CMN,NCE,365.0,1718.2,10034.5
1467,CMN,ORY,365.0,1897.4,11080.6
1468,CMN,RUH,365.0,5295.2,30923.8
1469,CMN,SAW,365.0,3349.8,19563.0
1470,CMN,SVO,730.0,4243.4,49563.1
1471,CMN,TXL,365.0,2706.9,15808.6
1472,CMN,YUL,365.0,5674.4,33138.3
1473,CMN,ZRH,365.0,2070.9,12094.3
1474,CPH,AGP,1460.0,2471.5,57735.3
1475,CPH,ALC,1095.0,2164.5,37922.7
1476,CPH,AMS,2190.0,633.4,22193.8
1477,CPH,ARN,1095.0,546.8,9579.1
1478,CPH,ATH,730.0,2139.5,24988.8
1479,CPH,AYT,365.0,2489.1,14536.2
1480,CPH,BCN,1460.0,1768.6,41313.9
1481,CPH,BHX,365.0,1002.0,5851.6
1482,CPH,BKK,730.0,8637.0,100879.6
1483,CPH,BRS,365.0,1117.5,6526.3
1484,CPH,BRU,1460.0,754.4,17622.4
1485,CPH,BUD,730.0,1017.6,11886.1
1486,CPH,CAI,730.0,3197.3,37344.3
1487,CPH,CDG,1460.0,1003.7,23446.4
1488,CPH,CMN,365.0,2925.7,17086.0
1489,CPH,CTA,365.0,2026.4,11834.2
1490,CPH,DOH,365.0,4609.7,26920.5
1491,CPH,DUB,1095.0,1241.5,21751.9
1492,CPH,DUS,1460.0,619.0,14459.6
1493,CPH,DXB,730.0,4818.4,56278.7
1494,CPH,EDI,730.0,1000.6,11687.5
1495,CPH,EWR,365.0,6206.8,36247.8
1496,CPH,FAO,365.0,2584.2,15091.9
1497,CPH,FCO,1460.0,1536.7,35898.4
1498,CPH,FLL,365.0,7811.8,45620.8
1499,CPH,FRA,1460.0,678.7,15853.3
1500,CPH,GVA,1460.0,1138.3,26589.5
1501,CPH,HAM,730.0,279.8,3268.5
1502,CPH,HEL,1095.0,892.1,15630.2
1503,CPH,IAD,365.0,6539.3,38189.3
1504,CPH,IST,730.0,1977.9,23102.0
1505,CPH,JFK,365.0,6188.7,36141.9
1506,CPH,LAX,365.0,9028.5,52726.6
1507,CPH,LED,365.0,1140.1,6658.2
1508,CPH,LGW,730.0,984.2,11495.3
1509,CPH,LHR,1095.0,979.6,17162.8
1510,CPH,LIS,1095.0,2471.8,43306.0
1511,CPH,LPA,365.0,3804.5,22218.5
1512,CPH,MAD,1095.0,2060.3,36095.6
1513,CPH,MAN,1095.0,994.6,17425.3
1514,CPH,MLA,365.0,2201.6,12857.4
1515,CPH,MUC,730.0,809.9,9459.7
1516,CPH,MXP,730.0,1144.1,13363.2
1517,CPH,NCE,730.0,1385.3,16180.0
1518,CPH,NRT,365.0,8712.0,50878.4
1519,CPH,ORD,365.0,6853.7,40025.7
1520,CPH,ORY,365.0,1036.6,6053.7
1521,CPH,OSL,2190.0,509.6,17856.7
1522,CPH,OTP,365.0,1552.1,9064.2
1523,CPH,PEK,730.0,7194.3,84029.5
1524,CPH,PMI,1095.0,1930.6,33824.3
1525,CPH,PRG,1460.0,622.8,14548.8
1526,CPH,PVG,365.0,8277.1,48338.3
1527,CPH,RIX,1095.0,712.7,12486.0
1528,CPH,SAW,365.0,2037.8,11901.0
1529,CPH,SFO,365.0,8807.1,51433.7
1530,CPH,SIN,730.0,9967.6,116422.0
1531,CPH,STN,365.0,914.3,5339.6
1532,CPH,STR,365.0,804.9,4700.9
1533,CPH,SVO,730.0,1539.8,17985.3
1534,CPH,TLV,730.0,3143.5,36716.1
1535,CPH,TXL,1825.0,342.5,10002.1
1536,CPH,VCE,1460.0,1124.7,26272.3
1537,CPH,VIE,1825.0,876.6,25597.9
1538,CPH,WAW,1095.0,665.6,11661.3
1539,CPH,YYZ,1095.0,6269.5,109840.8
1540,CPH,ZRH,730.0,949.6,11091.5
1541,CSX,BKK,365.0,2065.6,12063.1
1542,CSX,CAN,365.0,533.4,3115.3
1543,CSX,CKG,2190.0,662.1,23200.9
1544,CSX,CTU,2190.0,936.6,32817.4
1545,CSX,DLC,365.0,1423.2,8311.4
1546,CSX,FOC,2190.0,685.3,24013.8
1547,CSX,HAK,1460.0,959.6,22415.7
1548,CSX,HGH,1825.0,735.8,21486.1
1549,CSX,HKG,730.0,657.6,7680.5
1550,CSX,HRB,365.0,2251.7,13150.0
1551,CSX,ICN,1460.0,1607.3,37547.6
1552,CSX,KMG,2920.0,1078.4,50381.4
1553,CSX,KWE,2190.0,659.8,23120.4
1554,CSX,NKG,2190.0,671.7,23537.1
1555,CSX,NNG,1460.0,801.1,18714.9
1556,CSX,PEK,1825.0,1357.7,39644.6
1557,CSX,PVG,1095.0,891.8,15624.5
1558,CSX,SHA,1825.0,852.0,24879.6
1559,CSX,SHE,365.0,1761.2,10285.6
1560,CSX,SIN,730.0,3141.4,36691.6
1561,CSX,SYX,1825.0,1165.9,34043.3
1562,CSX,SZX,730.0,620.0,7241.2
1563,CSX,TAO,1460.0,1121.4,26196.8
1564,CSX,TNA,1460.0,1033.8,24149.5
1565,CSX,TPE,1460.0,868.1,20278.5
1566,CSX,TSN,1825.0,1274.1,37203.3
1567,CSX,TYN,1095.0,1064.2,18644.7
1568,CSX,URC,730.0,2879.8,33635.8
1569,CSX,XIY,2555.0,814.8,33310.1
1570,CSX,XMN,2920.0,635.0,29666.8
1571,CTA,AMS,1095.0,1834.9,32147.0
1572,CTA,ARN,365.0,2475.2,14455.4
1573,CTA,BCN,730.0,1193.3,13937.4
1574,CTA,BRU,730.0,1711.7,19993.1
1575,CTA,BUD,365.0,1159.6,6772.1
1576,CTA,CDG,1095.0,1631.4,28582.8
1577,CTA,CGN,365.0,1616.2,9438.4
1578,CTA,CPH,365.0,2026.4,11834.2
1579,CTA,DUB,365.0,2414.2,14098.7
1580,CTA,DUS,2190.0,1670.0,58517.1
1581,CTA,FCO,2190.0,539.2,18893.3
1582,CTA,FRA,730.0,1490.1,17404.9
1583,CTA,GVA,730.0,1223.7,14293.1
1584,CTA,HAM,730.0,1839.1,21480.9
1585,CTA,LGW,2190.0,1938.2,67915.6
1586,CTA,LTN,365.0,2005.2,11710.5
1587,CTA,LYS,730.0,1236.1,14437.9
1588,CTA,MAD,365.0,1641.5,9586.5
1589,CTA,MAN,730.0,2213.1,25849.1
1590,CTA,MLA,1095.0,186.5,3267.4
1591,CTA,MRS,365.0,1064.1,6214.1
1592,CTA,MUC,1825.0,1239.4,36190.2
1593,CTA,MXP,1095.0,1049.1,18379.8
1594,CTA,ORY,365.0,1616.6,9441.0
1595,CTA,OTP,365.0,1214.0,7089.9
1596,CTA,STR,1825.0,1334.2,38957.6
1597,CTA,SVO,730.0,2646.9,30915.6
1598,CTA,TXL,2190.0,1683.9,59005.0
1599,CTA,VCE,1095.0,921.8,16150.7
1600,CTA,VIE,1095.0,1189.8,20844.9
1601,CTA,ZRH,1095.0,1232.5,21593.0
1602,CTU,AMS,730.0,7942.1,92763.3
1603,CTU,AUH,1095.0,4871.8,85354.3
1604,CTU,BKK,730.0,1907.3,22277.1
1605,CTU,BOM,365.0,3372.0,19692.5
1606,CTU,CAN,2190.0,1222.6,42840.9
1607,CTU,CGO,1825.0,1025.0,29930.8
1608,CTU,CKG,365.0,276.2,1612.9
1609,CTU,CSX,2190.0,936.6,32817.4
1610,CTU,DOH,365.0,5130.9,29964.3
1611,CTU,FOC,1460.0,1621.8,37885.3
1612,CTU,FRA,730.0,7810.4,91225.2
1613,CTU,HAK,1825.0,1351.8,39473.3
1614,CTU,HGH,3285.0,1580.2,83056.5
1615,CTU,HKG,2190.0,1351.7,47362.0
1616,CTU,HRB,730.0,2554.6,29838.3
1617,CTU,ICN,1095.0,2204.2,38617.7
1618,CTU,KMG,3285.0,617.1,32436.0
1619,CTU,KUL,365.0,3103.8,18126.3
1620,CTU,KWE,2190.0,528.6,18522.7
1621,CTU,KWL,1825.0,844.5,24658.5
1622,CTU,LHR,365.0,8302.0,48483.8
1623,CTU,MEL,365.0,8697.4,50793.1
1624,CTU,NKG,1825.0,1424.0,41579.5
1625,CTU,NNG,1095.0,980.5,17178.5
1626,CTU,NRT,730.0,3420.2,39948.4
1627,CTU,PEK,2190.0,1556.1,54524.5
1628,CTU,PVG,2555.0,1703.9,69654.9
1629,CTU,SHA,2555.0,1659.1,67822.2
1630,CTU,SHE,1095.0,2134.8,37402.1
1631,CTU,SIN,1095.0,3250.0,56940.8
1632,CTU,SYX,1825.0,1472.2,42987.5
1633,CTU,SZX,2555.0,1318.3,53891.0
1634,CTU,TAO,1825.0,1647.7,48113.0
1635,CTU,TNA,2920.0,1409.9,65872.9
1636,CTU,TPE,1095.0,1804.1,31607.2
1637,CTU,TSN,2190.0,1545.6,54157.6
1638,CTU,TYN,1825.0,1127.4,32918.8
1639,CTU,URC,1825.0,2071.5,60487.7
1640,CTU,WUH,2555.0,981.2,40110.7
1641,CTU,XIY,2920.0,622.8,29095.6
1642,CTU,XMN,2190.0,1548.9,54272.0
1643,CUN,AMS,365.0,8280.9,48360.4
1644,CUN,ATL,3285.0,1421.7,74722.3
1645,CUN,BOG,730.0,2277.7,26604.1
1646,CUN,BOS,1825.0,2796.2,81648.5
1647,CUN,BWI,365.0,2239.5,13079.0
1648,CUN,CDG,365.0,8218.8,47997.9
1649,CUN,CLT,730.0,1679.5,19616.1
1650,CUN,DEN,1095.0,2689.3,47115.8
1651,CUN,DFW,1460.0,1657.2,38712.0
1652,CUN,DTW,1095.0,2377.6,41655.5
1653,CUN,DUS,365.0,8443.7,49311.1
1654,CUN,EWR,365.0,2493.3,14561.1
1655,CUN,FCO,730.0,9183.2,107260.1
1656,CUN,FLL,730.0,884.8,10334.2
1657,CUN,FRA,365.0,8606.1,50259.8
1658,CUN,IAD,365.0,2185.1,12760.8
1659,CUN,IAH,730.0,1307.2,15268.0
1660,CUN,JFK,1825.0,2506.3,73185.1
1661,CUN,LAX,1460.0,3406.6,79578.7
1662,CUN,LGW,2190.0,7976.7,279504.8
1663,CUN,LIM,365.0,3827.6,22353.0
1664,CUN,MAD,1460.0,7961.5,185981.1
1665,CUN,MAN,1460.0,7794.5,182080.1
1666,CUN,MCO,1095.0,995.6,17443.1
1667,CUN,MDW,365.0,2308.7,13482.8
1668,CUN,MEX,2190.0,1284.4,45003.9
1669,CUN,MIA,1095.0,855.0,14978.9
1670,CUN,MSP,1095.0,2714.6,47560.3
1671,CUN,MXP,365.0,8771.1,51223.4
1672,CUN,ORD,1095.0,2330.6,40832.9
1673,CUN,PHL,1095.0,2367.8,41483.8
1674,CUN,PHX,730.0,2830.4,33059.2
1675,CUN,PTY,730.0,1553.9,18149.8
1676,CUN,SFO,730.0,3871.2,45215.9
1677,CUN,SLC,730.0,3227.2,37693.2
1678,CUN,STL,365.0,1997.6,11666.2
1679,CUN,YUL,1095.0,2969.8,52030.5
1680,CUN,YVR,730.0,4475.5,52274.4
1681,CUN,YYC,1095.0,4091.0,71674.6
1682,CUN,YYZ,1095.0,2605.3,45645.2
1683,DCA,ATL,2555.0,880.1,35978.2
1684,DCA,BOS,1095.0,641.5,11238.6
1685,DCA,CLT,730.0,532.6,6221.2
1686,DCA,DEN,730.0,2369.2,27672.1
1687,DCA,DFW,730.0,1914.9,22366.5
1688,DCA,DTW,1095.0,651.2,11409.9
1689,DCA,EWR,365.0,319.3,1864.9
1690,DCA,FLL,1095.0,1450.5,25412.5
1691,DCA,IAH,365.0,1941.6,11339.1
1692,DCA,JFK,1095.0,342.2,5995.7
1693,DCA,LAS,730.0,3353.6,39169.8
1694,DCA,LAX,1460.0,3710.9,86686.6
1695,DCA,LGA,1095.0,344.8,6040.6
1696,DCA,MCO,1095.0,1224.1,21446.7
1697,DCA,MIA,730.0,1483.6,17328.5
1698,DCA,MSP,1460.0,1494.8,34919.6
1699,DCA,MSY,730.0,1559.4,18213.2
1700,DCA,ORD,1095.0,982.6,17215.5
1701,DCA,PDX,730.0,3773.2,44071.3
1702,DCA,PHL,730.0,191.6,2237.9
1703,DCA,PHX,730.0,3177.7,37115.8
1704,DCA,SAN,730.0,3654.8,42688.0
1705,DCA,SEA,365.0,3738.1,21830.8
1706,DCA,SFO,730.0,3920.9,45796.7
1707,DCA,SJU,365.0,2507.5,14643.7
1708,DCA,SLC,365.0,2972.1,17356.9
1709,DCA,STL,1095.0,1154.4,20224.7
1710,DCA,TPA,1095.0,1311.9,22984.0
1711,DCA,YUL,1095.0,784.3,13741.4
1712,DCA,YYZ,1095.0,578.6,10136.4
1713,DEL,ADD,730.0,4552.5,53172.8
1714,DEL,AMM,365.0,3945.4,23041.3
1715,DEL,AMS,365.0,6363.5,37162.6
1716,DEL,AUH,1095.0,2277.4,39899.8
1717,DEL,BHX,365.0,6798.8,39705.2
1718,DEL,BKK,1460.0,2948.5,68876.2
1719,DEL,BLR,2190.0,1710.0,59920.1
1720,DEL,BOM,2190.0,1138.2,39883.6
1721,DEL,BRU,1095.0,6399.3,112116.0
1722,DEL,CAN,365.0,3649.7,21314.2
1723,DEL,CCU,2190.0,1312.7,45996.3
1724,DEL,CDG,730.0,6565.4,76683.6
1725,DEL,CMB,1095.0,2395.9,41975.3
1726,DEL,DOH,730.0,2549.2,29774.8
1727,DEL,DXB,1825.0,2183.6,63761.1
1728,DEL,EWR,365.0,11763.7,68700.2
1729,DEL,FCO,730.0,5933.0,69297.9
1730,DEL,FRA,730.0,6120.6,71488.9
1731,DEL,HEL,365.0,5223.1,30502.7
1732,DEL,HKG,1825.0,3746.4,109394.8
1733,DEL,ICN,730.0,4652.5,54340.9
1734,DEL,IST,730.0,4565.0,53318.9
1735,DEL,JED,730.0,3879.7,45315.1
1736,DEL,JFK,365.0,11754.5,68646.2
1737,DEL,KUL,1095.0,3876.9,67923.4
1738,DEL,KWI,365.0,2829.9,16526.5
1739,DEL,LHR,1825.0,6731.3,196553.6
1740,DEL,MAA,1825.0,1760.9,51417.1
1741,DEL,MCT,730.0,1956.6,22853.0
1742,DEL,MEL,365.0,10191.8,59519.9
1743,DEL,MUC,730.0,5899.5,68905.6
1744,DEL,NBO,365.0,5416.3,31631.2
1745,DEL,NRT,1095.0,5908.8,103522.8
1746,DEL,ORD,365.0,12021.3,70204.3
1747,DEL,PEK,365.0,3808.9,22244.2
1748,DEL,PVG,730.0,4291.5,50124.4
1749,DEL,RUH,730.0,3037.1,35473.0
1750,DEL,SHJ,365.0,2166.6,12653.0
1751,DEL,SIN,1460.0,4159.4,97163.9
1752,DEL,SVO,365.0,4363.3,25482.0
1753,DEL,SYD,365.0,10435.4,60942.6
1754,DEL,TPE,730.0,4372.0,51065.2
1755,DEL,VIE,730.0,5546.0,64777.4
1756,DEL,ZRH,730.0,6147.8,71806.8
1757,DEN,ATL,4015.0,1926.6,123765.9
1758,DEN,BOS,1095.0,2815.7,49331.6
1759,DEN,BWI,1095.0,2393.5,41934.9
1760,DEN,CLT,730.0,2148.2,25091.0
1761,DEN,CUN,1095.0,2689.3,47115.8
1762,DEN,DCA,730.0,2369.2,27672.1
1763,DEN,DFW,1825.0,1032.1,30137.3
1764,DEN,DTW,1825.0,1802.3,52627.1
1765,DEN,EWR,730.0,2576.4,30092.4
1766,DEN,FLL,1460.0,2739.0,63983.8
1767,DEN,FRA,730.0,8088.7,94476.5
1768,DEN,HNL,365.0,5407.9,31582.1
1769,DEN,IAD,730.0,2331.7,27234.2
1770,DEN,IAH,1095.0,1387.5,24308.9
1771,DEN,JFK,730.0,2609.8,30482.3
1772,DEN,LAS,1825.0,1009.4,29473.4
1773,DEN,LAX,2555.0,1385.1,56624.5
1774,DEN,LGA,1460.0,2599.8,60731.6
1775,DEN,LHR,1460.0,7496.5,175117.6
1776,DEN,MCO,1460.0,2486.3,58081.0
1777,DEN,MDW,1095.0,1437.3,25182.2
1778,DEN,MEX,730.0,2333.5,27254.9
1779,DEN,MIA,1095.0,2748.7,48157.1
1780,DEN,MSP,2190.0,1092.4,38276.0
1781,DEN,MSY,1825.0,1708.1,49876.1
1782,DEN,NRT,730.0,9292.8,108539.5
1783,DEN,ORD,1460.0,1426.0,33311.9
1784,DEN,PDX,1095.0,1592.2,27894.9
1785,DEN,PHL,1460.0,2500.4,58409.1
1786,DEN,PHX,2555.0,968.5,39593.8
1787,DEN,SAN,1460.0,1371.3,32034.1
1788,DEN,SEA,1825.0,1645.1,48035.9
1789,DEN,SFO,1095.0,1552.8,27204.6
1790,DEN,SLC,1825.0,627.6,18325.6
1791,DEN,STL,1095.0,1235.5,21646.1
1792,DEN,TPA,1460.0,2422.5,56590.0
1793,DEN,YUL,730.0,2587.5,30222.0
1794,DEN,YVR,730.0,1789.5,20901.1
1795,DEN,YYC,730.0,1445.3,16880.6
1796,DEN,YYZ,730.0,2111.2,24658.7
1797,DFW,AMS,730.0,7900.1,92273.2
1798,DFW,ATL,3650.0,1174.5,68592.7
1799,DFW,BNE,730.0,13364.9,156101.5
1800,DFW,BOG,1095.0,3932.9,68903.9
1801,DFW,BOS,1460.0,2509.3,58616.5
1802,DFW,BWI,1095.0,1954.8,34247.5
1803,DFW,CDG,1825.0,7944.1,231966.5
1804,DFW,CLT,730.0,1503.2,17557.5
1805,DFW,CUN,1460.0,1657.2,38712.0
1806,DFW,DCA,730.0,1914.9,22366.5
1807,DFW,DEN,1825.0,1032.1,30137.3
1808,DFW,DTW,1460.0,1586.4,37058.7
1809,DFW,DXB,730.0,12919.4,150898.5
1810,DFW,EWR,1095.0,2204.8,38627.9
1811,DFW,FLL,1095.0,1798.9,31517.1
1812,DFW,FRA,3285.0,8258.2,434049.7
1813,DFW,GIG,1095.0,8419.4,147508.3
1814,DFW,GRU,1095.0,8243.6,144428.6
1815,DFW,HNL,730.0,6080.9,71025.2
1816,DFW,IAD,1095.0,1882.5,32981.0
1817,DFW,IAH,1095.0,361.6,6335.6
1818,DFW,ICN,1460.0,10986.7,256649.4
1819,DFW,JFK,1095.0,2234.9,39155.4
1820,DFW,LAS,1095.0,1694.8,29692.9
1821,DFW,LAX,2190.0,1983.2,69490.4
1822,DFW,LGA,1460.0,2231.4,52124.6
1823,DFW,LHR,2190.0,7627.2,267258.5
1824,DFW,LIM,1095.0,5424.1,95029.4
1825,DFW,MAD,1825.0,7973.9,232837.8
1826,DFW,MCO,1095.0,1582.4,27723.9
1827,DFW,MEX,1825.0,1510.3,44101.8
1828,DFW,MIA,730.0,1802.2,21049.3
1829,DFW,MSP,1825.0,1372.6,40079.3
1830,DFW,MSY,2190.0,719.4,25209.2
1831,DFW,NRT,1460.0,10322.4,241130.6
1832,DFW,ORD,1460.0,1290.6,30149.5
1833,DFW,PDX,1460.0,2597.1,60667.1
1834,DFW,PHL,1095.0,2092.9,36667.2
1835,DFW,PHX,1095.0,1393.9,24420.5
1836,DFW,PTY,730.0,3210.0,37493.2
1837,DFW,SAN,1460.0,1880.4,43926.9
1838,DFW,SEA,1095.0,2668.2,46746.0
1839,DFW,SFO,1825.0,2351.9,68676.7
1840,DFW,SJU,730.0,3482.3,40673.5
1841,DFW,SLC,1095.0,1589.5,27847.4
1842,DFW,STL,730.0,885.4,10341.2
1843,DFW,TPA,1095.0,1492.7,26152.0
1844,DFW,YUL,1095.0,2432.3,42613.1
1845,DFW,YVR,1095.0,2819.3,49394.9
1846,DFW,YYC,1460.0,2451.2,57260.0
1847,DFW,YYZ,1825.0,1928.4,56309.6
1848,DLC,CAN,365.0,1898.7,11088.2
1849,DLC,CGO,2190.0,845.0,29608.4
1850,DLC,CKG,365.0,1707.2,9970.2
1851,DLC,CSX,365.0,1423.2,8311.4
1852,DLC,FOC,365.0,1459.5,8523.4
1853,DLC,HGH,3650.0,976.6,57036.2
1854,DLC,HKG,730.0,1988.6,23227.0
1855,DLC,HRB,1095.0,835.2,14632.7
1856,DLC,ICN,1460.0,460.2,10749.9
1857,DLC,KIX,1095.0,1320.3,23130.9
1858,DLC,KMG,365.0,2326.7,13587.7
1859,DLC,NKG,1825.0,839.0,24499.0
1860,DLC,NRT,1825.0,1699.9,49637.7
1861,DLC,PEK,2190.0,442.5,15506.8
1862,DLC,PVG,2555.0,870.1,35571.1
1863,DLC,SZX,1095.0,1957.7,34299.1
1864,DLC,TAO,1825.0,317.2,9263.0
1865,DLC,TNA,2190.0,445.8,15620.4
1866,DLC,TPE,1460.0,1544.5,36080.5
1867,DLC,TSN,2920.0,362.5,16936.2
1868,DLC,TYN,1460.0,788.4,18416.8
1869,DLC,WUH,1460.0,1128.2,26355.3
1870,DLC,XIY,1825.0,1244.2,36331.6
1871,DLC,XMN,365.0,1635.4,9550.5
1872,DME,AGP,730.0,3793.5,44308.6
1873,DME,ALC,1460.0,3424.9,80006.3
1874,DME,AMM,730.0,2638.1,30812.4
1875,DME,ATH,730.0,2206.3,25769.6
1876,DME,AUH,730.0,3706.7,43294.6
1877,DME,BCN,1095.0,3028.7,53062.8
1878,DME,BKK,1095.0,7058.7,123669.1
1879,DME,BRU,365.0,2260.7,13202.4
1880,DME,CAI,365.0,2858.5,16693.7
1881,DME,CGN,365.0,2094.6,12232.5
1882,DME,CMB,365.0,6511.3,38026.3
1883,DME,DOH,365.0,3531.9,20626.5
1884,DME,DUS,730.0,2098.2,24506.6
1885,DME,DXB,365.0,3642.0,21269.2
1886,DME,FCO,730.0,2395.1,27974.6
1887,DME,FRA,1095.0,2046.7,35859.0
1888,DME,GVA,365.0,2427.5,14176.6
1889,DME,HEL,730.0,937.6,10951.3
1890,DME,HER,1095.0,2434.0,42644.2
1891,DME,HKG,1095.0,7108.6,124542.7
1892,DME,IAH,730.0,9532.4,111338.9
1893,DME,KBP,730.0,733.1,8562.2
1894,DME,LED,1825.0,666.9,19473.0
1895,DME,LGW,730.0,2543.3,29706.3
1896,DME,LHR,365.0,2545.0,14863.1
1897,DME,LIS,730.0,3913.3,45707.6
1898,DME,MAD,730.0,3437.4,40148.9
1899,DME,MAN,365.0,2575.6,15041.6
1900,DME,MLA,365.0,2808.4,16401.0
1901,DME,MUC,1095.0,1942.0,34024.5
1902,DME,MXP,365.0,2308.0,13478.6
1903,DME,NCE,365.0,2540.9,14839.0
1904,DME,NRT,730.0,7513.2,87753.8
1905,DME,PMI,730.0,3125.7,36507.8
1906,DME,RIX,730.0,877.4,10248.1
1907,DME,SAW,365.0,1731.8,10113.8
1908,DME,SGN,730.0,7684.1,89749.8
1909,DME,SHJ,365.0,3638.8,21250.9
1910,DME,SIN,730.0,8401.3,98127.5
1911,DME,SVX,1095.0,1421.9,24911.2
1912,DME,SYX,365.0,7179.2,41926.5
1913,DME,TFS,365.0,5259.5,30715.5
1914,DME,TLV,730.0,2612.4,30512.5
1915,DME,TXL,730.0,1631.5,19055.4
1916,DME,VIE,1825.0,1668.2,48710.2
1917,DME,ZRH,365.0,2197.2,12831.8
1918,DOH,ADD,365.0,2262.5,13213.1
1919,DOH,AMM,730.0,1683.7,19665.4
1920,DOH,AMS,1095.0,4923.1,86252.6
1921,DOH,ARN,365.0,4618.1,26969.7
1922,DOH,ATH,730.0,2957.9,34547.9
1923,DOH,AUH,730.0,320.9,3748.3
1924,DOH,BCN,1095.0,4861.5,85173.6
1925,DOH,BKK,365.0,5280.0,30835.0
1926,DOH,BLR,365.0,3042.7,17769.2
1927,DOH,BOM,1095.0,2291.3,40142.9
1928,DOH,BRU,365.0,4892.4,28571.4
1929,DOH,BUD,365.0,3755.6,21932.7
1930,DOH,CAI,730.0,2057.6,24032.4
1931,DOH,CAN,365.0,6196.9,36189.9
1932,DOH,CCU,365.0,3743.0,21859.1
1933,DOH,CDG,365.0,4969.2,29020.1
1934,DOH,CGK,365.0,6893.6,40258.5
1935,DOH,CKG,365.0,5400.6,31539.4
1936,DOH,CMB,730.0,3612.5,42194.5
1937,DOH,CMN,365.0,5734.4,33489.1
1938,DOH,CPH,365.0,4609.7,26920.5
1939,DOH,CTU,365.0,5130.9,29964.3
1940,DOH,DEL,730.0,2549.2,29774.8
1941,DOH,DME,365.0,3531.9,20626.5
1942,DOH,DXB,1825.0,377.7,11029.8
1943,DOH,FCO,365.0,4038.7,23586.1
1944,DOH,FRA,2190.0,4587.5,160747.1
1945,DOH,GRU,365.0,11858.3,69252.6
1946,DOH,GVA,730.0,4635.9,54147.1
1947,DOH,HGH,365.0,6692.6,39084.7
1948,DOH,HKG,730.0,6290.7,73475.8
1949,DOH,IAD,730.0,11127.3,129967.3
1950,DOH,IAH,1095.0,12932.5,226578.1
1951,DOH,ICN,730.0,7052.5,82373.1
1952,DOH,IST,730.0,2755.9,32189.2
1953,DOH,JED,730.0,1330.6,15541.8
1954,DOH,JFK,730.0,10769.5,125787.3
1955,DOH,JNB,365.0,6242.5,36456.4
1956,DOH,KIX,1095.0,7905.1,138496.8
1957,DOH,KUL,730.0,5909.3,69020.4
1958,DOH,KWI,730.0,568.0,6633.8
1959,DOH,LHR,730.0,5241.5,61220.3
1960,DOH,MAA,365.0,3286.4,19192.6
1961,DOH,MAD,1095.0,5329.9,93379.8
1962,DOH,MAN,730.0,5409.4,63181.5
1963,DOH,MCT,1825.0,701.1,20472.8
1964,DOH,MEL,365.0,11957.5,69831.9
1965,DOH,MNL,730.0,7282.5,85059.4
1966,DOH,MUC,730.0,4301.9,50246.2
1967,DOH,MXP,365.0,4422.8,25828.9
1968,DOH,NBO,365.0,3352.7,19579.6
1969,DOH,NRT,1095.0,8297.7,145375.2
1970,DOH,ORD,730.0,11458.1,133830.5
1971,DOH,OSL,365.0,4955.5,28940.2
1972,DOH,OTP,365.0,3140.5,18340.5
1973,DOH,PEK,365.0,6162.5,35988.9
1974,DOH,PHL,730.0,10918.6,127529.4
1975,DOH,PVG,365.0,6796.0,39688.7
1976,DOH,RUH,1095.0,495.5,8681.0
1977,DOH,SAW,365.0,2693.9,15732.5
1978,DOH,SGN,365.0,5994.7,35008.9
1979,DOH,SHJ,730.0,393.0,4590.4
1980,DOH,SIN,365.0,6206.7,36246.9
1981,DOH,TXL,365.0,4405.6,25728.7
1982,DOH,VCE,730.0,4149.7,48468.1
1983,DOH,VIE,365.0,3968.5,23176.3
1984,DOH,WAW,365.0,3944.2,23034.0
1985,DOH,YUL,365.0,10406.2,60772.3
1986,DOH,ZRH,365.0,4495.0,26250.6
1987,DPS,BKK,365.0,2958.6,17278.2
1988,DPS,BNE,1095.0,4487.8,78626.1
1989,DPS,CAN,365.0,3579.6,20905.1
1990,DPS,CGK,2555.0,982.6,40168.3
1991,DPS,HKG,1825.0,3456.1,100917.6
1992,DPS,HND,730.0,5561.1,64953.5
1993,DPS,ICN,1095.0,5271.6,92358.9
1994,DPS,KIX,730.0,5246.0,61273.0
1995,DPS,KUL,1460.0,1964.4,45887.6
1996,DPS,MEL,1095.0,4382.0,76772.1
1997,DPS,MNL,730.0,2665.4,31131.6
1998,DPS,NRT,730.0,5610.6,65531.8
1999,DPS,PVG,365.0,4491.8,26232.0
2000,DPS,SIN,3650.0,1671.5,97615.5
2001,DPS,SYD,1095.0,4622.1,80980.0
2002,DPS,SZX,365.0,3493.3,20400.6
2003,DPS,TPE,1095.0,3818.3,66895.8
2004,DTW,AMS,730.0,6323.6,73859.7
2005,DTW,ATL,2920.0,958.2,44767.0
2006,DTW,BOS,730.0,1015.0,11855.1
2007,DTW,BWI,1095.0,656.7,11506.0
2008,DTW,CDG,1095.0,6359.1,111410.9
2009,DTW,CLT,1095.0,805.7,14115.8
2010,DTW,CUN,1095.0,2377.6,41655.5
2011,DTW,DCA,1095.0,651.2,11409.9
2012,DTW,DEN,1825.0,1802.3,52627.1
2013,DTW,DFW,1460.0,1586.4,37058.7
2014,DTW,EWR,730.0,783.5,9151.0
2015,DTW,FLL,730.0,1818.3,21237.7
2016,DTW,FRA,1825.0,6679.3,195034.9
2017,DTW,GRU,730.0,8223.7,96052.4
2018,DTW,IAD,730.0,616.3,7198.3
2019,DTW,IAH,1095.0,1730.9,30324.9
2020,DTW,ICN,365.0,10654.4,62221.9
2021,DTW,JFK,365.0,816.7,4769.7
2022,DTW,LAS,1095.0,2808.0,49196.5
2023,DTW,LAX,1095.0,3178.0,55679.2
2024,DTW,LGA,1460.0,805.1,18807.9
2025,DTW,LHR,1460.0,6044.5,141199.3
2026,DTW,MCO,730.0,1543.6,18029.8
2027,DTW,MDW,1095.0,366.5,6421.9
2028,DTW,MEX,730.0,2932.8,34254.8
2029,DTW,MIA,1095.0,1847.1,32360.9
2030,DTW,MSP,365.0,848.2,4953.8
2031,DTW,MSY,1460.0,1492.3,34859.5
2032,DTW,NRT,365.0,10272.2,59989.4
2033,DTW,ORD,1460.0,376.4,8792.4
2034,DTW,PDX,730.0,3134.9,36616.2
2035,DTW,PEK,1095.0,10646.7,186529.3
2036,DTW,PHL,1095.0,728.1,12755.5
2037,DTW,PHX,1460.0,2684.0,62697.8
2038,DTW,PVG,1095.0,11461.8,200811.6
2039,DTW,SAN,730.0,3142.2,36700.7
2040,DTW,SEA,365.0,3093.0,18063.2
2041,DTW,SFO,365.0,3337.3,19490.1
2042,DTW,SJU,365.0,3110.4,18164.6
2043,DTW,SLC,365.0,2377.9,13886.9
2044,DTW,STL,730.0,707.1,8258.9
2045,DTW,TPA,730.0,1584.8,18510.5
2046,DTW,YUL,1460.0,851.1,19881.0
2047,DTW,YYZ,1460.0,344.0,8035.2
2048,DUB,ACE,730.0,2786.5,32546.1
2049,DUB,AGP,730.0,1867.2,21808.4
2050,DUB,ALC,730.0,1739.1,20313.3
2051,DUB,AMS,365.0,750.2,4380.9
2052,DUB,ARN,730.0,1624.8,18977.1
2053,DUB,ATH,365.0,2875.7,16794.0
2054,DUB,ATL,1095.0,6322.9,110777.3
2055,DUB,AUH,730.0,5940.8,69388.3
2056,DUB,BCN,730.0,1485.2,17347.3
2057,DUB,BHX,730.0,321.5,3755.2
2058,DUB,BOS,730.0,4802.9,56097.5
2059,DUB,BRS,730.0,330.7,3862.7
2060,DUB,BRU,365.0,784.3,4580.4
2061,DUB,BUD,730.0,1914.9,22365.6
2062,DUB,CDG,1095.0,785.0,13752.6
2063,DUB,CGN,365.0,956.7,5587.0
2064,DUB,CLT,730.0,5973.2,69767.3
2065,DUB,CPH,1095.0,1241.5,21751.9
2066,DUB,CTA,365.0,2414.2,14098.7
2067,DUB,DUS,730.0,915.1,10688.4
2068,DUB,DXB,730.0,5918.5,69128.4
2069,DUB,EDI,730.0,337.2,3938.5
2070,DUB,EWR,730.0,5124.5,59853.8
2071,DUB,FAO,730.0,1829.1,21363.4
2072,DUB,FCO,365.0,1885.6,11011.7
2073,DUB,FRA,730.0,1086.9,12694.8
2074,DUB,GLA,365.0,297.0,1734.5
2075,DUB,GVA,365.0,1191.3,6957.2
2076,DUB,HAM,365.0,1072.6,6264.0
2077,DUB,HEL,365.0,2023.3,11816.0
2078,DUB,IAD,730.0,5463.9,63818.4
2079,DUB,IBZ,730.0,1719.1,20079.6
2080,DUB,IST,365.0,2923.9,17075.8
2081,DUB,JFK,3285.0,5103.0,268214.9
2082,DUB,LGW,730.0,484.4,5658.3
2083,DUB,LHR,1095.0,449.3,7870.9
2084,DUB,LIS,730.0,1642.5,19184.1
2085,DUB,LPA,730.0,2931.2,34236.5
2086,DUB,LTN,365.0,433.5,2531.8
2087,DUB,LYS,365.0,1181.4,6899.5
2088,DUB,MAD,1095.0,1454.2,25478.0
2089,DUB,MAN,730.0,265.0,3095.4
2090,DUB,MCO,365.0,6541.4,38202.0
2091,DUB,MLA,365.0,2532.0,14786.9
2092,DUB,MRS,365.0,1393.1,8135.7
2093,DUB,MUC,730.0,1381.3,16133.4
2094,DUB,MXP,365.0,1381.7,8069.3
2095,DUB,NCE,730.0,1466.3,17126.8
2096,DUB,OPO,365.0,1365.5,7974.7
2097,DUB,ORD,2555.0,5895.3,241000.8
2098,DUB,OSL,730.0,1285.6,15015.7
2099,DUB,OTP,730.0,2529.9,29549.7
2100,DUB,PHL,730.0,5252.9,61353.5
2101,DUB,PMI,730.0,1686.3,19695.9
2102,DUB,PRG,730.0,1454.7,16991.4
2103,DUB,RIX,365.0,1942.6,11344.8
2104,DUB,SFO,365.0,8183.0,47788.8
2105,DUB,STN,365.0,470.7,2748.7
2106,DUB,STR,365.0,1200.5,7010.9
2107,DUB,TFS,730.0,2945.3,34401.2
2108,DUB,VCE,365.0,1600.6,9347.7
2109,DUB,VIE,365.0,1702.4,9942.3
2110,DUB,WAW,365.0,1825.5,10660.9
2111,DUB,YYZ,1095.0,5261.0,92172.5
2112,DUB,ZRH,730.0,1237.3,14451.9
2113,DUS,ACE,730.0,3006.7,35118.6
2114,DUS,AGP,730.0,1853.5,21648.4
2115,DUS,ALC,365.0,1555.7,9085.2
2116,DUS,AMS,730.0,178.3,2083.1
2117,DUS,ARN,1095.0,1162.4,20365.3
2118,DUS,ATH,730.0,2003.4,23400.0
2119,DUS,ATL,1095.0,7236.4,126781.4
2120,DUS,AUH,1095.0,5026.3,88060.5
2121,DUS,AYT,1825.0,2478.7,72378.3
2122,DUS,BCN,1460.0,1167.4,27270.8
2123,DUS,BHX,730.0,598.4,6988.9
2124,DUS,BUD,365.0,999.8,5838.7
2125,DUS,CDG,1095.0,392.8,6881.3
2126,DUS,CPH,1460.0,619.0,14459.6
2127,DUS,CTA,2190.0,1670.0,58517.1
2128,DUS,CUN,365.0,8443.7,49311.1
2129,DUS,DME,730.0,2098.2,24506.6
2130,DUS,DUB,730.0,915.1,10688.4
2131,DUS,DXB,730.0,5005.1,58459.3
2132,DUS,EWR,730.0,6038.4,70529.0
2133,DUS,FAO,730.0,1967.2,22977.2
2134,DUS,FCO,1095.0,1134.3,19873.3
2135,DUS,FRA,730.0,188.9,2206.0
2136,DUS,GLA,365.0,896.2,5234.1
2137,DUS,GVA,365.0,563.7,3292.3
2138,DUS,HAM,730.0,339.6,3966.8
2139,DUS,HEL,730.0,1507.8,17611.0
2140,DUS,HER,2190.0,2302.8,80690.8
2141,DUS,IBZ,1095.0,1443.1,25283.9
2142,DUS,IST,365.0,2011.2,11745.3
2143,DUS,JFK,730.0,6017.2,70281.2
2144,DUS,LAX,730.0,9133.1,106674.8
2145,DUS,LED,1095.0,1740.7,30497.1
2146,DUS,LGW,365.0,484.6,2830.1
2147,DUS,LHR,1095.0,501.9,8793.1
2148,DUS,LIS,365.0,1861.7,10872.5
2149,DUS,LPA,1460.0,3189.8,74513.6
2150,DUS,LYS,365.0,631.0,3684.9
2151,DUS,MAD,1095.0,1441.3,25251.6
2152,DUS,MAN,730.0,655.4,7655.4
2153,DUS,MIA,730.0,7603.6,88809.7
2154,DUS,MLA,730.0,1822.5,21286.4
2155,DUS,MUC,730.0,485.8,5674.4
2156,DUS,MXP,1095.0,645.6,11310.6
2157,DUS,NCE,730.0,849.2,9918.7
2158,DUS,NRT,730.0,9331.0,108986.3
2159,DUS,ORD,2920.0,6788.4,317154.2
2160,DUS,OSL,730.0,1017.5,11884.3
2161,DUS,OTP,365.0,1614.8,9430.6
2162,DUS,PEK,730.0,7796.1,91058.7
2163,DUS,PMI,1825.0,1342.0,39185.7
2164,DUS,PRG,1095.0,543.8,9527.8
2165,DUS,RIX,730.0,1279.6,14945.8
2166,DUS,SAW,1095.0,2073.9,36335.0
2167,DUS,STN,365.0,455.9,2662.7
2168,DUS,STR,365.0,338.1,1974.7
2169,DUS,SVO,365.0,2068.0,12077.3
2170,DUS,TFS,1095.0,3237.2,56716.0
2171,DUS,TLV,365.0,3135.3,18310.1
2172,DUS,TXL,1095.0,468.7,8212.4
2173,DUS,VCE,1095.0,763.5,13376.5
2174,DUS,VIE,1095.0,787.8,13802.7
2175,DUS,WAW,1095.0,981.3,17192.1
2176,DUS,ZRH,1095.0,444.4,7786.0
2177,DXB,ADD,1095.0,2519.0,44132.2
2178,DXB,AMM,1460.0,2021.5,47223.3
2179,DXB,AMS,1095.0,5168.6,90554.5
2180,DXB,ARN,730.0,4785.1,55890.1
2181,DXB,ATH,365.0,3271.9,19107.7
2182,DXB,ATL,365.0,12209.4,71302.8
2183,DXB,BCN,365.0,5175.7,30226.1
2184,DXB,BHX,730.0,5603.4,65447.8
2185,DXB,BKK,1095.0,4903.7,85913.0
2186,DXB,BLR,365.0,2695.2,15739.7
2187,DXB,BNE,730.0,11979.2,139916.9
2188,DXB,BOM,1460.0,1926.2,44995.1
2189,DXB,BOS,730.0,10702.1,125000.7
2190,DXB,CAI,1095.0,2415.4,42318.6
2191,DXB,CAN,730.0,5827.3,68062.5
2192,DXB,CCU,365.0,3365.8,19656.3
2193,DXB,CDG,1095.0,5238.6,91780.6
2194,DXB,CGK,730.0,6547.1,76469.9
2195,DXB,CMB,1095.0,3288.2,57608.5
2196,DXB,CMN,365.0,6080.5,35510.1
2197,DXB,CPH,730.0,4818.4,56278.7
2198,DXB,DEL,1825.0,2183.6,63761.1
2199,DXB,DFW,730.0,12919.4,150898.5
2200,DXB,DME,365.0,3642.0,21269.2
2201,DXB,DOH,1460.0,377.7,8823.8
2202,DXB,DUB,730.0,5918.5,69128.4
2203,DXB,DUS,730.0,5005.1,58459.3
2204,DXB,FCO,365.0,4343.7,25367.1
2205,DXB,FRA,1095.0,4843.2,84853.0
2206,DXB,GIG,365.0,11883.9,69401.8
2207,DXB,GLA,730.0,5840.6,68217.7
2208,DXB,GRU,365.0,12217.1,71347.6
2209,DXB,GVA,730.0,4919.4,57458.9
2210,DXB,HAM,730.0,4884.2,57047.6
2211,DXB,HKG,730.0,5919.7,69141.9
2212,DXB,HND,730.0,7934.6,92676.4
2213,DXB,IAD,1095.0,11355.3,198944.2
2214,DXB,IAH,730.0,13124.8,153297.8
2215,DXB,ICN,730.0,6728.9,78593.9
2216,DXB,IST,1095.0,3028.3,53056.4
2217,DXB,JED,1825.0,1699.0,49610.6
2218,DXB,JFK,730.0,11001.5,128497.7
2219,DXB,JNB,730.0,6413.1,74905.0
2220,DXB,KBP,730.0,3488.7,40747.5
2221,DXB,KIX,730.0,7577.2,88502.3
2222,DXB,KMG,365.0,4760.2,27799.6
2223,DXB,KUL,1095.0,5549.2,97221.9
2224,DXB,KWI,1460.0,854.0,19948.9
2225,DXB,LAX,730.0,13400.1,156512.9
2226,DXB,LED,365.0,4300.6,25115.6
2227,DXB,LGW,730.0,5473.1,63926.1
2228,DXB,LHR,1825.0,5497.9,160539.4
2229,DXB,LIS,730.0,6137.8,71689.4
2230,DXB,LYS,365.0,4987.6,29127.3
2231,DXB,MAA,730.0,2933.2,34259.4
2232,DXB,MAD,365.0,5648.8,32989.2
2233,DXB,MAN,730.0,5655.3,66053.5
2234,DXB,MCT,1460.0,348.5,8140.5
2235,DXB,MEL,730.0,11645.1,136014.9
2236,DXB,MLA,365.0,4056.4,23689.3
2237,DXB,MNL,1095.0,6906.0,120993.8
2238,DXB,MUC,1095.0,4564.0,79961.5
2239,DXB,MXP,730.0,4707.4,54982.5
2240,DXB,NBO,1460.0,3559.2,83144.0
2241,DXB,NCE,365.0,4783.9,27937.9
2242,DXB,NRT,730.0,7979.2,93196.8
2243,DXB,OTP,730.0,3394.5,39648.2
2244,DXB,PEK,730.0,5845.1,68270.7
2245,DXB,PRG,730.0,4463.8,52137.0
2246,DXB,PVG,365.0,6448.4,37658.8
2247,DXB,RUH,1460.0,873.0,20393.5
2248,DXB,SAW,730.0,2967.5,34660.4
2249,DXB,SEA,730.0,11927.7,139315.0
2250,DXB,SFO,730.0,13020.1,152074.4
2251,DXB,SGN,365.0,5618.7,32813.5
2252,DXB,SIN,1825.0,5846.7,170722.6
2253,DXB,SVO,730.0,3711.7,43352.3
2254,DXB,SVX,365.0,3528.7,20607.6
2255,DXB,SYD,730.0,12043.9,140672.5
2256,DXB,TPE,365.0,6555.4,38283.6
2257,DXB,VCE,365.0,4430.4,25873.6
2258,DXB,VIE,730.0,4222.9,49323.4
2259,DXB,WAW,730.0,4155.8,48539.7
2260,DXB,YYZ,365.0,11082.2,64720.0
2261,DXB,ZRH,1095.0,4767.9,83533.8
2262,EDI,ACE,365.0,3110.3,18164.4
2263,EDI,AGP,730.0,2145.0,25053.2
2264,EDI,ALC,1095.0,1975.7,34613.7
2265,EDI,AMS,730.0,666.4,7783.1
2266,EDI,ARN,730.0,1320.3,15420.5
2267,EDI,ATH,365.0,2848.0,16632.4
2268,EDI,BCN,1095.0,1676.6,29373.5
2269,EDI,BHX,365.0,402.8,2352.5
2270,EDI,BRS,365.0,509.7,2976.5
2271,EDI,BRU,730.0,764.7,8931.5
2272,EDI,BUD,365.0,1812.8,10586.7
2273,EDI,CDG,1825.0,868.7,25365.4
2274,EDI,CGN,365.0,895.8,5231.5
2275,EDI,CPH,730.0,1000.6,11687.5
2276,EDI,DUB,730.0,337.2,3938.5
2277,EDI,EWR,730.0,5244.8,61259.2
2278,EDI,FAO,730.0,2133.6,24919.9
2279,EDI,FRA,365.0,1032.9,6031.9
2280,EDI,GVA,365.0,1264.2,7382.8
2281,EDI,HAM,365.0,892.9,5214.7
2282,EDI,HER,365.0,3147.2,18379.9
2283,EDI,IST,365.0,2830.0,16527.4
2284,EDI,LGW,730.0,573.7,6700.7
2285,EDI,LHR,1825.0,533.5,15579.1
2286,EDI,LIS,365.0,1956.1,11423.8
2287,EDI,LPA,365.0,3259.4,19034.8
2288,EDI,LTN,365.0,493.9,2884.4
2289,EDI,LYS,365.0,1280.4,7477.5
2290,EDI,MAD,365.0,1721.1,10051.5
2291,EDI,MAN,365.0,297.2,1735.6
2292,EDI,MLA,365.0,2609.3,15238.5
2293,EDI,MRS,365.0,1519.6,8874.2
2294,EDI,MUC,365.0,1330.3,7769.2
2295,EDI,MXP,365.0,1424.0,8316.2
2296,EDI,NCE,365.0,1559.8,9109.2
2297,EDI,OSL,730.0,964.6,11266.3
2298,EDI,PMI,1460.0,1878.0,43869.7
2299,EDI,PRG,730.0,1341.3,15666.2
2300,EDI,STN,365.0,509.9,2977.6
2301,EDI,TFS,1095.0,3276.3,57400.0
2302,EDI,VCE,365.0,1597.1,9326.8
2303,EWR,AMS,1460.0,5868.5,137087.3
2304,EWR,ARN,730.0,6307.2,73667.9
2305,EWR,ATL,2555.0,1199.3,49028.1
2306,EWR,BCN,730.0,6176.6,72142.9
2307,EWR,BHX,730.0,5444.8,63595.6
2308,EWR,BOG,730.0,4002.0,46743.4
2309,EWR,BOM,730.0,12545.8,146535.3
2310,EWR,BOS,730.0,322.3,3764.5
2311,EWR,BRU,1825.0,5907.2,172491.0
2312,EWR,BWI,365.0,271.8,1587.2
2313,EWR,CDG,1460.0,5856.6,136809.4
2314,EWR,CLT,1095.0,850.3,14897.0
2315,EWR,CPH,365.0,6206.8,36247.8
2316,EWR,CUN,365.0,2493.3,14561.1
2317,EWR,DCA,365.0,319.3,1864.9
2318,EWR,DEL,365.0,11763.7,68700.2
2319,EWR,DEN,730.0,2576.4,30092.4
2320,EWR,DFW,1095.0,2204.8,38627.9
2321,EWR,DTW,730.0,783.5,9151.0
2322,EWR,DUB,730.0,5124.5,59853.8
2323,EWR,DUS,730.0,6038.4,70529.0
2324,EWR,EDI,730.0,5244.8,61259.2
2325,EWR,FCO,730.0,6890.3,80478.6
2326,EWR,FLL,730.0,1716.8,20052.6
2327,EWR,FRA,730.0,6211.0,72544.8
2328,EWR,GLA,730.0,5182.0,60525.7
2329,EWR,GRU,365.0,7684.1,44875.3
2330,EWR,GVA,730.0,6224.9,72707.3
2331,EWR,HAM,730.0,6137.5,71686.4
2332,EWR,HKG,1095.0,12959.9,227057.7
2333,EWR,HNL,365.0,7973.4,46564.6
2334,EWR,IAD,365.0,341.4,1993.9
2335,EWR,IAH,365.0,2250.5,13143.2
2336,EWR,LAS,365.0,3576.0,20883.8
2337,EWR,LAX,730.0,3941.0,46031.0
2338,EWR,LHR,2920.0,5561.6,259840.2
2339,EWR,LIM,365.0,5869.4,34277.4
2340,EWR,LIS,1095.0,5433.3,95190.9
2341,EWR,MAD,730.0,5789.7,67623.4
2342,EWR,MAN,730.0,5383.2,62875.5
2343,EWR,MCO,730.0,1510.9,17647.1
2344,EWR,MDW,730.0,1141.1,13327.8
2345,EWR,MEX,365.0,3342.7,19521.4
2346,EWR,MIA,1095.0,1750.6,30670.4
2347,EWR,MSP,730.0,1618.7,18906.7
2348,EWR,MSY,1825.0,1877.4,54820.9
2349,EWR,MUC,730.0,6503.0,75954.6
2350,EWR,MXP,730.0,6436.3,75176.5
2351,EWR,NRT,730.0,10810.1,126261.8
2352,EWR,OPO,730.0,5360.7,62613.5
2353,EWR,ORD,1095.0,1154.5,20226.0
2354,EWR,ORY,1095.0,5857.0,102614.8
2355,EWR,OSL,730.0,5933.1,69298.6
2356,EWR,PDX,365.0,3906.5,22814.2
2357,EWR,PEK,730.0,10967.9,128104.8
2358,EWR,PHL,730.0,128.8,1504.9
2359,EWR,PHX,1460.0,3425.4,80016.6
2360,EWR,PTY,730.0,3553.6,41505.9
2361,EWR,PVG,730.0,11860.0,138524.7
2362,EWR,SAN,365.0,3895.1,22747.1
2363,EWR,SEA,1095.0,3854.8,67536.3
2364,EWR,SFO,730.0,4118.4,48102.9
2365,EWR,SJU,730.0,2594.4,30302.6
2366,EWR,SLC,365.0,3160.2,18455.8
2367,EWR,STL,730.0,1400.3,16356.0
2368,EWR,STR,730.0,6317.4,73787.6
2369,EWR,TLV,730.0,9140.2,106758.0
2370,EWR,TPA,730.0,1607.3,18772.8
2371,EWR,TXL,730.0,6387.4,74604.7
2372,EWR,YUL,730.0,532.4,6218.8
2373,EWR,YVR,1095.0,3899.2,68313.4
2374,EWR,YYC,365.0,3246.7,18960.8
2375,EWR,YYZ,730.0,559.0,6528.7
2376,EWR,ZRH,730.0,6332.3,73961.0
2377,FAO,AGP,365.0,310.8,1814.9
2378,FAO,AMS,365.0,1969.8,11503.5
2379,FAO,ARN,365.0,3119.7,18219.3
2380,FAO,BHX,1095.0,1784.0,31256.0
2381,FAO,BRS,730.0,1650.4,19277.1
2382,FAO,BRU,730.0,1832.3,21400.9
2383,FAO,CDG,365.0,1581.3,9234.5
2384,FAO,CGN,730.0,1950.5,22782.0
2385,FAO,CPH,365.0,2584.2,15091.9
2386,FAO,DUB,730.0,1829.1,21363.4
2387,FAO,DUS,730.0,1967.2,22977.2
2388,FAO,EDI,730.0,2133.6,24919.9
2389,FAO,FRA,1095.0,1959.3,34327.4
2390,FAO,GLA,1095.0,2113.6,37029.8
2391,FAO,GVA,365.0,1551.6,9061.4
2392,FAO,HAM,730.0,2306.4,26938.7
2393,FAO,LGW,1825.0,1687.6,49277.1
2394,FAO,LHR,365.0,1712.8,10002.7
2395,FAO,LIS,1460.0,221.7,5178.2
2396,FAO,LTN,1095.0,1756.7,30777.1
2397,FAO,MAN,1460.0,1869.3,43667.0
2398,FAO,MUC,1460.0,2038.2,47612.7
2399,FAO,OPO,365.0,474.8,2772.8
2400,FAO,ORY,730.0,1548.0,18080.2
2401,FAO,OSL,365.0,2901.6,16945.3
2402,FAO,PMI,365.0,975.3,5695.8
2403,FAO,STN,730.0,1774.3,20724.4
2404,FAO,STR,730.0,1901.9,22214.7
2405,FAO,TXL,365.0,2391.0,13963.2
2406,FCO,ADD,365.0,4481.4,26171.3
2407,FCO,AGP,1095.0,1546.8,27100.8
2408,FCO,ALC,730.0,1156.1,13503.5
2409,FCO,AMM,1095.0,2383.1,41752.7
2410,FCO,AMS,1460.0,1296.8,30293.7
2411,FCO,ARN,730.0,2023.1,23629.6
2412,FCO,ATH,1825.0,1086.3,31719.4
2413,FCO,ATL,1825.0,8085.3,236092.1
2414,FCO,AUH,730.0,4340.1,50692.4
2415,FCO,BCN,1460.0,846.9,19783.1
2416,FCO,BHX,365.0,1582.9,9244.2
2417,FCO,BKK,365.0,8877.1,51842.3
2418,FCO,BOS,730.0,6568.7,76722.2
2419,FCO,BRS,365.0,1557.1,9093.4
2420,FCO,BRU,2190.0,1172.5,41086.1
2421,FCO,BUD,1095.0,836.4,14654.3
2422,FCO,CAI,730.0,2150.8,25121.1
2423,FCO,CDG,1095.0,1100.7,19284.2
2424,FCO,CGN,365.0,1080.7,6311.1
2425,FCO,CLT,730.0,7725.8,90237.3
2426,FCO,CMB,1095.0,7629.7,133672.0
2427,FCO,CMN,730.0,1976.2,23082.3
2428,FCO,CPH,1460.0,1536.7,35898.4
2429,FCO,CTA,2190.0,539.2,18893.3
2430,FCO,DEL,730.0,5933.0,69297.9
2431,FCO,DME,730.0,2395.1,27974.6
2432,FCO,DOH,365.0,4038.7,23586.1
2433,FCO,DUB,365.0,1885.6,11011.7
2434,FCO,DUS,1095.0,1134.3,19873.3
2435,FCO,DXB,365.0,4343.7,25367.1
2436,FCO,EWR,730.0,6890.3,80478.6
2437,FCO,FRA,1095.0,958.1,16786.5
2438,FCO,GIG,365.0,9171.0,53558.8
2439,FCO,GLA,365.0,1973.4,11524.6
2440,FCO,GRU,365.0,9432.6,55086.3
2441,FCO,GVA,1460.0,695.1,16238.0
2442,FCO,HAM,730.0,1326.0,15487.7
2443,FCO,HEL,730.0,2233.7,26090.0
2444,FCO,HKG,365.0,9283.2,54214.2
2445,FCO,IAD,365.0,7231.6,42232.8
2446,FCO,ICN,730.0,8965.6,104717.7
2447,FCO,IST,730.0,1373.5,16042.8
2448,FCO,JED,730.0,3362.6,39275.3
2449,FCO,JFK,2555.0,6865.7,280669.9
2450,FCO,KBP,730.0,1717.0,20054.5
2451,FCO,KIX,365.0,9740.6,56885.1
2452,FCO,KWI,730.0,3491.3,40778.9
2453,FCO,LAX,730.0,10203.1,119171.7
2454,FCO,LED,1095.0,2351.5,41197.9
2455,FCO,LGW,1095.0,1405.6,24626.4
2456,FCO,LHR,1095.0,1443.9,25296.9
2457,FCO,LIS,1095.0,1838.7,32214.8
2458,FCO,LTN,365.0,1470.4,8587.1
2459,FCO,LYS,1460.0,721.3,16848.8
2460,FCO,MAD,1095.0,1329.6,23295.1
2461,FCO,MAN,365.0,1677.4,9796.2
2462,FCO,MIA,730.0,8329.2,97284.7
2463,FCO,MLA,1460.0,688.6,16085.7
2464,FCO,MRS,730.0,602.2,7033.7
2465,FCO,MUC,730.0,729.6,8521.5
2466,FCO,MXP,1825.0,510.8,14914.7
2467,FCO,NCE,1095.0,459.3,8046.2
2468,FCO,NRT,365.0,9906.1,57851.4
2469,FCO,OPO,730.0,1738.4,20304.2
2470,FCO,ORD,2555.0,7741.6,316476.7
2471,FCO,ORY,1095.0,1088.3,19067.0
2472,FCO,OSL,730.0,2038.8,23813.1
2473,FCO,OTP,1095.0,1162.5,20366.8
2474,FCO,PEK,365.0,8147.5,47581.5
2475,FCO,PHL,730.0,7016.3,81949.9
2476,FCO,PRG,2555.0,936.0,38264.2
2477,FCO,PVG,730.0,9170.2,107108.3
2478,FCO,RIX,730.0,1878.0,21935.3
2479,FCO,RUH,730.0,3671.4,42881.5
2480,FCO,SAW,365.0,1426.1,8328.3
2481,FCO,SIN,365.0,10052.9,58709.0
2482,FCO,STR,365.0,801.5,4680.8
2483,FCO,SVO,730.0,2399.0,28020.7
2484,FCO,SVX,365.0,3793.4,22153.3
2485,FCO,TLV,1460.0,2279.0,53238.1
2486,FCO,TXL,1095.0,1199.0,21006.2
2487,FCO,VCE,730.0,412.1,4813.1
2488,FCO,VIE,1825.0,779.7,22767.4
2489,FCO,WAW,730.0,1327.0,15499.9
2490,FCO,YUL,365.0,6584.4,38452.9
2491,FCO,YYZ,1825.0,7085.6,206900.4
2492,FCO,ZRH,1095.0,694.0,12159.4
2493,FLL,ARN,365.0,7962.1,46498.9
2494,FLL,ATL,2920.0,936.4,43750.5
2495,FLL,BOG,1460.0,2460.8,57484.9
2496,FLL,BOS,730.0,1994.3,23293.5
2497,FLL,BWI,1095.0,1492.7,26152.3
2498,FLL,CLT,730.0,1019.3,11905.1
2499,FLL,CPH,365.0,7811.8,45620.8
2500,FLL,CUN,730.0,884.8,10334.2
2501,FLL,DCA,1095.0,1450.5,25412.5
2502,FLL,DEN,1460.0,2739.0,63983.8
2503,FLL,DFW,1095.0,1798.9,31517.1
2504,FLL,DTW,730.0,1818.3,21237.7
2505,FLL,EWR,730.0,1716.8,20052.6
2506,FLL,IAD,365.0,1453.3,8487.0
2507,FLL,IAH,365.0,1551.5,9061.0
2508,FLL,JFK,730.0,1723.3,20128.0
2509,FLL,LAS,730.0,3492.1,40787.7
2510,FLL,LAX,1095.0,3763.2,65931.7
2511,FLL,LGA,1095.0,1734.6,30389.7
2512,FLL,LIM,730.0,4248.7,49624.3
2513,FLL,MCO,1095.0,285.9,5009.0
2514,FLL,MDW,365.0,1880.7,10983.2
2515,FLL,MSP,365.0,2396.0,13992.7
2516,FLL,MSY,730.0,1082.8,12647.4
2517,FLL,ORD,1460.0,1905.4,44510.0
2518,FLL,OSL,365.0,7581.2,44274.5
2519,FLL,PHL,1095.0,1600.6,28043.0
2520,FLL,PHX,1460.0,3168.9,74025.7
2521,FLL,PTY,365.0,1892.2,11050.4
2522,FLL,SEA,365.0,4367.6,25506.8
2523,FLL,SFO,1460.0,4150.8,96963.3
2524,FLL,SJU,1460.0,1683.7,39331.6
2525,FLL,STL,365.0,1702.3,9941.2
2526,FLL,TPA,1825.0,316.8,9250.5
2527,FLL,YUL,1095.0,2231.3,39092.6
2528,FLL,YYZ,1460.0,1958.1,45741.5
2529,FOC,BKK,730.0,2397.5,28002.3
2530,FOC,CAN,1095.0,702.4,12305.4
2531,FOC,CGK,730.0,3831.5,44752.1
2532,FOC,CGO,1460.0,1105.8,25831.8
2533,FOC,CKG,1095.0,1346.8,23596.3
2534,FOC,CSX,2190.0,685.3,24013.8
2535,FOC,CTU,1460.0,1621.8,37885.3
2536,FOC,DLC,365.0,1459.5,8523.4
2537,FOC,HAK,1825.0,1154.1,33700.1
2538,FOC,HGH,730.0,483.5,5646.9
2539,FOC,HKG,1460.0,709.0,16561.5
2540,FOC,HRB,730.0,2266.4,26472.1
2541,FOC,KIX,730.0,1767.2,20640.5
2542,FOC,KMG,1095.0,1680.6,29444.3
2543,FOC,KUL,1095.0,3213.4,56299.6
2544,FOC,KWE,1095.0,1284.1,22496.7
2545,FOC,KWL,1460.0,968.3,22620.4
2546,FOC,NKG,2920.0,650.4,30386.1
2547,FOC,NNG,1460.0,1221.6,28535.7
2548,FOC,PEK,1825.0,1598.5,46677.0
2549,FOC,PVG,730.0,615.7,7191.7
2550,FOC,SGN,365.0,2166.8,12654.0
2551,FOC,SHA,1460.0,607.5,14192.3
2552,FOC,SIN,730.0,3207.3,37461.5
2553,FOC,SYX,1095.0,1353.7,23716.2
2554,FOC,SZX,1460.0,697.1,16283.3
2555,FOC,TAO,1095.0,1150.7,20160.9
2556,FOC,TNA,1825.0,1236.3,36101.4
2557,FOC,TPE,730.0,184.2,2151.0
2558,FOC,TSN,365.0,1482.4,8657.4
2559,FOC,TYN,365.0,1470.8,8589.2
2560,FOC,WUH,1095.0,758.4,13287.8
2561,FOC,XIY,1825.0,1410.9,41198.3
2562,FRA,ACE,730.0,2996.0,34993.4
2563,FRA,ADD,730.0,5348.8,62473.4
2564,FRA,AGP,365.0,1817.2,10612.3
2565,FRA,ALC,365.0,1493.3,8721.0
2566,FRA,AMM,1095.0,3044.6,53340.9
2567,FRA,AMS,1460.0,366.6,8563.2
2568,FRA,ARN,1095.0,1223.0,21426.7
2569,FRA,ATH,730.0,1815.6,21206.7
2570,FRA,ATL,2190.0,7409.6,259634.1
2571,FRA,AUH,1825.0,4862.0,141969.4
2572,FRA,AYT,1460.0,2297.9,53678.2
2573,FRA,BCN,1460.0,1093.6,25546.8
2574,FRA,BHX,365.0,766.2,4474.6
2575,FRA,BKK,730.0,8999.5,105113.8
2576,FRA,BLR,730.0,7401.6,86451.1
2577,FRA,BOG,730.0,9087.1,106137.4
2578,FRA,BOM,730.0,6568.9,76724.6
2579,FRA,BOS,730.0,5889.3,68787.2
2580,FRA,BRS,365.0,808.2,4719.6
2581,FRA,BRU,1095.0,304.8,5340.8
2582,FRA,BUD,730.0,834.9,9751.6
2583,FRA,CAI,730.0,2921.7,34125.5
2584,FRA,CDG,730.0,449.0,5244.4
2585,FRA,CLT,730.0,7059.5,82454.6
2586,FRA,CMB,365.0,8066.4,47108.0
2587,FRA,CMN,730.0,2277.2,26598.2
2588,FRA,CPH,1460.0,678.7,15853.3
2589,FRA,CTA,730.0,1490.1,17404.9
2590,FRA,CTU,730.0,7810.4,91225.2
2591,FRA,CUN,365.0,8606.1,50259.8
2592,FRA,DEL,730.0,6120.6,71488.9
2593,FRA,DEN,730.0,8088.7,94476.5
2594,FRA,DFW,3285.0,8258.2,434049.7
2595,FRA,DME,1095.0,2046.7,35859.0
2596,FRA,DOH,2190.0,4587.5,160747.1
2597,FRA,DTW,1825.0,6679.3,195034.9
2598,FRA,DUB,730.0,1086.9,12694.8
2599,FRA,DUS,730.0,188.9,2206.0
2600,FRA,DXB,1095.0,4843.2,84853.0
2601,FRA,EDI,365.0,1032.9,6031.9
2602,FRA,EWR,730.0,6211.0,72544.8
2603,FRA,FAO,1095.0,1959.3,34327.4
2604,FRA,FCO,1095.0,958.1,16786.5
2605,FRA,GIG,730.0,9568.4,111759.2
2606,FRA,GRU,730.0,9798.2,114442.9
2607,FRA,GVA,1460.0,459.8,10740.5
2608,FRA,HAM,365.0,411.6,2404.0
2609,FRA,HEL,1825.0,1537.9,44907.8
2610,FRA,HER,1460.0,2114.4,49392.2
2611,FRA,HKG,730.0,9153.3,106910.8
2612,FRA,HND,730.0,9360.8,109334.5
2613,FRA,IAD,730.0,6550.6,76511.4
2614,FRA,IAH,730.0,8402.6,98142.2
2615,FRA,IBZ,1095.0,1364.6,23908.1
2616,FRA,ICN,1095.0,8543.2,149676.0
2617,FRA,IST,1095.0,1837.4,32190.6
2618,FRA,JED,2190.0,4131.7,144773.9
2619,FRA,JFK,2920.0,6189.4,289170.5
2620,FRA,JNB,1095.0,8690.0,152248.9
2621,FRA,KBP,730.0,1583.7,18498.0
2622,FRA,KIX,730.0,9261.3,108172.4
2623,FRA,KUL,1095.0,9997.5,175156.5
2624,FRA,KWI,730.0,4020.6,46960.1
2625,FRA,LAS,365.0,8963.5,52346.7
2626,FRA,LAX,730.0,9322.0,108880.8
2627,FRA,LED,730.0,1747.3,20408.9
2628,FRA,LHR,1460.0,654.8,15295.2
2629,FRA,LIS,1825.0,1873.8,54716.4
2630,FRA,LPA,730.0,3184.9,37199.6
2631,FRA,LYS,1095.0,545.0,9548.1
2632,FRA,MAA,730.0,7593.9,88696.4
2633,FRA,MAD,2920.0,1422.1,66438.2
2634,FRA,MAN,365.0,832.6,4862.3
2635,FRA,MCO,730.0,7619.9,89000.1
2636,FRA,MCT,365.0,5179.2,30246.3
2637,FRA,MEX,365.0,9552.0,55783.5
2638,FRA,MIA,730.0,7763.6,90678.3
2639,FRA,MLA,730.0,1646.7,19232.9
2640,FRA,MRS,730.0,776.2,9065.7
2641,FRA,MUC,730.0,299.1,3493.2
2642,FRA,MXP,730.0,489.7,5719.7
2643,FRA,NBO,365.0,6316.6,36888.9
2644,FRA,NCE,365.0,716.3,4183.0
2645,FRA,NKG,730.0,8635.0,100857.3
2646,FRA,NRT,365.0,9366.6,54701.1
2647,FRA,OPO,730.0,1652.7,19304.1
2648,FRA,ORD,730.0,6971.1,81422.0
2649,FRA,OSL,1095.0,1132.5,19842.2
2650,FRA,OTP,1095.0,1449.1,25387.4
2651,FRA,PEK,730.0,7787.4,90956.6
2652,FRA,PHL,1095.0,6339.4,111065.9
2653,FRA,PMI,1460.0,1252.1,29248.9
2654,FRA,PRG,1460.0,406.1,9485.4
2655,FRA,PVG,1095.0,8857.7,155187.4
2656,FRA,RIX,1095.0,1270.2,22254.5
2657,FRA,RUH,730.0,4292.4,50135.6
2658,FRA,SAW,730.0,1900.0,22192.2
2659,FRA,SEA,1095.0,8197.4,143618.8
2660,FRA,SFO,1095.0,9148.7,160285.4
2661,FRA,SGN,730.0,9655.9,112781.1
2662,FRA,SHE,730.0,8019.3,93665.7
2663,FRA,SIN,1095.0,10279.3,180092.6
2664,FRA,SJU,365.0,7354.3,42949.1
2665,FRA,STR,365.0,156.7,914.9
2666,FRA,SVO,365.0,2022.4,11810.9
2667,FRA,TFS,730.0,3238.8,37829.2
2668,FRA,TLV,730.0,2953.0,34491.2
2669,FRA,TPE,365.0,9365.0,54691.8
2670,FRA,TXL,1460.0,431.7,10084.1
2671,FRA,VCE,365.0,577.2,3370.9
2672,FRA,VIE,1825.0,620.3,18113.1
2673,FRA,WAW,1095.0,896.2,15702.2
2674,FRA,YUL,730.0,5854.8,68383.6
2675,FRA,YVR,1095.0,8062.5,141254.7
2676,FRA,YYC,1095.0,7528.5,131898.5
2677,FRA,YYZ,730.0,6344.0,74097.6
2678,FRA,ZRH,1095.0,285.6,5004.1
2679,GIG,AMS,365.0,9559.7,55828.6
2680,GIG,ATL,730.0,7641.5,89252.6
2681,GIG,BOG,365.0,4541.1,26519.8
2682,GIG,BSB,1095.0,914.0,16012.8
2683,GIG,CDG,365.0,9184.3,53636.2
2684,GIG,CLT,730.0,7576.5,88493.1
2685,GIG,DFW,1095.0,8419.4,147508.3
2686,GIG,DXB,365.0,11883.9,69401.8
2687,GIG,FCO,365.0,9171.0,53558.8
2688,GIG,FRA,730.0,9568.4,111759.2
2689,GIG,GRU,1825.0,336.8,9834.3
2690,GIG,IAH,365.0,8087.6,47231.7
2691,GIG,JFK,1095.0,7729.3,135417.8
2692,GIG,LHR,365.0,9253.3,54039.2
2693,GIG,LIM,730.0,3776.6,44111.2
2694,GIG,LIS,365.0,7715.2,45056.5
2695,GIG,MAD,365.0,8146.4,47574.9
2696,GIG,MIA,1095.0,6717.2,117686.0
2697,GIG,OPO,365.0,7965.3,46517.3
2698,GIG,PTY,365.0,5295.0,30922.9
2699,GLA,ACE,1825.0,3081.2,89971.8
2700,GLA,AGP,1095.0,2134.6,37398.4
2701,GLA,ALC,1095.0,1977.0,34637.0
2702,GLA,AMS,1095.0,718.0,12578.6
2703,GLA,AYT,365.0,3368.2,19670.1
2704,GLA,BCN,365.0,1688.1,9858.6
2705,GLA,BHX,365.0,418.3,2442.6
2706,GLA,BRS,365.0,511.8,2988.7
2707,GLA,CDG,365.0,896.6,5236.3
2708,GLA,CUN,730.0,7620.3,89004.8
2709,GLA,DUB,365.0,297.0,1734.5
2710,GLA,DUS,365.0,896.2,5234.1
2711,GLA,DXB,730.0,5840.6,68217.7
2712,GLA,EWR,730.0,5182.0,60525.7
2713,GLA,FAO,1095.0,2113.6,37029.8
2714,GLA,FCO,365.0,1973.4,11524.6
2715,GLA,HER,365.0,3197.3,18672.1
2716,GLA,IBZ,730.0,1938.4,22641.0
2717,GLA,LGW,730.0,595.2,6952.3
2718,GLA,LHR,1095.0,554.7,9718.6
2719,GLA,LPA,1095.0,3227.4,56544.6
2720,GLA,LTN,365.0,518.0,3025.3
2721,GLA,MAN,365.0,312.6,1825.4
2722,GLA,MCO,1095.0,6626.6,116098.1
2723,GLA,MLA,365.0,2644.8,15445.6
2724,GLA,PHL,730.0,5310.8,62030.3
2725,GLA,PMI,1460.0,1889.9,44149.1
2726,GLA,STN,365.0,538.4,3144.3
2727,GLA,TFS,1460.0,3242.1,75736.5
2728,GLA,WAW,365.0,1699.2,9923.5
2729,GLA,YYC,365.0,6476.7,37823.8
2730,GLA,YYZ,365.0,5284.0,30858.4
2731,GRU,AMS,365.0,9774.9,57085.5
2732,GRU,ATL,365.0,7510.3,43860.0
2733,GRU,AUH,365.0,12121.0,70786.4
2734,GRU,BCN,365.0,8764.9,51186.9
2735,GRU,BOG,1095.0,4335.9,75964.7
2736,GRU,BSB,1460.0,854.9,19969.7
2737,GRU,CDG,730.0,9405.2,109852.7
2738,GRU,CLT,730.0,7464.4,87184.3
2739,GRU,CMN,365.0,7539.7,44032.1
2740,GRU,DFW,1095.0,8243.6,144428.6
2741,GRU,DOH,365.0,11858.3,69252.6
2742,GRU,DTW,730.0,8223.7,96052.4
2743,GRU,DXB,365.0,12217.1,71347.6
2744,GRU,EWR,365.0,7684.1,44875.3
2745,GRU,FCO,365.0,9432.6,55086.3
2746,GRU,FRA,730.0,9798.2,114442.9
2747,GRU,GIG,1460.0,336.8,7867.5
2748,GRU,IAD,365.0,7649.1,44670.6
2749,GRU,IAH,365.0,7905.5,46168.0
2750,GRU,IST,365.0,10559.4,61666.9
2751,GRU,JFK,1825.0,7664.0,223788.2
2752,GRU,JNB,730.0,7439.2,86890.1
2753,GRU,LAX,1095.0,9918.6,173773.4
2754,GRU,LHR,730.0,9460.2,110494.9
2755,GRU,LIM,1460.0,3474.7,81168.0
2756,GRU,LIS,365.0,7935.3,46342.0
2757,GRU,MAD,1825.0,8377.6,244625.5
2758,GRU,MCO,730.0,6869.2,80231.9
2759,GRU,MEX,730.0,7433.1,86818.5
2760,GRU,MIA,1095.0,6573.6,115169.2
2761,GRU,MUC,730.0,9857.5,115135.1
2762,GRU,MXP,365.0,9485.5,55395.3
2763,GRU,OPO,365.0,8180.1,47771.9
2764,GRU,ORD,365.0,8428.2,49220.7
2765,GRU,PTY,365.0,5086.0,29702.0
2766,GRU,YYZ,730.0,8193.7,95702.8
2767,GRU,ZRH,365.0,9609.0,56116.5
2768,GVA,AGP,730.0,1380.3,16121.9
2769,GVA,ALC,365.0,1040.1,6074.2
2770,GVA,AMM,365.0,3018.4,17627.6
2771,GVA,AMS,730.0,682.0,7965.7
2772,GVA,ARN,1460.0,1682.7,39307.9
2773,GVA,ATH,1095.0,1731.3,30332.1
2774,GVA,AUH,730.0,4926.3,57539.4
2775,GVA,AYT,365.0,2288.6,13365.3
2776,GVA,BCN,730.0,637.4,7445.4
2777,GVA,BRS,365.0,862.2,5035.0
2778,GVA,BRU,1460.0,532.1,12429.8
2779,GVA,BUD,365.0,1008.0,5886.6
2780,GVA,CAI,730.0,2824.4,32989.0
2781,GVA,CDG,730.0,407.7,4762.4
2782,GVA,CMN,365.0,1843.1,10763.9
2783,GVA,CPH,1460.0,1138.3,26589.5
2784,GVA,CTA,730.0,1223.7,14293.1
2785,GVA,DME,365.0,2427.5,14176.6
2786,GVA,DOH,730.0,4635.9,54147.1
2787,GVA,DUB,365.0,1191.3,6957.2
2788,GVA,DUS,365.0,563.7,3292.3
2789,GVA,DXB,730.0,4919.4,57458.9
2790,GVA,EDI,365.0,1264.2,7382.8
2791,GVA,EWR,730.0,6224.9,72707.3
2792,GVA,FAO,365.0,1551.6,9061.4
2793,GVA,FCO,1460.0,695.1,16238.0
2794,GVA,FRA,1460.0,459.8,10740.5
2795,GVA,HAM,365.0,867.3,5064.9
2796,GVA,HEL,365.0,1990.6,11625.3
2797,GVA,HER,730.0,2002.8,23392.3
2798,GVA,IAD,730.0,6566.3,76694.4
2799,GVA,IBZ,365.0,905.8,5289.7
2800,GVA,IST,365.0,1892.9,11054.8
2801,GVA,JED,365.0,4040.4,23595.9
2802,GVA,JFK,730.0,6201.2,72430.1
2803,GVA,KBP,365.0,1880.1,10979.9
2804,GVA,LED,365.0,2187.0,12772.2
2805,GVA,LGW,365.0,714.9,4175.1
2806,GVA,LHR,1095.0,754.1,13212.3
2807,GVA,LIS,1825.0,1495.7,43673.6
2808,GVA,LPA,365.0,2771.1,16183.3
2809,GVA,LTN,365.0,783.9,4578.2
2810,GVA,MAD,1460.0,1009.9,23592.2
2811,GVA,MAN,365.0,992.7,5797.1
2812,GVA,MLA,365.0,1349.1,7878.7
2813,GVA,MRS,365.0,319.0,1862.8
2814,GVA,MUC,730.0,488.3,5703.7
2815,GVA,NCE,730.0,299.8,3501.4
2816,GVA,OPO,1825.0,1308.6,38211.4
2817,GVA,ORY,365.0,393.5,2298.1
2818,GVA,OSL,365.0,1577.4,9211.7
2819,GVA,OTP,730.0,1566.3,18294.1
2820,GVA,PEK,365.0,8200.3,47889.8
2821,GVA,PMI,730.0,792.4,9254.8
2822,GVA,PRG,365.0,740.9,4326.6
2823,GVA,RUH,365.0,4298.1,25101.1
2824,GVA,STR,365.0,359.2,2097.9
2825,GVA,SVO,365.0,2410.9,14079.6
2826,GVA,TFS,365.0,2832.3,16540.9
2827,GVA,TLV,1095.0,2918.5,51132.8
2828,GVA,VCE,365.0,490.0,2861.7
2829,GVA,VIE,730.0,816.9,9541.6
2830,GVA,WAW,730.0,1261.3,14731.6
2831,GVA,YUL,1460.0,5905.1,137942.2
2832,GVA,ZRH,1095.0,230.3,4034.5
2833,HAK,CAN,1825.0,483.6,14122.1
2834,HAK,CGO,1825.0,1655.5,48341.8
2835,HAK,CKG,1825.0,1153.9,33693.4
2836,HAK,CSX,1460.0,959.6,22415.7
2837,HAK,CTU,1825.0,1351.8,39473.3
2838,HAK,FOC,1825.0,1154.1,33700.1
2839,HAK,HGH,2555.0,1521.4,62193.5
2840,HAK,HKG,1460.0,445.1,10398.6
2841,HAK,KMG,1460.0,963.1,22498.2
2842,HAK,KWE,1095.0,823.8,14432.7
2843,HAK,KWL,1095.0,589.0,10320.0
2844,HAK,NKG,1825.0,1557.7,45484.3
2845,HAK,NNG,1460.0,380.1,8880.2
2846,HAK,PEK,1825.0,2314.8,67593.1
2847,HAK,PVG,1825.0,1685.6,49220.8
2848,HAK,SHA,365.0,1658.8,9687.5
2849,HAK,SIN,1095.0,2182.8,38243.4
2850,HAK,SZX,1460.0,459.4,10730.5
2851,HAK,TPE,730.0,1245.1,14542.3
2852,HAK,TSN,730.0,2233.5,26087.6
2853,HAK,TYN,365.0,1991.7,11631.3
2854,HAK,WUH,1095.0,1263.5,22136.6
2855,HAK,XIY,365.0,1622.4,9474.9
2856,HAK,XMN,1095.0,940.8,16482.3
2857,HAM,ACE,730.0,3345.8,39079.2
2858,HAM,AGP,1460.0,2191.7,51198.3
2859,HAM,ALC,730.0,1886.7,22036.3
2860,HAM,AMS,1825.0,379.4,11077.2
2861,HAM,ARN,730.0,825.5,9641.9
2862,HAM,ATH,365.0,2045.2,11944.1
2863,HAM,AYT,1825.0,2454.2,71661.3
2864,HAM,BCN,1460.0,1492.6,34866.3
2865,HAM,BHX,365.0,794.5,4639.8
2866,HAM,BRS,365.0,894.2,5222.3
2867,HAM,BRU,730.0,481.8,5627.5
2868,HAM,BUD,365.0,949.8,5546.9
2869,HAM,CDG,1095.0,727.8,12751.9
2870,HAM,CGN,365.0,363.3,2121.5
2871,HAM,CPH,730.0,279.8,3268.5
2872,HAM,CTA,730.0,1839.1,21480.9
2873,HAM,DUB,365.0,1072.6,6264.0
2874,HAM,DUS,730.0,339.6,3966.8
2875,HAM,DXB,730.0,4884.2,57047.6
2876,HAM,EDI,365.0,892.9,5214.7
2877,HAM,EWR,730.0,6137.5,71686.4
2878,HAM,FAO,730.0,2306.4,26938.7
2879,HAM,FCO,730.0,1326.0,15487.7
2880,HAM,FRA,730.0,411.6,4808.0
2881,HAM,GVA,365.0,867.3,5064.9
2882,HAM,HEL,730.0,1168.6,13649.3
2883,HAM,HER,1460.0,2353.0,54965.2
2884,HAM,IBZ,365.0,1766.6,10316.7
2885,HAM,IST,365.0,1957.8,11433.5
2886,HAM,LED,365.0,1406.6,8214.4
2887,HAM,LGW,365.0,743.0,4339.1
2888,HAM,LHR,1460.0,745.4,17413.6
2889,HAM,LIS,730.0,2197.7,25668.9
2890,HAM,LPA,1095.0,3528.1,61812.7
2891,HAM,LTN,365.0,723.1,4222.9
2892,HAM,MAD,365.0,1780.9,10400.2
2893,HAM,MAN,730.0,810.8,9470.5
2894,HAM,MLA,365.0,2006.8,11719.7
2895,HAM,MUC,730.0,600.0,7008.2
2896,HAM,MXP,730.0,894.1,10443.3
2897,HAM,NCE,730.0,1127.2,13165.2
2898,HAM,OSL,730.0,724.6,8463.0
2899,HAM,PMI,1460.0,1658.5,38742.6
2900,HAM,PRG,1095.0,489.8,8581.0
2901,HAM,RIX,730.0,956.2,11168.1
2902,HAM,SAW,365.0,2019.7,11795.3
2903,HAM,STR,730.0,551.9,6446.7
2904,HAM,SVO,365.0,1765.1,10307.9
2905,HAM,TFS,1095.0,3574.4,62623.0
2906,HAM,VCE,730.0,919.3,10737.1
2907,HAM,VIE,1460.0,767.5,17928.0
2908,HAM,WAW,730.0,753.4,8799.7
2909,HAM,ZRH,1095.0,693.1,12142.3
2910,HEL,AGP,730.0,3352.6,39158.8
2911,HEL,ALC,365.0,3029.9,17694.9
2912,HEL,AMS,1095.0,1521.3,26653.2
2913,HEL,ARN,1825.0,398.6,11638.2
2914,HEL,ATH,365.0,2489.7,14539.6
2915,HEL,AYT,365.0,2636.7,15398.6
2916,HEL,BCN,1460.0,2628.1,61391.4
2917,HEL,BKK,365.0,7907.8,46181.6
2918,HEL,BRU,365.0,1646.5,9615.6
2919,HEL,BUD,730.0,1479.6,17282.0
2920,HEL,CDG,1095.0,1895.6,33210.2
2921,HEL,CKG,365.0,6723.5,39265.4
2922,HEL,CPH,1095.0,892.1,15630.2
2923,HEL,DEL,365.0,5223.1,30502.7
2924,HEL,DME,730.0,937.6,10951.3
2925,HEL,DUB,365.0,2023.3,11816.0
2926,HEL,DUS,730.0,1507.8,17611.0
2927,HEL,FCO,730.0,2233.7,26090.0
2928,HEL,FRA,1825.0,1537.9,44907.8
2929,HEL,GVA,365.0,1990.6,11625.3
2930,HEL,HAM,730.0,1168.6,13649.3
2931,HEL,HKG,365.0,7809.7,45608.8
2932,HEL,ICN,365.0,7032.1,41067.6
2933,HEL,IST,730.0,2133.2,24915.7
2934,HEL,JFK,1460.0,6607.3,154346.9
2935,HEL,KBP,365.0,1169.5,6829.7
2936,HEL,KIX,730.0,7732.2,90312.4
2937,HEL,LED,730.0,299.6,3499.0
2938,HEL,LGW,365.0,1858.2,10852.1
2939,HEL,LHR,1460.0,1848.0,43168.2
2940,HEL,LIS,730.0,3363.9,39290.1
2941,HEL,MAD,730.0,2947.4,34426.0
2942,HEL,MAN,1095.0,1811.5,31737.6
2943,HEL,MUC,1460.0,1574.5,36781.2
2944,HEL,MXP,365.0,1950.1,11388.7
2945,HEL,NCE,730.0,2199.8,25693.8
2946,HEL,NRT,730.0,7829.4,91446.9
2947,HEL,ORY,365.0,1928.3,11261.0
2948,HEL,OSL,1095.0,767.3,13442.9
2949,HEL,PEK,730.0,6307.6,73672.9
2950,HEL,PMI,365.0,2774.4,16202.2
2951,HEL,PRG,1095.0,1319.8,23123.4
2952,HEL,PVG,730.0,7393.9,86360.9
2953,HEL,RIX,730.0,381.7,4458.1
2954,HEL,SIN,365.0,9275.4,54168.1
2955,HEL,SVO,730.0,873.8,10206.3
2956,HEL,SVX,730.0,2090.7,24419.3
2957,HEL,TLV,365.0,3230.9,18868.2
2958,HEL,TXL,1095.0,1118.8,19602.1
2959,HEL,VIE,730.0,1460.2,17055.4
2960,HEL,WAW,730.0,939.0,10967.6
2961,HEL,XIY,365.0,6406.5,37414.0
2962,HEL,ZRH,730.0,1778.2,20769.2
2963,HER,AMS,365.0,2480.9,14488.7
2964,HER,ATH,1460.0,309.1,7219.8
2965,HER,BHX,1095.0,2846.8,49875.4
2966,HER,BRS,365.0,2845.9,16620.0
2967,HER,BRU,1095.0,2395.4,41968.0
2968,HER,CDG,365.0,2389.8,13956.7
2969,HER,CGN,730.0,2251.4,26296.8
2970,HER,DME,1095.0,2434.0,42644.2
2971,HER,DUS,2190.0,2302.8,80690.8
2972,HER,EDI,365.0,3147.2,18379.9
2973,HER,FRA,1460.0,2114.4,49392.2
2974,HER,GLA,365.0,3197.3,18672.1
2975,HER,GVA,730.0,2002.8,23392.3
2976,HER,HAM,1460.0,2353.0,54965.2
2977,HER,KBP,365.0,1731.0,10109.2
2978,HER,LED,730.0,2744.6,32057.0
2979,HER,LGW,1095.0,2679.9,46952.4
2980,HER,LTN,365.0,2732.9,15959.9
2981,HER,LYS,365.0,2044.8,11941.6
2982,HER,MAN,1095.0,2929.4,51322.4
2983,HER,MRS,365.0,1930.3,11273.2
2984,HER,MUC,1825.0,1817.8,53080.3
2985,HER,MXP,365.0,1795.3,10484.6
2986,HER,ORY,365.0,2384.2,13923.7
2987,HER,PRG,365.0,1863.6,10883.5
2988,HER,RIX,365.0,2401.7,14026.1
2989,HER,STR,1095.0,1977.3,34642.1
2990,HER,SVO,365.0,2474.9,14453.6
2991,HER,TLV,365.0,970.9,5669.9
2992,HER,TXL,1095.0,2132.0,37351.8
2993,HER,VIE,1460.0,1587.3,37079.3
2994,HER,ZRH,730.0,1926.6,22503.2
2995,HGH,AMS,730.0,8922.0,104209.3
2996,HGH,CAN,3650.0,1038.4,60640.0
2997,HGH,CGO,3650.0,781.3,45627.3
2998,HGH,CKG,2190.0,1328.9,46563.9
2999,HGH,CSX,1825.0,735.8,21486.1
3000,HGH,CTU,3285.0,1580.2,83056.5
3001,HGH,DLC,3650.0,976.6,57036.2
3002,HGH,DOH,365.0,6692.6,39084.7
3003,HGH,FOC,730.0,483.5,5646.9
3004,HGH,HAK,2555.0,1521.4,62193.5
3005,HGH,HKG,2555.0,1094.1,44724.9
3006,HGH,HRB,1095.0,1784.9,31270.6
3007,HGH,ICN,730.0,977.6,11418.6
3008,HGH,KIX,730.0,1466.0,17123.3
3009,HGH,KMG,2920.0,1813.4,84720.7
3010,HGH,KUL,365.0,3636.6,21237.8
3011,HGH,KWE,2190.0,1394.3,48856.4
3012,HGH,KWL,2920.0,1164.3,54395.5
3013,HGH,NNG,1460.0,1484.7,34681.7
3014,HGH,NRT,730.0,1955.6,22841.7
3015,HGH,PEK,2920.0,1149.5,53706.5
3016,HGH,SHE,2555.0,1297.9,53057.1
3017,HGH,SIN,365.0,3650.0,21316.2
3018,HGH,SYX,2920.0,1731.8,80910.5
3019,HGH,SZX,2555.0,1070.5,43762.3
3020,HGH,TAO,3285.0,671.3,35281.6
3021,HGH,TNA,1460.0,794.9,18568.3
3022,HGH,TPE,1095.0,578.2,10130.5
3023,HGH,TSN,1825.0,1028.4,30029.1
3024,HGH,TYN,1825.0,1102.1,32182.0
3025,HGH,URC,365.0,3266.0,19073.6
3026,HGH,WUH,1825.0,599.6,17507.2
3027,HGH,XIY,2555.0,1192.5,48749.8
3028,HGH,XMN,1825.0,671.9,19619.1
3029,HKG,ADD,365.0,8106.6,47342.5
3030,HKG,AKL,1095.0,9170.1,160660.8
3031,HKG,AMS,730.0,9274.4,108325.3
3032,HKG,AUH,1095.0,6006.8,105238.7
3033,HKG,BKK,4380.0,1689.4,118392.5
3034,HKG,BLR,730.0,3954.9,46193.8
3035,HKG,BNE,1095.0,6948.0,121728.7
3036,HKG,BOM,1095.0,4271.9,74843.7
3037,HKG,CAN,1095.0,136.0,2382.9
3038,HKG,CCU,730.0,2613.8,30529.1
3039,HKG,CDG,1095.0,9590.1,168017.8
3040,HKG,CGK,1460.0,3259.0,76131.4
3041,HKG,CGO,1095.0,1357.8,23788.6
3042,HKG,CKG,1825.0,1098.1,32063.9
3043,HKG,CSX,730.0,657.6,7680.5
3044,HKG,CTU,2190.0,1351.7,47362.0
3045,HKG,DEL,1825.0,3746.4,109394.8
3046,HKG,DLC,730.0,1988.6,23227.0
3047,HKG,DME,1095.0,7108.6,124542.7
3048,HKG,DOH,730.0,6290.7,73475.8
3049,HKG,DPS,1825.0,3456.1,100917.6
3050,HKG,DXB,730.0,5919.7,69141.9
3051,HKG,EWR,1095.0,12959.9,227057.7
3052,HKG,FCO,365.0,9283.2,54214.2
3053,HKG,FOC,1460.0,709.0,16561.5
3054,HKG,FRA,730.0,9153.3,106910.8
3055,HKG,HAK,1460.0,445.1,10398.6
3056,HKG,HEL,365.0,7809.7,45608.8
3057,HKG,HGH,2555.0,1094.1,44724.9
3058,HKG,HND,1460.0,2902.5,67802.9
3059,HKG,ICN,3650.0,2069.7,120872.1
3060,HKG,IST,365.0,8005.9,46754.3
3061,HKG,JFK,730.0,12970.4,151494.1
3062,HKG,JNB,730.0,10674.6,124679.5
3063,HKG,KIX,2190.0,2475.6,86746.1
3064,HKG,KMG,1460.0,1160.4,27106.5
3065,HKG,KUL,1095.0,2543.1,44554.9
3066,HKG,KWE,365.0,859.9,5021.9
3067,HKG,KWL,1095.0,510.1,8936.5
3068,HKG,LAX,730.0,11664.5,136241.0
3069,HKG,LHR,1095.0,9630.8,168731.6
3070,HKG,MAA,365.0,3713.1,21684.8
3071,HKG,MEL,1095.0,7412.5,129867.0
3072,HKG,MNL,1460.0,1145.9,26767.2
3073,HKG,MUC,365.0,9019.4,52673.0
3074,HKG,MXP,365.0,9357.4,54646.9
3075,HKG,NKG,2190.0,1157.3,40551.7
3076,HKG,NNG,365.0,591.1,3451.8
3077,HKG,NRT,1825.0,2962.1,86494.7
3078,HKG,ORD,1095.0,12522.5,219394.8
3079,HKG,PEK,2190.0,1992.0,69801.3
3080,HKG,PVG,2555.0,1255.7,51331.7
3081,HKG,RUH,365.0,6781.6,39604.6
3082,HKG,SFO,2190.0,11128.1,389930.3
3083,HKG,SGN,1460.0,1493.0,34875.9
3084,HKG,SHA,1825.0,1232.0,35974.4
3085,HKG,SHE,365.0,2327.5,13592.8
3086,HKG,SIN,2920.0,2565.6,119863.7
3087,HKG,SVO,365.0,7137.1,41680.9
3088,HKG,SYD,1095.0,7393.8,129540.2
3089,HKG,SYX,1095.0,647.1,11338.0
3090,HKG,TAO,730.0,1672.5,19534.3
3091,HKG,TLV,365.0,7725.9,45119.1
3092,HKG,TNA,365.0,1648.6,9627.6
3093,HKG,TPE,2190.0,806.1,28244.1
3094,HKG,TSN,1095.0,1897.9,33251.6
3095,HKG,TYN,730.0,1721.0,20101.7
3096,HKG,WUH,1460.0,942.8,22024.2
3097,HKG,XIY,1095.0,1440.5,25237.4
3098,HKG,XMN,1825.0,496.5,14497.1
3099,HKG,YVR,730.0,10269.3,119945.6
3100,HKG,YYZ,730.0,12548.5,146566.8
3101,HKG,ZRH,365.0,9279.8,54193.9
3102,HND,BKK,1460.0,4589.4,107208.2
3103,HND,CDG,1095.0,9706.8,170063.6
3104,HND,CGK,730.0,5784.0,67556.8
3105,HND,DPS,730.0,5561.1,64953.5
3106,HND,DXB,730.0,7934.6,92676.4
3107,HND,FRA,730.0,9360.8,109334.5
3108,HND,HKG,1460.0,2902.5,67802.9
3109,HND,HNL,1825.0,6191.7,180799.0
3110,HND,ICN,1095.0,1209.1,21183.1
3111,HND,KIX,1095.0,431.7,7563.1
3112,HND,KUL,365.0,5350.3,31245.8
3113,HND,LAX,1095.0,8812.4,154393.2
3114,HND,LHR,1460.0,9591.5,224057.1
3115,HND,MNL,730.0,2995.9,34991.6
3116,HND,MUC,730.0,9358.6,109308.7
3117,HND,PEK,1460.0,2092.2,48873.8
3118,HND,SEA,365.0,7711.7,45036.2
3119,HND,SFO,730.0,8285.9,96779.0
3120,HND,SGN,365.0,4324.2,25253.5
3121,HND,SHA,1825.0,1776.7,51879.8
3122,HND,SIN,1460.0,5299.8,123802.6
3123,HND,YVR,730.0,7558.7,88285.1
3124,HNL,AKL,1460.0,7088.7,165592.2
3125,HNL,ATL,730.0,7233.9,84492.2
3126,HNL,BNE,365.0,7552.4,44106.2
3127,HNL,DEN,365.0,5407.9,31582.1
3128,HNL,DFW,730.0,6080.9,71025.2
3129,HNL,EWR,365.0,7973.4,46564.6
3130,HNL,HND,1825.0,6191.7,180799.0
3131,HNL,IAD,365.0,7739.6,45199.1
3132,HNL,IAH,365.0,6272.5,36631.3
3133,HNL,ICN,1460.0,7352.8,171760.3
3134,HNL,JFK,365.0,8006.7,46759.4
3135,HNL,KIX,1460.0,6613.7,154495.2
3136,HNL,LAS,730.0,4440.5,51864.9
3137,HNL,LAX,3285.0,4108.2,215928.3
3138,HNL,MEL,730.0,8874.8,103657.9
3139,HNL,MNL,365.0,8520.5,49759.5
3140,HNL,NRT,2555.0,6135.9,250835.7
3141,HNL,ORD,365.0,6819.2,39824.0
3142,HNL,PDX,730.0,4188.1,48917.5
3143,HNL,PEK,1095.0,8132.1,142474.7
3144,HNL,PHX,1095.0,4688.5,82143.0
3145,HNL,PVG,365.0,7913.6,46215.6
3146,HNL,SAN,730.0,4200.7,49064.5
3147,HNL,SEA,1095.0,4307.9,75474.6
3148,HNL,SFO,1095.0,3856.9,67572.7
3149,HNL,SLC,365.0,4813.1,28108.8
3150,HNL,SYD,1825.0,8170.5,238579.6
3151,HNL,TPE,730.0,8143.8,95119.5
3152,HNL,YVR,1095.0,4353.6,76274.8
3153,HRB,CAN,1095.0,2733.8,47896.9
3154,HRB,CGO,2555.0,1620.7,66253.4
3155,HRB,CSX,365.0,2251.7,13150.0
3156,HRB,CTU,730.0,2554.6,29838.3
3157,HRB,DLC,1095.0,835.2,14632.7
3158,HRB,FOC,730.0,2266.4,26472.1
3159,HRB,HGH,1095.0,1784.9,31270.6
3160,HRB,HKG,365.0,2823.2,16487.7
3161,HRB,ICN,730.0,906.9,10592.2
3162,HRB,KIX,365.0,1459.5,8523.3
3163,HRB,NKG,1095.0,1669.6,29251.8
3164,HRB,PEK,2190.0,999.1,35009.7
3165,HRB,PVG,1825.0,1655.4,48336.3
3166,HRB,SVX,365.0,4536.1,26490.7
3167,HRB,SZX,1095.0,2792.6,48926.5
3168,HRB,TAO,2190.0,1150.8,40323.7
3169,HRB,TNA,2555.0,1231.5,50342.6
3170,HRB,TPE,730.0,2328.2,27193.8
3171,HRB,TSN,2920.0,1027.0,47981.5
3172,HRB,TYN,730.0,1427.3,16670.8
3173,HRB,WUH,365.0,1952.1,11400.2
3174,HRB,XIY,1825.0,1932.5,56428.7
3175,IAD,ADD,365.0,11563.1,67528.7
3176,IAD,AMS,1460.0,6207.1,144997.8
3177,IAD,ATL,3285.0,859.0,45150.7
3178,IAD,AUH,730.0,11386.8,132997.7
3179,IAD,BOG,730.0,3822.2,44643.8
3180,IAD,BOS,730.0,663.5,7750.3
3181,IAD,BRU,1095.0,6247.0,109447.3
3182,IAD,CDG,1825.0,6197.5,180968.3
3183,IAD,CLT,1095.0,517.4,9064.3
3184,IAD,CPH,365.0,6539.3,38189.3
3185,IAD,CUN,365.0,2185.1,12760.8
3186,IAD,DEN,1095.0,2331.7,40851.3
3187,IAD,DFW,1095.0,1882.5,32981.0
3188,IAD,DOH,730.0,11127.3,129967.3
3189,IAD,DTW,730.0,616.3,7198.3
3190,IAD,DUB,730.0,5463.9,63818.4
3191,IAD,DXB,1095.0,11355.3,198944.2
3192,IAD,EWR,365.0,341.4,1993.9
3193,IAD,FCO,365.0,7231.6,42232.8
3194,IAD,FLL,365.0,1453.3,8487.0
3195,IAD,FRA,730.0,6550.6,76511.4
3196,IAD,GRU,365.0,7649.1,44670.6
3197,IAD,GVA,730.0,6566.3,76694.4
3198,IAD,HNL,365.0,7739.6,45199.1
3199,IAD,IAH,365.0,1913.4,11174.1
3200,IAD,ICN,730.0,11173.3,130503.6
3201,IAD,IST,730.0,8387.8,97970.1
3202,IAD,JED,365.0,10591.6,61855.1
3203,IAD,JFK,1095.0,366.3,6417.9
3204,IAD,KWI,365.0,10559.4,61667.0
3205,IAD,LAS,365.0,3316.4,19368.1
3206,IAD,LAX,1460.0,3674.0,85825.3
3207,IAD,LGA,365.0,367.5,2146.0
3208,IAD,LHR,2920.0,5901.8,275731.3
3209,IAD,MAN,365.0,5722.1,33417.3
3210,IAD,MCO,365.0,1222.0,7136.6
3211,IAD,MDW,730.0,927.1,10828.3
3212,IAD,MEX,1095.0,3002.2,52598.1
3213,IAD,MIA,1095.0,1486.2,26037.6
3214,IAD,MSP,730.0,1458.7,17037.6
3215,IAD,MSY,1095.0,1536.0,26911.4
3216,IAD,MUC,730.0,6843.0,79925.7
3217,IAD,NRT,730.0,10844.6,126664.7
3218,IAD,ORD,365.0,945.4,5521.2
3219,IAD,PDX,365.0,3736.2,21819.7
3220,IAD,PEK,730.0,11112.8,129797.1
3221,IAD,PHL,365.0,216.4,1263.8
3222,IAD,PHX,365.0,3141.6,18346.8
3223,IAD,PTY,730.0,3327.3,38862.8
3224,IAD,RUH,365.0,10842.3,63319.3
3225,IAD,SAN,365.0,3618.3,21131.0
3226,IAD,SEA,365.0,3701.6,21617.5
3227,IAD,SFO,730.0,3883.4,45358.1
3228,IAD,SJU,365.0,2533.9,14797.8
3229,IAD,STL,365.0,1117.7,6527.2
3230,IAD,SVO,730.0,7811.6,91239.2
3231,IAD,TPA,730.0,1306.9,15264.2
3232,IAD,VIE,730.0,7165.3,83690.8
3233,IAD,YUL,730.0,787.3,9195.8
3234,IAD,YYZ,730.0,556.7,6501.8
3235,IAD,ZRH,730.0,6673.2,77942.7
3236,IAH,AMS,1460.0,8049.3,188031.5
3237,IAH,ATL,3285.0,1107.6,58213.5
3238,IAH,BOG,730.0,3584.9,41872.1
3239,IAH,BOS,365.0,2567.6,14995.0
3240,IAH,BWI,365.0,1985.8,11597.0
3241,IAH,CDG,1095.0,8071.3,141410.0
3242,IAH,CLT,1095.0,1466.9,25700.0
3243,IAH,CUN,730.0,1307.2,15268.0
3244,IAH,DCA,365.0,1941.6,11339.1
3245,IAH,DEN,1095.0,1387.5,24308.9
3246,IAH,DFW,1095.0,361.6,6335.6
3247,IAH,DME,730.0,9532.4,111338.9
3248,IAH,DOH,1095.0,12932.5,226578.1
3249,IAH,DTW,1095.0,1730.9,30324.9
3250,IAH,DXB,730.0,13124.8,153297.8
3251,IAH,EWR,365.0,2250.5,13143.2
3252,IAH,FLL,365.0,1551.5,9061.0
3253,IAH,FRA,730.0,8402.6,98142.2
3254,IAH,GIG,365.0,8087.6,47231.7
3255,IAH,GRU,365.0,7905.5,46168.0
3256,IAH,HNL,365.0,6272.5,36631.3
3257,IAH,IAD,365.0,1913.4,11174.1
3258,IAH,ICN,365.0,11345.8,66259.7
3259,IAH,IST,730.0,10231.9,119508.7
3260,IAH,LAS,730.0,1962.8,22925.4
3261,IAH,LAX,1825.0,2215.1,64680.1
3262,IAH,LGA,730.0,2277.1,26596.9
3263,IAH,LHR,2190.0,7763.0,272014.8
3264,IAH,LIM,365.0,5062.5,29564.7
3265,IAH,MCO,730.0,1372.0,16025.0
3266,IAH,MEX,1460.0,1231.7,28772.0
3267,IAH,MIA,1095.0,1549.4,27145.6
3268,IAH,MSP,1095.0,1666.9,29204.3
3269,IAH,MSY,1460.0,489.5,11435.5
3270,IAH,MUC,365.0,8699.0,50802.4
3271,IAH,NRT,730.0,10669.3,124618.0
3272,IAH,ORD,1460.0,1490.7,34821.6
3273,IAH,PDX,365.0,2933.7,17132.9
3274,IAH,PEK,730.0,11556.3,134977.6
3275,IAH,PHL,1095.0,2129.5,37308.6
3276,IAH,PHX,1095.0,1621.0,28399.3
3277,IAH,PTY,730.0,2856.5,33363.4
3278,IAH,SAN,365.0,2093.1,12224.0
3279,IAH,SEA,1095.0,3013.4,52794.9
3280,IAH,SFO,730.0,2627.2,30685.5
3281,IAH,SJU,365.0,3227.9,18851.1
3282,IAH,SLC,730.0,1922.3,22453.0
3283,IAH,STL,365.0,1075.6,6281.5
3284,IAH,TPA,365.0,1265.0,7387.7
3285,IAH,YUL,730.0,2548.8,29769.8
3286,IAH,YVR,365.0,3169.4,18509.1
3287,IAH,YYC,730.0,2812.5,32850.5
3288,IAH,YYZ,730.0,2060.1,24061.8
3289,IBZ,AGP,365.0,570.9,3334.1
3290,IBZ,ALC,730.0,180.3,2105.5
3291,IBZ,AMS,1095.0,1516.7,26571.9
3292,IBZ,BCN,1095.0,276.2,4838.2
3293,IBZ,BHX,365.0,1529.1,8930.0
3294,IBZ,BRS,365.0,1427.0,8333.7
3295,IBZ,BRU,1095.0,1359.5,23817.7
3296,IBZ,CGN,730.0,1407.8,16443.6
3297,IBZ,DUB,730.0,1719.1,20079.6
3298,IBZ,DUS,1095.0,1443.1,25283.9
3299,IBZ,FRA,1095.0,1364.6,23908.1
3300,IBZ,GLA,365.0,1938.4,11320.5
3301,IBZ,GVA,365.0,905.8,5289.7
3302,IBZ,HAM,365.0,1766.6,10316.7
3303,IBZ,LGW,730.0,1370.4,16006.0
3304,IBZ,LHR,730.0,1408.0,16446.0
3305,IBZ,LTN,730.0,1452.0,16959.4
3306,IBZ,MAD,1825.0,458.2,13380.8
3307,IBZ,MAN,1460.0,1634.0,38170.5
3308,IBZ,MRS,365.0,601.2,3510.9
3309,IBZ,MUC,730.0,1344.3,15701.9
3310,IBZ,MXP,365.0,964.0,5630.1
3311,IBZ,ORY,1095.0,1098.3,19241.6
3312,IBZ,PMI,730.0,139.8,1632.7
3313,IBZ,STN,1095.0,1449.6,25396.3
3314,IBZ,STR,730.0,1258.8,14703.3
3315,IBZ,TXL,730.0,1775.8,20740.8
3316,IBZ,ZRH,365.0,1117.5,6526.4
3317,ICN,AKL,365.0,9656.3,56392.6
3318,ICN,AMS,730.0,8552.0,99887.1
3319,ICN,ATL,730.0,11487.1,134169.7
3320,ICN,AUH,1095.0,6837.3,119789.8
3321,ICN,BKK,3650.0,3668.7,214250.7
3322,ICN,BNE,365.0,7729.6,45140.9
3323,ICN,BOM,365.0,5547.9,32399.8
3324,ICN,CAN,1095.0,2005.5,35136.0
3325,ICN,CDG,1095.0,8926.6,156394.1
3326,ICN,CGK,1095.0,5264.3,92230.9
3327,ICN,CGO,730.0,1179.8,13780.5
3328,ICN,CKG,730.0,2021.6,23611.8
3329,ICN,CMB,365.0,5767.9,33684.4
3330,ICN,CSX,1460.0,1607.3,37547.6
3331,ICN,CTU,1095.0,2204.2,38617.7
3332,ICN,DEL,730.0,4652.5,54340.9
3333,ICN,DFW,1460.0,10986.7,256649.4
3334,ICN,DLC,1460.0,460.2,10749.9
3335,ICN,DOH,730.0,7052.5,82373.1
3336,ICN,DPS,1095.0,5271.6,92358.9
3337,ICN,DTW,365.0,10654.4,62221.9
3338,ICN,DXB,730.0,6728.9,78593.9
3339,ICN,FRA,1095.0,8543.2,149676.0
3340,ICN,HEL,365.0,7032.1,41067.6
3341,ICN,HGH,730.0,977.6,11418.6
3342,ICN,HKG,3650.0,2069.7,120872.1
3343,ICN,HND,1095.0,1209.1,21183.1
3344,ICN,HNL,1460.0,7352.8,171760.3
3345,ICN,HRB,730.0,906.9,10592.2
3346,ICN,IAD,730.0,11173.3,130503.6
3347,ICN,IAH,365.0,11345.8,66259.7
3348,ICN,IST,1095.0,7923.0,138810.2
3349,ICN,JFK,1460.0,11088.8,259034.1
3350,ICN,KIX,2555.0,860.3,35168.9
3351,ICN,KMG,730.0,2612.8,30518.0
3352,ICN,KUL,1095.0,4612.8,80816.4
3353,ICN,KWL,730.0,2064.2,24109.6
3354,ICN,LAS,730.0,9668.5,112927.6
3355,ICN,LAX,1825.0,9625.5,281063.8
3356,ICN,LED,365.0,6798.0,39700.4
3357,ICN,LHR,1095.0,8861.2,155248.8
3358,ICN,MAD,365.0,9965.2,58196.8
3359,ICN,MNL,2190.0,2608.8,91414.1
3360,ICN,MUC,365.0,8499.6,49637.7
3361,ICN,MXP,730.0,8876.0,103671.5
3362,ICN,NBO,730.0,10054.7,117439.0
3363,ICN,NKG,730.0,941.7,10998.8
3364,ICN,NRT,3650.0,1256.8,73400.0
3365,ICN,ORD,1095.0,10519.1,184294.1
3366,ICN,PEK,1460.0,902.6,21085.0
3367,ICN,PRG,730.0,8236.5,96202.7
3368,ICN,PVG,1825.0,822.4,24014.8
3369,ICN,RUH,365.0,7491.7,43751.8
3370,ICN,SEA,1460.0,8373.3,195601.3
3371,ICN,SFO,2555.0,9085.3,371405.7
3372,ICN,SGN,1095.0,3562.7,62418.3
3373,ICN,SHE,730.0,528.9,6177.5
3374,ICN,SIN,1825.0,4627.4,135119.3
3375,ICN,SVO,730.0,6585.7,76921.5
3376,ICN,SYD,1460.0,8342.8,194886.7
3377,ICN,SZX,1095.0,2044.8,35824.1
3378,ICN,TAO,2190.0,556.8,19509.9
3379,ICN,TLV,365.0,8039.0,46947.5
3380,ICN,TNA,2190.0,820.8,28762.0
3381,ICN,TPE,2555.0,1463.7,59835.2
3382,ICN,TSN,1460.0,815.2,19043.4
3383,ICN,VIE,365.0,8248.3,48169.8
3384,ICN,WUH,1095.0,1348.2,23620.4
3385,ICN,XIY,1095.0,1625.5,28478.1
3386,ICN,XMN,730.0,1639.8,19152.7
3387,ICN,YVR,1095.0,8199.7,143659.1
3388,ICN,YYZ,365.0,10616.6,62001.2
3389,IST,ADD,365.0,3724.8,21753.1
3390,IST,AGP,365.0,2901.3,16943.5
3391,IST,AMM,730.0,1242.8,14515.6
3392,IST,AMS,730.0,2183.8,25506.3
3393,IST,ARN,730.0,2176.0,25415.7
3394,IST,ATH,1095.0,554.3,9711.8
3395,IST,AUH,730.0,3038.9,35494.0
3396,IST,AYT,1095.0,517.7,9070.7
3397,IST,BCN,365.0,2219.8,12963.8
3398,IST,BHX,365.0,2603.6,15204.8
3399,IST,BKK,730.0,7512.2,87742.3
3400,IST,BOM,730.0,4834.6,56468.5
3401,IST,BRU,365.0,2141.5,12506.3
3402,IST,BUD,365.0,1017.4,5941.4
3403,IST,CAI,730.0,1263.0,14751.3
3404,IST,CAN,730.0,7882.1,92063.0
3405,IST,CDG,1095.0,2213.6,38782.7
3406,IST,CGN,365.0,1967.6,11491.0
3407,IST,CMN,730.0,3305.4,38606.8
3408,IST,CPH,730.0,1977.9,23102.0
3409,IST,DEL,730.0,4565.0,53318.9
3410,IST,DOH,730.0,2755.9,32189.2
3411,IST,DUB,365.0,2923.9,17075.8
3412,IST,DUS,365.0,2011.2,11745.3
3413,IST,DXB,1095.0,3028.3,53056.4
3414,IST,EDI,365.0,2830.0,16527.4
3415,IST,FCO,730.0,1373.5,16042.8
3416,IST,FRA,1095.0,1837.4,32190.6
3417,IST,GRU,365.0,10559.4,61666.9
3418,IST,GVA,365.0,1892.9,11054.8
3419,IST,HAM,365.0,1957.8,11433.5
3420,IST,HEL,730.0,2133.2,24915.7
3421,IST,HKG,365.0,8005.9,46754.3
3422,IST,IAD,730.0,8387.8,97970.1
3423,IST,IAH,730.0,10231.9,119508.7
3424,IST,ICN,1095.0,7923.0,138810.2
3425,IST,JED,730.0,2387.5,27886.4
3426,IST,JFK,730.0,8026.8,93753.0
3427,IST,JNB,365.0,7496.3,43778.6
3428,IST,KBP,1460.0,1022.0,23873.3
3429,IST,KIX,730.0,8744.4,102134.2
3430,IST,KUL,730.0,8387.2,97962.0
3431,IST,KWI,730.0,2191.4,25595.6
3432,IST,LAX,730.0,11002.3,128506.9
3433,IST,LED,730.0,2062.5,24090.2
3434,IST,LGW,365.0,2461.1,14372.9
3435,IST,LHR,1095.0,2488.8,43604.0
3436,IST,LIS,730.0,3212.3,37519.2
3437,IST,LTN,365.0,2495.1,14571.2
3438,IST,LYS,365.0,1964.3,11471.6
3439,IST,MAD,365.0,2702.8,15784.1
3440,IST,MAN,365.0,2666.5,15572.6
3441,IST,MCT,730.0,3370.7,39370.1
3442,IST,MLA,730.0,1377.2,16085.7
3443,IST,MRS,730.0,1941.8,22680.3
3444,IST,MUC,1460.0,1547.6,36151.2
3445,IST,MXP,365.0,1682.2,9824.1
3446,IST,NBO,730.0,4807.7,56154.5
3447,IST,NCE,365.0,1781.1,10401.6
3448,IST,NRT,730.0,8979.1,104875.9
3449,IST,ORD,730.0,8785.9,102619.8
3450,IST,OSL,730.0,2421.0,28277.0
3451,IST,OTP,730.0,425.9,4974.8
3452,IST,PEK,730.0,7058.9,82447.4
3453,IST,PRG,365.0,1488.7,8694.3
3454,IST,PVG,730.0,8020.1,93675.0
3455,IST,RIX,365.0,1773.4,10356.7
3456,IST,RUH,730.0,2456.8,28695.3
3457,IST,SIN,1095.0,8679.5,152065.7
3458,IST,STR,365.0,1736.2,10139.7
3459,IST,SVO,365.0,1750.7,10224.0
3460,IST,SVX,365.0,2859.4,16699.0
3461,IST,TLV,365.0,1165.7,6807.6
3462,IST,TXL,365.0,1711.6,9996.0
3463,IST,URC,365.0,4713.3,27525.5
3464,IST,VCE,365.0,1403.1,8194.3
3465,IST,VIE,1095.0,1224.3,21449.5
3466,IST,WAW,730.0,1346.7,15729.7
3467,IST,YYZ,730.0,8171.9,95447.8
3468,IST,ZRH,1460.0,1740.6,40659.7
3469,JED,ADD,2190.0,1412.9,49507.4
3470,JED,AMM,1460.0,1159.9,27095.4
3471,JED,AUH,1095.0,1613.6,28270.7
3472,JED,BLR,365.0,4185.1,24440.7
3473,JED,BOM,1095.0,3518.8,61650.2
3474,JED,CAI,1095.0,1216.7,21316.0
3475,JED,CAN,365.0,7526.1,43952.5
3476,JED,CDG,730.0,4427.1,51708.6
3477,JED,CGK,1460.0,7971.5,186213.6
3478,JED,CMB,1095.0,4653.7,81533.7
3479,JED,CMN,1095.0,4747.4,83175.3
3480,JED,DEL,730.0,3879.7,45315.1
3481,JED,DOH,730.0,1330.6,15541.8
3482,JED,DXB,1825.0,1699.0,49610.6
3483,JED,FCO,730.0,3362.6,39275.3
3484,JED,FRA,2190.0,4131.7,144773.9
3485,JED,GVA,365.0,4040.4,23595.9
3486,JED,IAD,365.0,10591.6,61855.1
3487,JED,IST,1095.0,2387.5,41829.5
3488,JED,JFK,365.0,10225.4,59716.3
3489,JED,JNB,365.0,5445.7,31802.8
3490,JED,KUL,1460.0,7065.7,165054.7
3491,JED,KWI,1825.0,1218.6,35581.9
3492,JED,LAX,365.0,13389.8,78196.5
3493,JED,LGW,365.0,4714.4,27531.8
3494,JED,LHR,730.0,4748.3,55460.1
3495,JED,MAA,365.0,4445.4,25961.4
3496,JED,MAD,730.0,4515.8,52744.6
3497,JED,MAN,730.0,4957.3,57901.3
3498,JED,MCT,730.0,1973.1,23045.6
3499,JED,MNL,365.0,8595.2,50195.9
3500,JED,MXP,730.0,3833.3,44772.6
3501,JED,NBO,730.0,2568.8,30003.5
3502,JED,RUH,1825.0,851.8,24873.5
3503,JED,SAW,365.0,2329.1,13601.8
3504,JED,SHJ,365.0,1715.6,10019.2
3505,JED,SIN,365.0,7360.0,42982.3
3506,JED,YYZ,365.0,10444.5,60995.8
3507,JFK,AMM,1095.0,9214.8,161442.6
3508,JFK,AMS,730.0,5847.5,68299.1
3509,JFK,ARN,365.0,6292.0,36745.2
3510,JFK,ATL,2555.0,1222.1,49959.2
3511,JFK,AUH,730.0,11031.4,128846.7
3512,JFK,BCN,3285.0,6150.2,323255.9
3513,JFK,BOG,1460.0,3996.3,93353.9
3514,JFK,BOS,1460.0,300.2,7012.2
3515,JFK,BRU,2190.0,5885.5,206228.3
3516,JFK,BWI,1095.0,295.4,5174.7
3517,JFK,CAI,730.0,9016.5,105312.3
3518,JFK,CDG,4015.0,5833.6,374753.7
3519,JFK,CLT,1460.0,870.5,20335.6
3520,JFK,CMN,365.0,5795.0,33842.6
3521,JFK,CPH,365.0,6188.7,36141.9
3522,JFK,CUN,1825.0,2506.3,73185.1
3523,JFK,DCA,1095.0,342.2,5995.7
3524,JFK,DEL,365.0,11754.5,68646.2
3525,JFK,DEN,730.0,2609.8,30482.3
3526,JFK,DFW,1095.0,2234.9,39155.4
3527,JFK,DOH,730.0,10769.5,125787.3
3528,JFK,DTW,365.0,816.7,4769.7
3529,JFK,DUB,3285.0,5103.0,268214.9
3530,JFK,DUS,730.0,6017.2,70281.2
3531,JFK,DXB,730.0,11001.5,128497.7
3532,JFK,FCO,2555.0,6865.7,280669.9
3533,JFK,FLL,730.0,1723.3,20128.0
3534,JFK,FRA,2920.0,6189.4,289170.5
3535,JFK,GIG,1095.0,7729.3,135417.8
3536,JFK,GRU,1825.0,7664.0,223788.2
3537,JFK,GVA,730.0,6201.2,72430.1
3538,JFK,HEL,1460.0,6607.3,154346.9
3539,JFK,HKG,730.0,12970.4,151494.1
3540,JFK,HNL,365.0,8006.7,46759.4
3541,JFK,IAD,1095.0,366.3,6417.9
3542,JFK,ICN,1460.0,11088.8,259034.1
3543,JFK,IST,730.0,8026.8,93753.0
3544,JFK,JED,365.0,10225.4,59716.3
3545,JFK,JNB,1460.0,12831.3,299739.8
3546,JFK,KBP,365.0,7532.6,43990.5
3547,JFK,KIX,365.0,11154.7,65143.5
3548,JFK,KWI,365.0,10201.5,59576.8
3549,JFK,LAS,2920.0,3609.3,168625.7
3550,JFK,LAX,2920.0,3974.2,185674.5
3551,JFK,LHR,4380.0,5539.6,388218.3
3552,JFK,LIM,1095.0,5865.8,102768.5
3553,JFK,MAD,3285.0,5762.2,302860.2
3554,JFK,MAN,1825.0,5362.0,156571.7
3555,JFK,MCO,1460.0,1521.4,35539.6
3556,JFK,MEX,1460.0,3365.3,78614.3
3557,JFK,MIA,1095.0,1757.1,30784.8
3558,JFK,MSP,730.0,1651.3,19286.9
3559,JFK,MSY,4015.0,1901.5,122151.7
3560,JFK,MUC,730.0,6481.1,75698.7
3561,JFK,MXP,3650.0,6412.7,374504.4
3562,JFK,NCE,730.0,6406.8,74831.9
3563,JFK,NRT,1825.0,10830.5,316249.4
3564,JFK,ORD,1825.0,1187.8,34684.8
3565,JFK,ORY,1095.0,5833.9,102210.4
3566,JFK,OSL,365.0,5917.3,34557.3
3567,JFK,PDX,730.0,3938.9,46006.0
3568,JFK,PEK,1095.0,10978.3,192340.5
3569,JFK,PHL,365.0,150.6,879.6
3570,JFK,PHX,1460.0,3458.1,80781.7
3571,JFK,PTY,730.0,3553.6,41506.1
3572,JFK,PVG,730.0,11873.7,138684.4
3573,JFK,RIX,365.0,6745.7,39394.8
3574,JFK,RUH,365.0,10480.2,61204.4
3575,JFK,SAN,2190.0,3928.0,137638.4
3576,JFK,SEA,1825.0,3886.6,113489.8
3577,JFK,SFO,2555.0,4151.8,169725.0
3578,JFK,SJU,1825.0,2577.9,75275.3
3579,JFK,SLC,730.0,3193.6,37301.3
3580,JFK,STL,365.0,1432.8,8367.7
3581,JFK,SVO,730.0,7480.9,87377.1
3582,JFK,TLV,730.0,9117.0,106487.1
3583,JFK,TPA,1460.0,1619.5,37832.1
3584,JFK,TPE,365.0,12544.6,73260.6
3585,JFK,TXL,730.0,6367.7,74375.2
3586,JFK,VCE,730.0,6668.2,77885.1
3587,JFK,VIE,730.0,6805.0,79482.8
3588,JFK,WAW,365.0,6847.8,39990.9
3589,JFK,YUL,2190.0,537.2,18822.4
3590,JFK,YVR,365.0,3930.4,22953.5
3591,JFK,YYC,1095.0,3277.1,57415.3
3592,JFK,YYZ,2555.0,588.6,24061.8
3593,JFK,ZRH,1460.0,6309.5,147389.2
3594,JNB,ADD,730.0,4068.0,47514.3
3595,JNB,AMS,365.0,9017.3,52661.0
3596,JNB,ATL,365.0,13582.6,79322.3
3597,JNB,AUH,1460.0,6298.6,147134.3
3598,JNB,BKK,730.0,8996.2,105075.4
3599,JNB,BOM,1095.0,6964.0,122009.3
3600,JNB,CAI,730.0,6265.0,73175.1
3601,JNB,CDG,730.0,8737.5,102054.2
3602,JNB,DOH,365.0,6242.5,36456.4
3603,JNB,DXB,730.0,6413.1,74905.0
3604,JNB,FRA,1095.0,8690.0,152248.9
3605,JNB,GRU,730.0,7439.2,86890.1
3606,JNB,HKG,730.0,10674.6,124679.5
3607,JNB,IST,365.0,7496.3,43778.6
3608,JNB,JED,365.0,5445.7,31802.8
3609,JNB,JFK,1460.0,12831.3,299739.8
3610,JNB,LHR,2190.0,9075.1,317992.7
3611,JNB,MUC,1095.0,8444.3,147944.8
3612,JNB,NBO,730.0,2912.0,34012.4
3613,JNB,SIN,1460.0,8655.9,202202.0
3614,JNB,SYD,730.0,11023.8,128758.3
3615,JNB,TLV,365.0,6504.3,37985.0
3616,JNB,ZRH,730.0,8419.0,98333.8
3617,KBP,AMM,365.0,2113.1,12340.8
3618,KBP,AMS,730.0,1818.6,21241.8
3619,KBP,ATH,365.0,1485.5,8675.0
3620,KBP,AYT,365.0,1495.2,8731.8
3621,KBP,BCN,730.0,2429.2,28372.7
3622,KBP,BKK,365.0,7415.8,43308.6
3623,KBP,BRU,730.0,1854.2,21656.5
3624,KBP,CDG,730.0,2032.4,23738.5
3625,KBP,DME,730.0,733.1,8562.2
3626,KBP,DXB,730.0,3488.7,40747.5
3627,KBP,FCO,730.0,1717.0,20054.5
3628,KBP,FRA,730.0,1583.7,18498.0
3629,KBP,GVA,365.0,1880.1,10979.9
3630,KBP,HEL,365.0,1169.5,6829.7
3631,KBP,HER,365.0,1731.0,10109.2
3632,KBP,IST,1460.0,1022.0,23873.3
3633,KBP,JFK,365.0,7532.6,43990.5
3634,KBP,LED,1460.0,1052.1,24578.0
3635,KBP,LGW,365.0,2172.6,12688.0
3636,KBP,LHR,365.0,2185.3,12762.2
3637,KBP,LIS,730.0,3372.4,39389.4
3638,KBP,MAD,730.0,2873.3,33560.0
3639,KBP,MUC,730.0,1397.8,16325.9
3640,KBP,MXP,365.0,1723.4,10064.8
3641,KBP,NCE,365.0,1932.9,11288.2
3642,KBP,OSL,365.0,1651.2,9643.2
3643,KBP,PRG,1095.0,1181.3,20696.1
3644,KBP,RIX,730.0,861.3,10059.9
3645,KBP,SAW,730.0,1057.5,12352.0
3646,KBP,SHJ,365.0,3489.2,20377.1
3647,KBP,SVO,730.0,761.2,8891.0
3648,KBP,SVX,730.0,2080.2,24297.1
3649,KBP,TFS,365.0,4674.2,27297.2
3650,KBP,TLV,730.0,2065.0,24119.6
3651,KBP,TXL,365.0,1241.3,7249.4
3652,KBP,VIE,730.0,1067.7,12470.3
3653,KBP,WAW,730.0,719.3,8401.0
3654,KBP,ZRH,730.0,1657.7,19361.9
3655,KIX,AMS,365.0,9241.3,53969.1
3656,KIX,BKK,1460.0,4160.6,97192.2
3657,KIX,CAN,730.0,2455.2,28677.1
3658,KIX,CDG,365.0,9625.6,56213.4
3659,KIX,CGK,730.0,5416.7,63267.6
3660,KIX,DLC,1095.0,1320.3,23130.9
3661,KIX,DOH,1095.0,7905.1,138496.8
3662,KIX,DPS,730.0,5246.0,61273.0
3663,KIX,DXB,730.0,7577.2,88502.3
3664,KIX,FCO,365.0,9740.6,56885.1
3665,KIX,FOC,730.0,1767.2,20640.5
3666,KIX,FRA,730.0,9261.3,108172.4
3667,KIX,HEL,730.0,7732.2,90312.4
3668,KIX,HGH,730.0,1466.0,17123.3
3669,KIX,HKG,2190.0,2475.6,86746.1
3670,KIX,HND,1095.0,431.7,7563.1
3671,KIX,HNL,1460.0,6613.7,154495.2
3672,KIX,HRB,365.0,1459.5,8523.3
3673,KIX,ICN,2555.0,860.3,35168.9
3674,KIX,IST,730.0,8744.4,102134.2
3675,KIX,JFK,365.0,11154.7,65143.5
3676,KIX,KUL,1095.0,4942.7,86596.9
3677,KIX,MNL,1095.0,2634.8,46161.6
3678,KIX,NKG,730.0,1553.3,18143.1
3679,KIX,NRT,1460.0,490.8,11465.2
3680,KIX,PEK,730.0,1762.8,20589.5
3681,KIX,PVG,2555.0,1307.1,53434.8
3682,KIX,SFO,730.0,8692.1,101523.3
3683,KIX,SGN,730.0,3910.1,45670.2
3684,KIX,SHE,730.0,1303.4,15223.6
3685,KIX,SIN,730.0,4902.2,57257.1
3686,KIX,TAO,1825.0,1362.7,39790.5
3687,KIX,TNA,1095.0,1648.8,28886.6
3688,KIX,TPE,2920.0,1702.9,79561.1
3689,KMG,BKK,730.0,1290.3,15070.8
3690,KMG,CAN,2190.0,1068.1,37426.2
3691,KMG,CCU,365.0,1496.7,8740.5
3692,KMG,CGO,2555.0,1483.0,60623.8
3693,KMG,CKG,3285.0,630.7,33149.3
3694,KMG,CMB,365.0,3156.2,18431.9
3695,KMG,CSX,2920.0,1078.4,50381.4
3696,KMG,CTU,3285.0,617.1,32436.0
3697,KMG,DLC,365.0,2326.7,13587.7
3698,KMG,DXB,365.0,4760.2,27799.6
3699,KMG,FOC,1095.0,1680.6,29444.3
3700,KMG,HAK,1460.0,963.1,22498.2
3701,KMG,HGH,2920.0,1813.4,84720.7
3702,KMG,HKG,1460.0,1160.4,27106.5
3703,KMG,ICN,730.0,2612.8,30518.0
3704,KMG,KUL,730.0,2489.3,29075.5
3705,KMG,KWE,2555.0,419.1,17134.7
3706,KMG,KWL,1095.0,715.6,12537.4
3707,KMG,NKG,2920.0,1721.7,80436.6
3708,KMG,NNG,2190.0,600.9,21054.8
3709,KMG,PEK,2190.0,2094.6,73396.3
3710,KMG,PVG,2555.0,1966.0,80368.6
3711,KMG,SHA,1825.0,1924.6,56199.3
3712,KMG,SIN,730.0,2643.5,30876.6
3713,KMG,SYX,1095.0,1009.6,17688.3
3714,KMG,SZX,2190.0,1139.5,39927.6
3715,KMG,TAO,1095.0,2073.7,36330.9
3716,KMG,TNA,2190.0,1883.5,65997.1
3717,KMG,TPE,730.0,1841.8,21512.6
3718,KMG,TSN,1095.0,2062.0,36126.5
3719,KMG,TYN,1460.0,1678.1,39200.6
3720,KMG,WUH,2920.0,1274.3,59537.3
3721,KMG,XIY,2920.0,1180.8,55164.8
3722,KMG,XMN,2920.0,1534.3,71684.2
3723,KUL,AKL,365.0,8703.4,50827.6
3724,KUL,AMS,1095.0,10236.6,179345.9
3725,KUL,AUH,1095.0,5588.4,97908.3
3726,KUL,BKK,3285.0,1220.6,64153.1
3727,KUL,BLR,1095.0,2883.6,50520.9
3728,KUL,BNE,365.0,6439.6,37607.0
3729,KUL,BOM,1095.0,3624.4,63499.0
3730,KUL,CAN,1095.0,2612.7,45774.9
3731,KUL,CCU,365.0,2635.6,15391.8
3732,KUL,CDG,1095.0,10442.0,182943.2
3733,KUL,CGK,3650.0,1129.0,65933.5
3734,KUL,CMB,1460.0,2466.9,57626.7
3735,KUL,CTU,365.0,3103.8,18126.3
3736,KUL,DEL,1095.0,3876.9,67923.4
3737,KUL,DOH,730.0,5909.3,69020.4
3738,KUL,DPS,1460.0,1964.4,45887.6
3739,KUL,DXB,1095.0,5549.2,97221.9
3740,KUL,FOC,1095.0,3213.4,56299.6
3741,KUL,FRA,1095.0,9997.5,175156.5
3742,KUL,HGH,365.0,3636.6,21237.8
3743,KUL,HKG,1095.0,2543.1,44554.9
3744,KUL,HND,365.0,5350.3,31245.8
3745,KUL,ICN,1095.0,4612.8,80816.4
3746,KUL,IST,730.0,8387.2,97962.0
3747,KUL,JED,1460.0,7065.7,165054.7
3748,KUL,KIX,1095.0,4942.7,86596.9
3749,KUL,KMG,730.0,2489.3,29075.5
3750,KUL,KWI,365.0,6381.3,37266.9
3751,KUL,KWL,365.0,2653.2,15494.6
3752,KUL,LHR,730.0,10605.5,123872.1
3753,KUL,MAA,1460.0,2628.7,61406.2
3754,KUL,MCT,730.0,5209.0,60841.1
3755,KUL,MEL,1460.0,6315.0,147518.0
3756,KUL,MNL,1095.0,2489.9,43622.7
3757,KUL,NNG,365.0,2316.0,13525.4
3758,KUL,NRT,1095.0,5408.9,94764.2
3759,KUL,PEK,730.0,4413.5,51549.4
3760,KUL,PVG,1460.0,3796.7,88690.9
3761,KUL,RUH,365.0,6377.2,37242.7
3762,KUL,SGN,1095.0,1050.3,18401.2
3763,KUL,SIN,3650.0,297.5,17372.4
3764,KUL,SYD,730.0,6584.9,76911.4
3765,KUL,SZX,365.0,2568.3,14998.8
3766,KUL,TPE,1460.0,3246.1,75828.6
3767,KUL,XMN,1095.0,2996.1,52491.0
3768,KWE,CAN,1460.0,742.4,17342.9
3769,KWE,CGO,2555.0,1113.8,45533.4
3770,KWE,CKG,1825.0,354.0,10337.4
3771,KWE,CSX,2190.0,659.8,23120.4
3772,KWE,CTU,2190.0,528.6,18522.7
3773,KWE,FOC,1095.0,1284.1,22496.7
3774,KWE,HAK,1095.0,823.8,14432.7
3775,KWE,HGH,2190.0,1394.3,48856.4
3776,KWE,HKG,365.0,859.9,5021.9
3777,KWE,KMG,2555.0,419.1,17134.7
3778,KWE,KWL,730.0,355.6,4153.9
3779,KWE,NKG,1460.0,1305.3,30492.4
3780,KWE,NNG,730.0,458.5,5354.9
3781,KWE,PEK,1460.0,1756.3,41026.5
3782,KWE,PVG,1825.0,1546.9,45169.5
3783,KWE,SHA,2190.0,1505.7,52759.2
3784,KWE,SIN,365.0,2816.8,16450.3
3785,KWE,SYX,1460.0,954.2,22289.5
3786,KWE,SZX,1825.0,830.6,24254.3
3787,KWE,TAO,365.0,1678.9,9805.0
3788,KWE,TNA,730.0,1510.3,17640.4
3789,KWE,TPE,730.0,1453.0,16971.2
3790,KWE,TYN,365.0,1360.9,7947.8
3791,KWE,URC,365.0,2596.7,15164.8
3792,KWE,WUH,1825.0,862.9,25195.3
3793,KWE,XIY,2920.0,899.0,42000.5
3794,KWE,XMN,1095.0,1157.4,20278.1
3795,KWI,ADD,1095.0,2446.3,42859.1
3796,KWI,AMM,1095.0,1180.1,20674.6
3797,KWI,AMS,1095.0,4355.3,76304.5
3798,KWI,AUH,1460.0,850.4,19865.4
3799,KWI,BKK,365.0,5678.5,33162.2
3800,KWI,BOM,730.0,2758.3,32217.3
3801,KWI,CAI,1095.0,1601.9,28065.4
3802,KWI,CMB,1095.0,4142.1,72569.4
3803,KWI,DEL,365.0,2829.9,16526.5
3804,KWI,DOH,1095.0,568.0,9950.6
3805,KWI,DXB,1460.0,854.0,19948.9
3806,KWI,FCO,730.0,3491.3,40778.9
3807,KWI,FRA,730.0,4020.6,46960.1
3808,KWI,IAD,365.0,10559.4,61667.0
3809,KWI,IST,730.0,2191.4,25595.6
3810,KWI,JED,1825.0,1218.6,35581.9
3811,KWI,JFK,365.0,10201.5,59576.8
3812,KWI,KUL,365.0,6381.3,37266.9
3813,KWI,LHR,1095.0,4674.7,81901.5
3814,KWI,MAA,365.0,3777.4,22060.0
3815,KWI,MCT,730.0,1202.4,14043.8
3816,KWI,RUH,1460.0,491.0,11470.9
3817,KWI,SAW,1460.0,2129.7,49749.2
3818,KWI,SHJ,365.0,862.5,5036.7
3819,KWL,BKK,365.0,1609.4,9399.1
3820,KWL,CAN,365.0,387.7,2264.3
3821,KWL,CGO,2190.0,1097.1,38441.2
3822,KWL,CKG,2190.0,602.3,21103.0
3823,KWL,CTU,1825.0,844.5,24658.5
3824,KWL,FOC,1460.0,968.3,22620.4
3825,KWL,HAK,1095.0,589.0,10320.0
3826,KWL,HGH,2920.0,1164.3,54395.5
3827,KWL,HKG,1095.0,510.1,8936.5
3828,KWL,ICN,730.0,2064.2,24109.6
3829,KWL,KMG,1095.0,715.6,12537.4
3830,KWL,KUL,365.0,2653.2,15494.6
3831,KWL,KWE,730.0,355.6,4153.9
3832,KWL,NKG,1460.0,1126.1,26305.0
3833,KWL,NNG,730.0,346.7,4049.8
3834,KWL,PEK,1825.0,1761.2,51426.7
3835,KWL,PVG,2555.0,1326.9,54245.7
3836,KWL,SHA,730.0,1290.2,15069.3
3837,KWL,SHE,365.0,2205.4,12879.7
3838,KWL,SYX,365.0,771.7,4506.4
3839,KWL,SZX,1095.0,478.7,8386.9
3840,KWL,TNA,730.0,1462.5,17082.4
3841,KWL,TPE,730.0,1126.5,13157.7
3842,KWL,TSN,365.0,1690.8,9874.3
3843,KWL,TYN,730.0,1414.4,16520.5
3844,KWL,WUH,365.0,741.8,4332.2
3845,KWL,XIY,2190.0,1033.7,36219.7
3846,KWL,XMN,2190.0,819.3,28707.5
3847,LAS,ATL,2555.0,2804.8,114661.4
3848,LAS,BOS,730.0,3822.7,44648.8
3849,LAS,BWI,1095.0,3381.1,59237.2
3850,LAS,CLT,730.0,3076.6,35934.5
3851,LAS,DCA,730.0,3353.6,39169.8
3852,LAS,DEN,1825.0,1009.4,29473.4
3853,LAS,DFW,1095.0,1694.8,29692.9
3854,LAS,DTW,1095.0,2808.0,49196.5
3855,LAS,EWR,365.0,3576.0,20883.8
3856,LAS,FLL,730.0,3492.1,40787.7
3857,LAS,FRA,365.0,8963.5,52346.7
3858,LAS,HNL,730.0,4440.5,51864.9
3859,LAS,IAD,365.0,3316.4,19368.1
3860,LAS,IAH,730.0,1962.8,22925.4
3861,LAS,ICN,730.0,9668.5,112927.6
3862,LAS,JFK,2920.0,3609.3,168625.7
3863,LAS,LAX,3285.0,380.0,19972.5
3864,LAS,LGW,1825.0,8432.7,246235.8
3865,LAS,LHR,1460.0,8395.0,196107.4
3866,LAS,MAN,1460.0,8166.4,190768.0
3867,LAS,MCO,730.0,3276.1,38264.8
3868,LAS,MDW,730.0,2441.9,28521.2
3869,LAS,MEX,1095.0,2427.5,42529.3
3870,LAS,MIA,730.0,3494.2,40811.7
3871,LAS,MSP,1095.0,2087.8,36577.7
3872,LAS,MSY,365.0,2409.6,14071.9
3873,LAS,ORD,1460.0,2431.7,56804.3
3874,LAS,PDX,1095.0,1227.7,21508.7
3875,LAS,PHL,1460.0,3494.4,81629.5
3876,LAS,PHX,1460.0,410.8,9597.4
3877,LAS,PTY,730.0,4696.2,54851.6
3878,LAS,SAN,1095.0,416.4,7295.6
3879,LAS,SEA,1460.0,1395.1,32589.8
3880,LAS,SFO,1460.0,664.9,15531.9
3881,LAS,SLC,1095.0,591.9,10370.8
3882,LAS,STL,365.0,2201.9,12858.9
3883,LAS,TPA,730.0,3187.5,37229.4
3884,LAS,YUL,730.0,3595.9,42000.6
3885,LAS,YVR,1460.0,1597.2,37310.1
3886,LAS,YYC,1460.0,1674.1,39107.3
3887,LAS,YYZ,1460.0,3120.3,72890.4
3888,LAS,ZRH,365.0,9171.9,53563.9
3889,LAX,AKL,1095.0,10486.6,183724.5
3890,LAX,AMS,730.0,8956.0,104605.5
3891,LAX,ARN,365.0,8863.0,51760.1
3892,LAX,ATL,3285.0,3125.8,164290.8
3893,LAX,BNE,1460.0,11533.4,269420.1
3894,LAX,BOS,2555.0,4193.0,171411.0
3895,LAX,BWI,730.0,3739.9,43682.2
3896,LAX,CAN,730.0,11618.4,135702.4
3897,LAX,CDG,1460.0,9102.5,212634.5
3898,LAX,CLT,730.0,3412.5,39858.4
3899,LAX,CPH,365.0,9028.5,52726.6
3900,LAX,CUN,1460.0,3406.6,79578.7
3901,LAX,DCA,1460.0,3710.9,86686.6
3902,LAX,DEN,2555.0,1385.1,56624.5
3903,LAX,DFW,2190.0,1983.2,69490.4
3904,LAX,DTW,730.0,3178.0,37119.5
3905,LAX,DUS,730.0,9133.1,106674.8
3906,LAX,DXB,730.0,13400.1,156512.9
3907,LAX,EWR,730.0,3941.0,46031.0
3908,LAX,FCO,730.0,10203.1,119171.7
3909,LAX,FLL,1095.0,3763.2,65931.7
3910,LAX,FRA,730.0,9322.0,108880.8
3911,LAX,GRU,1095.0,9918.6,173773.4
3912,LAX,HKG,730.0,11664.5,136241.0
3913,LAX,HND,1095.0,8812.4,154393.2
3914,LAX,HNL,2555.0,4108.2,167944.2
3915,LAX,IAD,1460.0,3674.0,85825.3
3916,LAX,IAH,1825.0,2215.1,64680.1
3917,LAX,ICN,1825.0,9625.5,281063.8
3918,LAX,IST,730.0,11002.3,128506.9
3919,LAX,JED,365.0,13389.8,78196.5
3920,LAX,JFK,2920.0,3974.2,185674.5
3921,LAX,LAS,3285.0,380.0,19972.5
3922,LAX,LHR,4015.0,8759.7,562720.3
3923,LAX,LIM,1825.0,6720.6,196241.2
3924,LAX,MAD,1460.0,9387.0,219279.9
3925,LAX,MCO,2190.0,3562.3,124823.5
3926,LAX,MDW,730.0,2811.5,32838.7
3927,LAX,MEL,1460.0,12757.9,298024.5
3928,LAX,MEX,2555.0,2500.0,102200.1
3929,LAX,MIA,1460.0,3762.6,87895.0
3930,LAX,MNL,365.0,11740.1,68562.4
3931,LAX,MSP,2190.0,2467.3,86454.0
3932,LAX,MSY,3285.0,2682.9,141010.9
3933,LAX,MUC,730.0,9615.8,112312.6
3934,LAX,NRT,3285.0,8753.8,460100.5
3935,LAX,ORD,2555.0,2802.1,114550.5
3936,LAX,PDX,1460.0,1343.1,31374.6
3937,LAX,PEK,1095.0,10037.1,175850.5
3938,LAX,PHL,1095.0,3856.3,67562.6
3939,LAX,PHX,2190.0,594.4,20826.4
3940,LAX,PTY,730.0,4845.4,56593.8
3941,LAX,PVG,2555.0,10415.3,425776.4
3942,LAX,SAN,1825.0,175.7,5130.5
3943,LAX,SEA,1825.0,1536.9,44877.8
3944,LAX,SFO,2555.0,543.2,22205.6
3945,LAX,SLC,1825.0,949.3,27720.0
3946,LAX,STL,1460.0,2556.8,59726.0
3947,LAX,SVO,730.0,9757.5,113967.4
3948,LAX,SYD,2190.0,12061.1,422621.9
3949,LAX,TLV,365.0,12166.6,71052.8
3950,LAX,TPA,365.0,3466.4,20243.9
3951,LAX,TPE,1460.0,10922.4,255147.9
3952,LAX,YUL,730.0,3972.6,46400.4
3953,LAX,YVR,1825.0,1740.9,50833.9
3954,LAX,YYC,1460.0,1942.0,45366.2
3955,LAX,YYZ,1825.0,3493.9,102023.3
3956,LAX,ZRH,730.0,9534.1,111358.3
3957,LED,AMS,730.0,1773.4,20713.7
3958,LED,ARN,730.0,691.2,8072.8
3959,LED,ATH,365.0,2472.0,14436.8
3960,LED,AYT,365.0,2546.8,14873.5
3961,LED,BCN,1095.0,2821.9,49440.1
3962,LED,CDG,730.0,2132.9,24911.9
3963,LED,CPH,365.0,1140.1,6658.2
3964,LED,DME,1825.0,666.9,19473.0
3965,LED,DUS,1095.0,1740.7,30497.1
3966,LED,DXB,365.0,4300.6,25115.6
3967,LED,FCO,1095.0,2351.5,41197.9
3968,LED,FRA,730.0,1747.3,20408.9
3969,LED,GVA,365.0,2187.0,12772.2
3970,LED,HAM,730.0,1406.6,16428.8
3971,LED,HEL,730.0,299.6,3499.0
3972,LED,HER,730.0,2744.6,32057.0
3973,LED,ICN,365.0,6798.0,39700.4
3974,LED,IST,730.0,2062.5,24090.2
3975,LED,KBP,1460.0,1052.1,24578.0
3976,LED,LHR,365.0,2113.7,12343.8
3977,LED,MLA,365.0,2894.2,16902.2
3978,LED,MUC,730.0,1741.3,20338.6
3979,LED,MXP,1095.0,2122.4,37184.5
3980,LED,NCE,365.0,2371.3,13848.2
3981,LED,OSL,365.0,1066.2,6226.9
3982,LED,PEK,730.0,6056.6,70740.6
3983,LED,PRG,730.0,1478.3,17266.0
3984,LED,RIX,365.0,486.4,2840.8
3985,LED,SVO,365.0,599.3,3499.8
3986,LED,SVX,730.0,1801.0,21035.8
3987,LED,TFS,365.0,4977.2,29066.6
3988,LED,TLV,730.0,3108.9,36312.0
3989,LED,TXL,365.0,1317.2,7692.5
3990,LED,VCE,730.0,1983.0,23160.9
3991,LED,VIE,1095.0,1572.0,27541.7
3992,LED,WAW,365.0,1025.1,5986.4
3993,LED,ZRH,365.0,1965.6,11478.9
3994,LGA,ATL,2555.0,1224.9,50072.6
3995,LGA,BOS,1095.0,296.7,5198.0
3996,LGA,CLT,1095.0,874.9,15328.7
3997,LGA,DCA,1095.0,344.8,6040.6
3998,LGA,DEN,1460.0,2599.8,60731.6
3999,LGA,DFW,1460.0,2231.4,52124.6
4000,LGA,DTW,1460.0,805.1,18807.9
4001,LGA,FLL,1095.0,1734.6,30389.7
4002,LGA,IAD,365.0,367.5,2146.0
4003,LGA,IAH,730.0,2277.1,26596.9
4004,LGA,MCO,730.0,1531.0,17881.6
4005,LGA,MDW,730.0,1163.9,13594.7
4006,LGA,MIA,1095.0,1768.4,30982.0
4007,LGA,MSP,365.0,1638.1,9566.3
4008,LGA,MSY,1095.0,1903.4,33347.0
4009,LGA,ORD,1825.0,1177.1,34370.0
4010,LGA,PHL,730.0,153.6,1794.0
4011,LGA,STL,1460.0,1425.8,33307.7
4012,LGA,TPA,730.0,1628.3,19018.4
4013,LGA,YUL,2190.0,522.0,18290.6
4014,LGA,YYZ,2190.0,573.2,20083.3
4015,LGW,ACE,3285.0,2710.2,142447.8
4016,LGW,AGP,2190.0,1645.2,57648.0
4017,LGW,ALC,2190.0,1430.9,50139.2
4018,LGW,AMS,730.0,364.7,4259.7
4019,LGW,ARN,365.0,1475.3,8616.0
4020,LGW,ATH,365.0,2393.0,13975.2
4021,LGW,AYT,1825.0,2908.1,84915.3
4022,LGW,BCN,2190.0,1109.1,38861.2
4023,LGW,BRU,365.0,328.0,1915.8
4024,LGW,BUD,730.0,1465.1,17112.7
4025,LGW,CDG,365.0,307.5,1796.0
4026,LGW,CGN,365.0,513.8,3000.7
4027,LGW,CMN,730.0,2066.2,24133.2
4028,LGW,CPH,730.0,984.2,11495.3
4029,LGW,CTA,2190.0,1938.2,67915.6
4030,LGW,CUN,1825.0,7976.7,232920.7
4031,LGW,DME,730.0,2543.3,29706.3
4032,LGW,DUB,730.0,484.4,5658.3
4033,LGW,DUS,365.0,484.6,2830.1
4034,LGW,DXB,730.0,5473.1,63926.1
4035,LGW,EDI,730.0,573.7,6700.7
4036,LGW,FAO,1825.0,1687.6,49277.1
4037,LGW,FCO,1095.0,1405.6,24626.4
4038,LGW,GLA,730.0,595.2,6952.3
4039,LGW,GVA,365.0,714.9,4175.1
4040,LGW,HAM,365.0,743.0,4339.1
4041,LGW,HEL,365.0,1858.2,10852.1
4042,LGW,HER,1095.0,2679.9,46952.4
4043,LGW,IBZ,1095.0,1370.4,24009.0
4044,LGW,IST,365.0,2461.1,14372.9
4045,LGW,JED,365.0,4714.4,27531.8
4046,LGW,KBP,365.0,2172.6,12688.0
4047,LGW,LAS,1825.0,8432.7,246235.8
4048,LGW,LIS,1095.0,1542.1,27017.8
4049,LGW,LPA,1825.0,2878.7,84057.6
4050,LGW,LYS,365.0,717.1,4187.7
4051,LGW,MAD,730.0,1215.2,14193.9
4052,LGW,MCO,2555.0,6991.5,285810.8
4053,LGW,MLA,1460.0,2063.0,48190.9
4054,LGW,MRS,365.0,948.8,5540.7
4055,LGW,MUC,365.0,913.5,5335.1
4056,LGW,MXP,365.0,898.9,5249.4
4057,LGW,NCE,1460.0,1001.0,23383.6
4058,LGW,OPO,730.0,1278.3,14930.2
4059,LGW,OSL,365.0,1218.4,7115.7
4060,LGW,OTP,365.0,2078.6,12139.3
4061,LGW,PEK,730.0,8165.0,95367.5
4062,LGW,PMI,2190.0,1309.3,45879.2
4063,LGW,PRG,365.0,1024.3,5981.9
4064,LGW,RIX,365.0,1692.2,9882.5
4065,LGW,SAW,365.0,2523.6,14737.6
4066,LGW,TFS,2920.0,2912.4,136068.6
4067,LGW,TLV,365.0,3557.2,20774.2
4068,LGW,TPA,1460.0,7111.1,166114.5
4069,LGW,VCE,1460.0,1117.3,26099.2
4070,LGW,VIE,365.0,1250.4,7302.2
4071,LGW,YUL,365.0,5245.7,30635.1
4072,LGW,YVR,365.0,7618.7,44493.1
4073,LGW,YYC,365.0,7054.6,41198.7
4074,LGW,YYZ,365.0,5739.2,33516.9
4075,LGW,ZRH,365.0,753.7,4401.6
4076,LHR,ADD,365.0,5919.9,34572.5
4077,LHR,AGP,730.0,1675.9,19574.0
4078,LHR,AMM,730.0,3683.0,43017.7
4079,LHR,AMS,1825.0,370.4,10817.1
4080,LHR,ARN,2190.0,1462.5,51247.3
4081,LHR,ATH,1825.0,2426.8,70861.6
4082,LHR,ATL,2920.0,6760.8,315862.9
4083,LHR,AUH,1460.0,5516.7,128869.3
4084,LHR,BCN,1095.0,1147.7,20107.9
4085,LHR,BKK,1460.0,9578.0,223741.6
4086,LHR,BLR,730.0,8046.6,93984.2
4087,LHR,BOM,1825.0,7213.0,210620.8
4088,LHR,BOS,3285.0,5239.6,275396.0
4089,LHR,BRU,1095.0,350.4,6139.6
4090,LHR,BUD,1095.0,1489.5,26096.9
4091,LHR,BWI,1460.0,5833.4,136267.8
4092,LHR,CAI,730.0,3532.6,41261.3
4093,LHR,CAN,365.0,9495.8,55455.7
4094,LHR,CDG,1095.0,347.2,6082.4
4095,LHR,CGN,365.0,534.2,3119.8
4096,LHR,CLT,730.0,6409.1,74858.8
4097,LHR,CMB,365.0,8715.4,50898.0
4098,LHR,CMN,365.0,2093.8,12228.0
4099,LHR,CPH,1095.0,979.6,17162.8
4100,LHR,CTU,365.0,8302.0,48483.8
4101,LHR,DEL,1825.0,6731.3,196553.6
4102,LHR,DEN,1460.0,7496.5,175117.6
4103,LHR,DFW,2555.0,7627.2,311801.5
4104,LHR,DME,365.0,2545.0,14863.1
4105,LHR,DOH,730.0,5241.5,61220.3
4106,LHR,DTW,1460.0,6044.5,141199.3
4107,LHR,DUB,1095.0,449.3,7870.9
4108,LHR,DUS,1095.0,501.9,8793.1
4109,LHR,DXB,2190.0,5497.9,192647.3
4110,LHR,EDI,1825.0,533.5,15579.1
4111,LHR,EWR,2920.0,5561.6,259840.2
4112,LHR,FAO,365.0,1712.8,10002.7
4113,LHR,FCO,1095.0,1443.9,25296.9
4114,LHR,FRA,1460.0,654.8,15295.2
4115,LHR,GIG,365.0,9253.3,54039.2
4116,LHR,GLA,1095.0,554.7,9718.6
4117,LHR,GRU,730.0,9460.2,110494.9
4118,LHR,GVA,1095.0,754.1,13212.3
4119,LHR,HAM,1460.0,745.4,17413.6
4120,LHR,HEL,1460.0,1848.0,43168.2
4121,LHR,HKG,1095.0,9630.8,168731.6
4122,LHR,HND,1460.0,9591.5,224057.1
4123,LHR,IAD,2920.0,5901.8,275731.3
4124,LHR,IAH,2190.0,7763.0,272014.8
4125,LHR,IBZ,730.0,1408.0,16446.0
4126,LHR,ICN,1095.0,8861.2,155248.8
4127,LHR,IST,1095.0,2488.8,43604.0
4128,LHR,JED,730.0,4748.3,55460.1
4129,LHR,JFK,4380.0,5539.6,388218.3
4130,LHR,JNB,2190.0,9075.1,317992.7
4131,LHR,KBP,365.0,2185.3,12762.2
4132,LHR,KUL,730.0,10605.5,123872.1
4133,LHR,KWI,1095.0,4674.7,81901.5
4134,LHR,LAS,1460.0,8395.0,196107.4
4135,LHR,LAX,4015.0,8759.7,562720.3
4136,LHR,LED,365.0,2113.7,12343.8
4137,LHR,LIS,2555.0,1563.9,63933.5
4138,LHR,LYS,730.0,757.3,8845.2
4139,LHR,MAA,730.0,8235.0,96184.3
4140,LHR,MAD,730.0,1246.0,14552.7
4141,LHR,MAN,1825.0,242.8,7090.1
4142,LHR,MCT,365.0,5833.6,34068.2
4143,LHR,MEX,1095.0,8903.9,155995.6
4144,LHR,MIA,2555.0,7108.9,290613.0
4145,LHR,MLA,365.0,2102.6,12278.9
4146,LHR,MNL,365.0,10767.2,62880.2
4147,LHR,MRS,730.0,989.3,11554.8
4148,LHR,MSP,1460.0,6442.9,150506.6
4149,LHR,MUC,1460.0,941.6,21995.3
4150,LHR,MXP,730.0,936.4,10936.9
4151,LHR,NBO,1095.0,6841.2,119858.5
4152,LHR,NCE,730.0,1041.1,12159.6
4153,LHR,NRT,1460.0,9591.5,224058.0
4154,LHR,OPO,365.0,1298.1,7580.8
4155,LHR,ORD,3285.0,6343.8,333427.5
4156,LHR,ORY,1095.0,366.5,6421.8
4157,LHR,OSL,1460.0,1197.7,27978.1
4158,LHR,OTP,1095.0,2103.8,36858.5
4159,LHR,PEK,1095.0,8153.3,142845.7
4160,LHR,PHL,1825.0,5689.8,166141.9
4161,LHR,PHX,1460.0,8462.9,197693.0
4162,LHR,PMI,730.0,1348.2,15747.4
4163,LHR,PRG,730.0,1044.3,12197.1
4164,LHR,PVG,1460.0,9241.4,215879.6
4165,LHR,RUH,1095.0,4940.6,86559.5
4166,LHR,SAN,1460.0,8806.9,205729.3
4167,LHR,SEA,2920.0,7702.1,359841.3
4168,LHR,SFO,3650.0,8616.0,503174.3
4169,LHR,SIN,1460.0,10883.3,254233.6
4170,LHR,STR,1460.0,756.3,17666.1
4171,LHR,SVO,365.0,2508.5,14649.6
4172,LHR,TLV,730.0,3588.7,41916.1
4173,LHR,TXL,1460.0,947.2,22127.6
4174,LHR,VCE,730.0,1151.4,13448.7
4175,LHR,VIE,1460.0,1275.1,29785.4
4176,LHR,WAW,1825.0,1469.6,42912.5
4177,LHR,YUL,2190.0,5214.2,182705.7
4178,LHR,YVR,2190.0,7578.6,265553.6
4179,LHR,YYC,2190.0,7015.0,245804.4
4180,LHR,YYZ,2555.0,5707.1,233304.3
4181,LHR,ZRH,1460.0,788.1,18409.2
4182,LIM,AMS,730.0,10519.9,122872.6
4183,LIM,ATL,365.0,5135.8,29992.8
4184,LIM,BOG,730.0,1888.3,22055.2
4185,LIM,CDG,730.0,10276.0,120024.1
4186,LIM,CUN,365.0,3827.6,22353.0
4187,LIM,DFW,1095.0,5424.1,95029.4
4188,LIM,EWR,365.0,5869.4,34277.4
4189,LIM,FLL,730.0,4248.7,49624.3
4190,LIM,GIG,730.0,3776.6,44111.2
4191,LIM,GRU,1460.0,3474.7,81168.0
4192,LIM,IAH,365.0,5062.5,29564.7
4193,LIM,JFK,1095.0,5865.8,102768.5
4194,LIM,LAX,1825.0,6720.6,196241.2
4195,LIM,MAD,1095.0,9526.2,166898.8
4196,LIM,MEX,1095.0,4245.0,74372.2
4197,LIM,MIA,1825.0,4218.9,123191.4
4198,LIM,PTY,365.0,2358.8,13775.6
4199,LIM,YYZ,365.0,6198.7,36200.5
4200,LIS,AGP,1095.0,470.2,8237.5
4201,LIS,AMS,2920.0,1846.3,86259.0
4202,LIS,ARN,730.0,2998.3,35020.2
4203,LIS,BCN,1460.0,994.0,23219.8
4204,LIS,BOS,730.0,5124.1,59849.3
4205,LIS,BRS,365.0,1487.6,8687.6
4206,LIS,BRU,2920.0,1717.5,80240.2
4207,LIS,BSB,365.0,7293.5,42594.2
4208,LIS,BUD,365.0,2480.2,14484.6
4209,LIS,CDG,1095.0,1470.0,25753.8
4210,LIS,CGN,365.0,1850.5,10806.7
4211,LIS,CMN,730.0,617.8,7215.7
4212,LIS,CPH,1095.0,2471.8,43306.0
4213,LIS,DME,730.0,3913.3,45707.6
4214,LIS,DUB,730.0,1642.5,19184.1
4215,LIS,DUS,365.0,1861.7,10872.5
4216,LIS,DXB,730.0,6137.8,71689.4
4217,LIS,EDI,365.0,1956.1,11423.8
4218,LIS,EWR,1095.0,5433.3,95190.9
4219,LIS,FAO,1460.0,221.7,5178.2
4220,LIS,FCO,730.0,1838.7,21476.5
4221,LIS,FRA,1460.0,1873.8,43773.1
4222,LIS,GIG,365.0,7715.2,45056.5
4223,LIS,GRU,365.0,7935.3,46342.0
4224,LIS,GVA,1460.0,1495.7,34938.8
4225,LIS,HAM,730.0,2197.7,25668.9
4226,LIS,HEL,730.0,3363.9,39290.1
4227,LIS,IST,730.0,3212.3,37519.2
4228,LIS,KBP,730.0,3372.4,39389.4
4229,LIS,LGW,1095.0,1542.1,27017.8
4230,LIS,LHR,2190.0,1563.9,54800.1
4231,LIS,LPA,730.0,1337.9,15626.8
4232,LIS,LTN,365.0,1606.4,9381.7
4233,LIS,LYS,730.0,1398.7,16337.0
4234,LIS,MAD,2190.0,512.9,17971.5
4235,LIS,MAN,730.0,1702.7,19887.6
4236,LIS,MIA,730.0,6677.2,77989.3
4237,LIS,MRS,730.0,1307.4,15270.0
4238,LIS,MUC,730.0,1983.6,23168.6
4239,LIS,MXP,1095.0,1651.7,28937.9
4240,LIS,NCE,730.0,1468.1,17147.4
4241,LIS,OPO,1460.0,277.0,6471.0
4242,LIS,ORY,1825.0,1438.1,41992.9
4243,LIS,OSL,730.0,2760.5,32243.1
4244,LIS,OTP,365.0,2970.8,17349.5
4245,LIS,PHL,1095.0,5550.7,97248.1
4246,LIS,PRG,365.0,2228.7,13015.3
4247,LIS,STN,365.0,1627.7,9505.8
4248,LIS,STR,365.0,1833.0,10705.0
4249,LIS,VCE,730.0,1915.3,22371.2
4250,LIS,VIE,730.0,2305.0,26922.5
4251,LIS,WAW,730.0,2749.0,32107.9
4252,LIS,YUL,365.0,5235.2,30573.4
4253,LIS,YYZ,1095.0,5740.5,100572.9
4254,LIS,ZRH,1460.0,1723.5,40260.8
4255,LPA,ACE,1095.0,207.5,3634.7
4256,LPA,AGP,730.0,1409.5,16463.5
4257,LPA,ALC,365.0,1793.6,10474.9
4258,LPA,AMS,365.0,3182.8,18587.4
4259,LPA,ARN,365.0,4334.9,25316.0
4260,LPA,BCN,1095.0,2174.5,38097.1
4261,LPA,BHX,1095.0,2951.1,51704.1
4262,LPA,BRS,1095.0,2814.8,49314.5
4263,LPA,BRU,365.0,3050.6,17815.4
4264,LPA,CDG,365.0,2800.9,16357.1
4265,LPA,CGN,1460.0,3174.6,74159.4
4266,LPA,CMN,730.0,959.4,11206.1
4267,LPA,CPH,365.0,3804.5,22218.5
4268,LPA,DUB,730.0,2931.2,34236.5
4269,LPA,DUS,1460.0,3189.8,74513.6
4270,LPA,EDI,365.0,3259.4,19034.8
4271,LPA,FRA,730.0,3184.9,37199.6
4272,LPA,GLA,1095.0,3227.4,56544.6
4273,LPA,HAM,1095.0,3528.1,61812.7
4274,LPA,LGW,1825.0,2878.7,84057.6
4275,LPA,LIS,730.0,1337.9,15626.8
4276,LPA,LTN,730.0,2941.2,34352.7
4277,LPA,MAD,2190.0,1764.7,61834.5
4278,LPA,MAN,2190.0,3024.4,105974.7
4279,LPA,MUC,1460.0,3254.3,76021.4
4280,LPA,OPO,365.0,1601.5,9353.0
4281,LPA,ORY,730.0,2768.2,32332.1
4282,LPA,OSL,730.0,4096.9,47851.8
4283,LPA,PRG,365.0,3511.8,20508.9
4284,LPA,STN,730.0,2963.8,34616.7
4285,LPA,STR,730.0,3124.8,36497.2
4286,LPA,TFS,365.0,117.1,683.9
4287,LPA,TXL,365.0,3616.5,21120.6
4288,LPA,VIE,1095.0,3544.1,62092.5
4289,LPA,ZRH,1095.0,3001.2,52580.6
4290,LTN,ACE,1095.0,2775.0,48617.4
4291,LTN,AGP,1095.0,1721.1,30154.0
4292,LTN,ALC,730.0,1511.5,17654.2
4293,LTN,AMS,365.0,353.9,2066.5
4294,LTN,AYT,730.0,2949.1,34445.5
4295,LTN,BCN,365.0,1190.8,6954.1
4296,LTN,BUD,730.0,1491.5,17421.2
4297,LTN,CDG,365.0,379.4,2215.5
4298,LTN,CTA,365.0,2005.2,11710.5
4299,LTN,DUB,365.0,433.5,2531.8
4300,LTN,EDI,365.0,493.9,2884.4
4301,LTN,FAO,1095.0,1756.7,30777.1
4302,LTN,FCO,365.0,1470.4,8587.1
4303,LTN,GLA,365.0,518.0,3025.3
4304,LTN,GVA,365.0,783.9,4578.2
4305,LTN,HAM,365.0,723.1,4222.9
4306,LTN,HER,365.0,2732.9,15959.9
4307,LTN,IBZ,730.0,1452.0,16959.4
4308,LTN,IST,365.0,2495.1,14571.2
4309,LTN,LIS,365.0,1606.4,9381.7
4310,LTN,LPA,730.0,2941.2,34352.7
4311,LTN,MAD,365.0,1291.2,7540.8
4312,LTN,MLA,365.0,2133.0,12456.8
4313,LTN,MXP,365.0,961.3,5614.0
4314,LTN,NCE,365.0,1073.9,6271.4
4315,LTN,OTP,365.0,2106.5,12301.7
4316,LTN,PMI,1095.0,1391.0,24370.2
4317,LTN,PRG,365.0,1040.9,6078.7
4318,LTN,RIX,365.0,1661.8,9705.1
4319,LTN,TFS,1095.0,2972.7,52082.5
4320,LTN,TLV,730.0,3600.8,42057.2
4321,LTN,VCE,365.0,1169.2,6828.1
4322,LTN,WAW,365.0,1455.0,8497.3
4323,LTN,ZRH,365.0,806.7,4711.1
4324,LYS,AGP,730.0,1284.6,15004.1
4325,LYS,AMS,730.0,732.4,8554.0
4326,LYS,ATH,1095.0,1780.5,31194.0
4327,LYS,BCN,1095.0,548.6,9612.0
4328,LYS,BHX,730.0,897.5,10482.4
4329,LYS,BRU,1460.0,577.2,13483.7
4330,LYS,CDG,730.0,412.2,4814.3
4331,LYS,CMN,1095.0,1747.2,30611.2
4332,LYS,CTA,730.0,1236.1,14437.9
4333,LYS,DUB,365.0,1181.4,6899.5
4334,LYS,DUS,365.0,631.0,3684.9
4335,LYS,DXB,365.0,4987.6,29127.3
4336,LYS,EDI,365.0,1280.4,7477.5
4337,LYS,FCO,1460.0,721.3,16848.8
4338,LYS,FRA,730.0,545.0,6365.4
4339,LYS,HER,365.0,2044.8,11941.6
4340,LYS,IST,365.0,1964.3,11471.6
4341,LYS,LGW,365.0,717.1,4187.7
4342,LYS,LHR,730.0,757.3,8845.2
4343,LYS,LIS,730.0,1398.7,16337.0
4344,LYS,MAD,730.0,912.2,10654.5
4345,LYS,MLA,730.0,1350.6,15775.1
4346,LYS,MRS,365.0,254.5,1486.1
4347,LYS,MUC,365.0,585.8,3421.3
4348,LYS,MXP,1095.0,283.5,4967.1
4349,LYS,NCE,730.0,285.1,3330.3
4350,LYS,OPO,730.0,1214.7,14187.7
4351,LYS,ORY,365.0,390.8,2282.0
4352,LYS,PMI,730.0,712.6,8323.7
4353,LYS,PRG,730.0,838.5,9793.5
4354,LYS,STN,365.0,771.0,4502.5
4355,LYS,VCE,1095.0,565.8,9913.5
4356,LYS,VIE,730.0,911.0,10640.0
4357,LYS,YUL,365.0,5865.2,34252.7
4358,LYS,ZRH,365.0,328.0,1915.5
4359,MAA,AUH,730.0,2965.9,34642.2
4360,MAA,BKK,730.0,2227.1,26012.6
4361,MAA,BLR,1825.0,267.8,7818.3
4362,MAA,BOM,2555.0,1033.4,42245.6
4363,MAA,CCU,1095.0,1385.7,24277.6
4364,MAA,CMB,1460.0,646.7,15107.2
4365,MAA,DEL,1825.0,1760.9,51417.1
4366,MAA,DOH,365.0,3286.4,19192.6
4367,MAA,DXB,730.0,2933.2,34259.4
4368,MAA,FRA,730.0,7593.9,88696.4
4369,MAA,HKG,365.0,3713.1,21684.8
4370,MAA,JED,365.0,4445.4,25961.4
4371,MAA,KUL,1460.0,2628.7,61406.2
4372,MAA,KWI,365.0,3777.4,22060.0
4373,MAA,LHR,730.0,8235.0,96184.3
4374,MAA,MCT,730.0,2588.8,30237.1
4375,MAA,RUH,365.0,3749.4,21896.6
4376,MAA,SHJ,730.0,2922.4,34133.4
4377,MAA,SIN,2555.0,2925.3,119586.9
4378,MAD,ACE,1095.0,1574.1,27577.9
4379,MAD,AGP,730.0,430.0,5022.2
4380,MAD,ALC,365.0,354.9,2072.5
4381,MAD,AMM,730.0,3651.7,42651.5
4382,MAD,AMS,1095.0,1460.7,25590.7
4383,MAD,ARN,730.0,2601.3,30383.8
4384,MAD,ATH,730.0,2377.1,27764.9
4385,MAD,ATL,1460.0,6961.6,162623.4
4386,MAD,BCN,1460.0,482.9,11281.2
4387,MAD,BKK,365.0,10193.4,59529.5
4388,MAD,BOG,730.0,8031.4,93806.5
4389,MAD,BOS,1460.0,5474.4,127881.6
4390,MAD,BRS,365.0,1215.0,7095.3
4391,MAD,BRU,1825.0,1315.6,38415.9
4392,MAD,BUD,730.0,1974.8,23066.1
4393,MAD,CAI,365.0,3349.6,19561.9
4394,MAD,CDG,1095.0,1064.5,18650.3
4395,MAD,CMN,730.0,867.1,10127.2
4396,MAD,CPH,1095.0,2060.3,36095.6
4397,MAD,CTA,365.0,1641.5,9586.5
4398,MAD,CUN,1460.0,7961.5,185981.1
4399,MAD,DFW,1825.0,7973.9,232837.8
4400,MAD,DME,730.0,3437.4,40148.9
4401,MAD,DOH,1095.0,5329.9,93379.8
4402,MAD,DUB,1095.0,1454.2,25478.0
4403,MAD,DUS,1095.0,1441.3,25251.6
4404,MAD,DXB,365.0,5648.8,32989.2
4405,MAD,EDI,365.0,1721.1,10051.5
4406,MAD,EWR,730.0,5789.7,67623.4
4407,MAD,FCO,1095.0,1329.6,23295.1
4408,MAD,FRA,2920.0,1422.1,66438.2
4409,MAD,GIG,365.0,8146.4,47574.9
4410,MAD,GRU,1825.0,8377.6,244625.5
4411,MAD,GVA,1460.0,1009.9,23592.2
4412,MAD,HAM,365.0,1780.9,10400.2
4413,MAD,HEL,730.0,2947.4,34426.0
4414,MAD,IBZ,1825.0,458.2,13380.8
4415,MAD,ICN,365.0,9965.2,58196.8
4416,MAD,IST,365.0,2702.8,15784.1
4417,MAD,JED,730.0,4515.8,52744.6
4418,MAD,JFK,3285.0,5762.2,302860.2
4419,MAD,KBP,730.0,2873.3,33560.0
4420,MAD,LAX,1460.0,9387.0,219279.9
4421,MAD,LGW,730.0,1215.2,14193.9
4422,MAD,LHR,730.0,1246.0,14552.7
4423,MAD,LIM,1095.0,9526.2,166898.8
4424,MAD,LIS,2190.0,512.9,17971.5
4425,MAD,LPA,1825.0,1764.7,51528.8
4426,MAD,LTN,365.0,1291.2,7540.8
4427,MAD,LYS,730.0,912.2,10654.5
4428,MAD,MAN,365.0,1435.7,8384.3
4429,MAD,MEX,1460.0,9066.9,211802.5
4430,MAD,MIA,1825.0,7107.3,207531.8
4431,MAD,MLA,365.0,1655.0,9665.2
4432,MAD,MRS,730.0,797.3,9311.9
4433,MAD,MUC,1460.0,1497.0,34969.2
4434,MAD,MXP,1095.0,1149.9,20145.6
4435,MAD,NCE,365.0,956.8,5587.7
4436,MAD,OPO,2190.0,439.0,15381.6
4437,MAD,ORD,1460.0,6745.8,157582.6
4438,MAD,ORY,1095.0,1030.3,18051.4
4439,MAD,OTP,1095.0,2458.0,43063.7
4440,MAD,PEK,730.0,9205.3,107518.4
4441,MAD,PHL,730.0,5910.7,69037.0
4442,MAD,PMI,1460.0,546.2,12759.4
4443,MAD,PRG,1460.0,1750.4,40889.6
4444,MAD,PTY,365.0,8157.3,47638.8
4445,MAD,SAW,365.0,2755.7,16093.2
4446,MAD,STN,365.0,1301.9,7602.8
4447,MAD,SVO,730.0,3420.3,39949.4
4448,MAD,TFS,730.0,1823.1,21294.0
4449,MAD,TLV,730.0,3543.8,41392.0
4450,MAD,TXL,730.0,1853.6,21650.5
4451,MAD,VCE,365.0,1407.1,8217.5
4452,MAD,VIE,1095.0,1806.0,31640.4
4453,MAD,WAW,365.0,2271.1,13263.4
4454,MAD,ZRH,1095.0,1240.2,21727.9
4455,MAN,ACE,2555.0,2867.0,117202.0
4456,MAN,AGP,1825.0,1862.6,54387.5
4457,MAN,ALC,1825.0,1681.0,49085.8
4458,MAN,AMS,730.0,486.7,5684.9
4459,MAN,ARN,1095.0,1415.3,24795.7
4460,MAN,ATH,1095.0,2636.6,46194.0
4461,MAN,ATL,1460.0,6581.0,153732.0
4462,MAN,AUH,365.0,5678.3,33161.1
4463,MAN,AYT,1460.0,3130.4,73126.7
4464,MAN,BCN,1095.0,1379.5,24169.5
4465,MAN,BRU,365.0,535.6,3128.2
4466,MAN,BUD,730.0,1654.5,19324.1
4467,MAN,CAI,365.0,3743.8,21863.8
4468,MAN,CDG,1460.0,588.0,13735.6
4469,MAN,CGN,365.0,699.4,4084.6
4470,MAN,CPH,1095.0,994.6,17425.3
4471,MAN,CTA,730.0,2213.1,25849.1
4472,MAN,CUN,1460.0,7794.5,182080.1
4473,MAN,DME,365.0,2575.6,15041.6
4474,MAN,DOH,730.0,5409.4,63181.5
4475,MAN,DUB,730.0,265.0,3095.4
4476,MAN,DUS,730.0,655.4,7655.4
4477,MAN,DXB,730.0,5655.3,66053.5
4478,MAN,EDI,365.0,297.2,1735.6
4479,MAN,EWR,730.0,5383.2,62875.5
4480,MAN,FAO,1460.0,1869.3,43667.0
4481,MAN,FCO,365.0,1677.4,9796.2
4482,MAN,FRA,365.0,832.6,4862.3
4483,MAN,GLA,365.0,312.6,1825.4
4484,MAN,GVA,365.0,992.7,5797.1
4485,MAN,HAM,730.0,810.8,9470.5
4486,MAN,HEL,1095.0,1811.5,31737.6
4487,MAN,HER,1095.0,2929.4,51322.4
4488,MAN,IBZ,1460.0,1634.0,38170.5
4489,MAN,IST,365.0,2666.5,15572.6
4490,MAN,JED,730.0,4957.3,57901.3
4491,MAN,JFK,2190.0,5362.0,187886.0
4492,MAN,LAS,1460.0,8166.4,190768.0
4493,MAN,LHR,1825.0,242.8,7090.1
4494,MAN,LIS,730.0,1702.7,19887.6
4495,MAN,LPA,2190.0,3024.4,105974.7
4496,MAN,MAD,365.0,1435.7,8384.3
4497,MAN,MCO,1095.0,6804.6,119217.4
4498,MAN,MLA,1460.0,2341.7,54703.1
4499,MAN,MUC,2190.0,1130.0,39596.9
4500,MAN,MXP,365.0,1167.5,6818.2
4501,MAN,NCE,365.0,1282.5,7489.9
4502,MAN,ORD,1825.0,6140.0,179287.0
4503,MAN,OSL,730.0,1103.8,12892.9
4504,MAN,PHL,730.0,5511.7,64376.6
4505,MAN,PMI,2920.0,1581.1,73866.8
4506,MAN,PRG,730.0,1191.7,13919.4
4507,MAN,RIX,365.0,1703.2,9947.0
4508,MAN,TFS,2920.0,3048.4,142420.1
4509,MAN,TLV,365.0,3785.1,22104.7
4510,MAN,VCE,1460.0,1366.8,31928.4
4511,MAN,VIE,365.0,1443.2,8428.1
4512,MAN,YVR,365.0,7337.4,42850.5
4513,MAN,YYC,365.0,6776.3,39573.5
4514,MAN,YYZ,365.0,5511.4,32186.5
4515,MAN,ZRH,365.0,1006.6,5878.8
4516,MCO,ATL,2920.0,650.7,30402.4
4517,MCO,BOG,1095.0,2744.7,48086.7
4518,MCO,BOS,1460.0,1806.0,42187.6
4519,MCO,BWI,730.0,1269.0,14821.9
4520,MCO,CLT,1460.0,755.2,17641.5
4521,MCO,CUN,1095.0,995.6,17443.1
4522,MCO,DCA,1095.0,1224.1,21446.7
4523,MCO,DEN,1460.0,2486.3,58081.0
4524,MCO,DFW,1095.0,1582.4,27723.9
4525,MCO,DTW,730.0,1543.6,18029.8
4526,MCO,DUB,365.0,6541.4,38202.0
4527,MCO,EWR,730.0,1510.9,17647.1
4528,MCO,FLL,1095.0,285.9,5009.0
4529,MCO,FRA,730.0,7619.9,89000.1
4530,MCO,GLA,1095.0,6626.6,116098.1
4531,MCO,GRU,730.0,6869.2,80231.9
4532,MCO,IAD,365.0,1222.0,7136.6
4533,MCO,IAH,730.0,1372.0,16025.0
4534,MCO,JFK,1460.0,1521.4,35539.6
4535,MCO,LAS,730.0,3276.1,38264.8
4536,MCO,LAX,2190.0,3562.3,124823.5
4537,MCO,LGA,730.0,1531.0,17881.6
4538,MCO,LGW,2555.0,6991.5,285810.8
4539,MCO,MAN,1095.0,6804.6,119217.4
4540,MCO,MDW,730.0,1595.4,18634.4
4541,MCO,MEX,1095.0,2060.2,36093.9
4542,MCO,MIA,730.0,310.0,3620.5
4543,MCO,MSP,1460.0,2110.4,49299.8
4544,MCO,MSY,730.0,885.5,10342.8
4545,MCO,ORD,1460.0,1620.1,37845.1
4546,MCO,PHL,1460.0,1388.6,32436.7
4547,MCO,PHX,1460.0,2969.7,69371.9
4548,MCO,PTY,730.0,2161.9,25251.2
4549,MCO,SAN,730.0,3451.6,40314.2
4550,MCO,SEA,730.0,4104.7,47942.7
4551,MCO,SFO,730.0,3929.1,45892.4
4552,MCO,SJU,1460.0,1913.3,44695.4
4553,MCO,SLC,365.0,3103.3,18123.2
4554,MCO,STL,730.0,1419.9,16584.8
4555,MCO,YUL,730.0,2008.4,23458.0
4556,MCO,YYC,365.0,3711.1,21673.0
4557,MCO,YYZ,1825.0,1702.1,49700.6
4558,MCT,ADD,730.0,2633.1,30755.1
4559,MCT,AMM,730.0,2368.3,27662.2
4560,MCT,AUH,4015.0,380.7,24453.1
4561,MCT,BKK,365.0,4589.7,26804.1
4562,MCT,BLR,365.0,2348.7,13716.1
4563,MCT,BOM,1460.0,1590.3,37148.3
4564,MCT,CAI,730.0,2756.1,32190.9
4565,MCT,CDG,365.0,5578.4,32577.8
4566,MCT,CMB,1095.0,2939.9,51507.7
4567,MCT,DEL,730.0,1956.6,22853.0
4568,MCT,DOH,1825.0,701.1,20472.8
4569,MCT,DXB,1460.0,348.5,8140.5
4570,MCT,FRA,365.0,5179.2,30246.3
4571,MCT,IST,730.0,3370.7,39370.1
4572,MCT,JED,365.0,1973.1,11522.8
4573,MCT,KUL,730.0,5209.0,60841.1
4574,MCT,KWI,730.0,1202.4,14043.8
4575,MCT,LHR,365.0,5833.6,34068.2
4576,MCT,MAA,730.0,2588.8,30237.1
4577,MCT,MUC,365.0,4902.2,28628.6
4578,MCT,MXP,365.0,5051.3,29499.3
4579,MCT,RUH,730.0,1183.7,13826.0
4580,MCT,SHJ,365.0,340.1,1986.2
4581,MCT,ZRH,730.0,5108.9,59672.3
4582,MDW,ATL,1825.0,952.0,27797.2
4583,MDW,BOS,730.0,1381.5,16136.0
4584,MDW,BWI,730.0,980.5,11452.8
4585,MDW,CLT,730.0,940.1,10980.9
4586,MDW,CUN,365.0,2308.7,13482.8
4587,MDW,DEN,1095.0,1437.3,25182.2
4588,MDW,DTW,1095.0,366.5,6421.9
4589,MDW,EWR,730.0,1141.1,13327.8
4590,MDW,FLL,365.0,1880.7,10983.2
4591,MDW,IAD,730.0,927.1,10828.3
4592,MDW,LAS,730.0,2441.9,28521.2
4593,MDW,LAX,730.0,2811.5,32838.7
4594,MDW,LGA,730.0,1163.9,13594.7
4595,MDW,MCO,730.0,1595.4,18634.4
4596,MDW,MSP,1460.0,560.3,13089.0
4597,MDW,MSY,730.0,1330.4,15538.9
4598,MDW,PDX,730.0,2810.9,32831.7
4599,MDW,PHL,730.0,1072.9,12531.9
4600,MDW,PHX,730.0,2319.7,27093.5
4601,MDW,SAN,730.0,2776.0,32423.7
4602,MDW,SEA,730.0,2782.2,32495.7
4603,MDW,SFO,730.0,2977.5,34776.8
4604,MDW,SLC,730.0,2020.5,23599.0
4605,MDW,STL,730.0,404.2,4720.6
4606,MDW,TPA,730.0,1606.9,18768.6
4607,MEL,AKL,2920.0,2637.4,123217.5
4608,MEL,AUH,1095.0,11651.7,204136.9
4609,MEL,BKK,1095.0,7331.7,128451.4
4610,MEL,BNE,1825.0,1380.9,40320.9
4611,MEL,CAN,365.0,7548.5,44083.1
4612,MEL,CGK,365.0,5210.6,30429.7
4613,MEL,CTU,365.0,8697.4,50793.1
4614,MEL,DEL,365.0,10191.8,59519.9
4615,MEL,DOH,365.0,11957.5,69831.9
4616,MEL,DPS,1460.0,4382.0,102362.8
4617,MEL,DXB,730.0,11645.1,136014.9
4618,MEL,HKG,1095.0,7412.5,129867.0
4619,MEL,HNL,730.0,8874.8,103657.9
4620,MEL,KUL,1460.0,6315.0,147518.0
4621,MEL,LAX,1460.0,12757.9,298024.5
4622,MEL,MNL,365.0,6313.5,36871.1
4623,MEL,NRT,365.0,8178.8,47764.4
4624,MEL,PVG,1460.0,8017.4,187285.8
4625,MEL,SGN,730.0,6698.8,78241.6
4626,MEL,SIN,2555.0,6033.0,246630.7
4627,MEL,SYD,2555.0,705.4,28836.8
4628,MEX,AMS,365.0,9206.3,53764.7
4629,MEX,ATL,2920.0,2143.4,100139.4
4630,MEX,BOG,1460.0,3158.9,73792.1
4631,MEX,CDG,1095.0,9198.9,161165.1
4632,MEX,CLT,730.0,2498.6,29183.5
4633,MEX,CUN,1460.0,1284.4,30002.6
4634,MEX,DEN,730.0,2333.5,27254.9
4635,MEX,DFW,1825.0,1510.3,44101.8
4636,MEX,DTW,730.0,2932.8,34254.8
4637,MEX,EWR,365.0,3342.7,19521.4
4638,MEX,FRA,365.0,9552.0,55783.5
4639,MEX,GRU,730.0,7433.1,86818.5
4640,MEX,IAD,1095.0,3002.2,52598.1
4641,MEX,IAH,1460.0,1231.7,28772.0
4642,MEX,JFK,1460.0,3365.3,78614.3
4643,MEX,LAS,1095.0,2427.5,42529.3
4644,MEX,LAX,2555.0,2500.0,102200.1
4645,MEX,LHR,730.0,8903.9,103997.1
4646,MEX,LIM,1095.0,4245.0,74372.2
4647,MEX,MAD,1460.0,9066.9,211802.5
4648,MEX,MCO,1095.0,2060.2,36093.9
4649,MEX,MIA,2920.0,2050.7,95809.1
4650,MEX,MUC,365.0,9844.9,57494.0
4651,MEX,ORD,2190.0,2718.7,95263.5
4652,MEX,PHX,1095.0,2016.6,35331.6
4653,MEX,PTY,730.0,2411.1,28161.3
4654,MEX,SAN,365.0,2330.1,13608.0
4655,MEX,SFO,1460.0,3028.4,70743.9
4656,MEX,YUL,365.0,3712.8,21682.6
4657,MEX,YVR,365.0,3944.7,23037.0
4658,MEX,YYZ,730.0,3246.7,37921.1
4659,MIA,AMS,365.0,7442.8,43466.0
4660,MIA,ATL,4380.0,959.1,67211.2
4661,MIA,BCN,1825.0,7544.9,220309.7
4662,MIA,BOG,1825.0,2434.9,71098.9
4663,MIA,BOS,730.0,2028.3,23690.3
4664,MIA,BSB,1095.0,5807.7,101750.3
4665,MIA,BWI,1095.0,1525.9,26734.5
4666,MIA,CDG,2920.0,7371.5,344395.2
4667,MIA,CLT,730.0,1049.4,12257.0
4668,MIA,CUN,1095.0,855.0,14978.9
4669,MIA,DCA,730.0,1483.6,17328.5
4670,MIA,DEN,1095.0,2748.7,48157.1
4671,MIA,DFW,730.0,1802.2,21049.3
4672,MIA,DTW,1095.0,1847.1,32360.9
4673,MIA,DUS,730.0,7603.6,88809.7
4674,MIA,EWR,1095.0,1750.6,30670.4
4675,MIA,FCO,730.0,8329.2,97284.7
4676,MIA,FRA,730.0,7763.6,90678.3
4677,MIA,GIG,1095.0,6717.2,117686.0
4678,MIA,GRU,1095.0,6573.6,115169.2
4679,MIA,IAD,1095.0,1486.2,26037.6
4680,MIA,IAH,1095.0,1549.4,27145.6
4681,MIA,JFK,1095.0,1757.1,30784.8
4682,MIA,LAS,730.0,3494.2,40811.7
4683,MIA,LAX,1460.0,3762.6,87895.0
4684,MIA,LGA,1095.0,1768.4,30982.0
4685,MIA,LHR,2920.0,7108.9,332129.1
4686,MIA,LIM,1825.0,4218.9,123191.4
4687,MIA,LIS,730.0,6677.2,77989.3
4688,MIA,MAD,1825.0,7107.3,207531.8
4689,MIA,MCO,730.0,310.0,3620.5
4690,MIA,MEX,2555.0,2050.7,83832.9
4691,MIA,MSP,1095.0,2418.1,42364.7
4692,MIA,MSY,1825.0,1084.6,31670.1
4693,MIA,MXP,1825.0,7920.0,231264.4
4694,MIA,ORD,1095.0,1930.0,33814.3
4695,MIA,PHL,730.0,1634.2,19087.9
4696,MIA,PHX,730.0,3168.3,37005.4
4697,MIA,PTY,1460.0,1861.8,43492.8
4698,MIA,SAN,730.0,3642.6,42545.0
4699,MIA,SEA,730.0,4379.5,51152.1
4700,MIA,SFO,1095.0,4153.7,72772.9
4701,MIA,SJU,730.0,1682.0,19646.0
4702,MIA,STL,730.0,1721.7,20109.4
4703,MIA,SVO,730.0,9200.3,107459.1
4704,MIA,TPA,730.0,329.2,3844.5
4705,MIA,TXL,730.0,7990.6,93330.2
4706,MIA,YUL,1095.0,2264.7,39677.8
4707,MIA,YYZ,1460.0,1989.5,46474.9
4708,MIA,ZRH,730.0,7845.0,91629.9
4709,MLA,AMS,730.0,1982.8,23159.7
4710,MLA,ARN,365.0,2657.5,15519.5
4711,MLA,ATH,365.0,872.6,5095.7
4712,MLA,BCN,730.0,1234.2,14415.5
4713,MLA,BHX,730.0,2242.9,26197.2
4714,MLA,BRS,730.0,2201.3,25711.1
4715,MLA,BRU,730.0,1853.6,21650.3
4716,MLA,BUD,730.0,1346.1,15722.2
4717,MLA,CDG,730.0,1755.4,20503.5
4718,MLA,CPH,365.0,2201.6,12857.4
4719,MLA,CTA,1095.0,186.5,3267.4
4720,MLA,DME,365.0,2808.4,16401.0
4721,MLA,DUB,365.0,2532.0,14786.9
4722,MLA,DUS,730.0,1822.5,21286.4
4723,MLA,EDI,365.0,2609.3,15238.5
4724,MLA,FCO,1095.0,688.6,12064.2
4725,MLA,FRA,730.0,1646.7,19232.9
4726,MLA,GLA,365.0,2644.8,15445.6
4727,MLA,GVA,365.0,1349.1,7878.7
4728,MLA,HAM,365.0,2006.8,11719.7
4729,MLA,IST,730.0,1377.2,16085.7
4730,MLA,LED,365.0,2894.2,16902.2
4731,MLA,LGW,1460.0,2063.0,48190.9
4732,MLA,LHR,365.0,2102.6,12278.9
4733,MLA,LTN,365.0,2133.0,12456.8
4734,MLA,LYS,730.0,1350.6,15775.1
4735,MLA,MAD,365.0,1655.0,9665.2
4736,MLA,MAN,1460.0,2341.7,54703.1
4737,MLA,MRS,730.0,1155.6,13497.4
4738,MLA,MUC,730.0,1406.9,16432.7
4739,MLA,ORY,1095.0,1738.0,30450.3
4740,MLA,OSL,365.0,2709.2,15821.4
4741,MLA,PRG,730.0,1583.9,18499.7
4742,MLA,RIX,365.0,2447.6,14293.8
4743,MLA,SAW,730.0,1406.8,16431.1
4744,MLA,STN,365.0,2108.1,12311.4
4745,MLA,SVO,730.0,2827.2,33021.6
4746,MLA,TXL,365.0,1859.6,10859.8
4747,MLA,VIE,1460.0,1373.2,32078.8
4748,MLA,ZRH,730.0,1380.4,16122.8
4749,MNL,AUH,730.0,6984.2,81575.5
4750,MNL,BKK,1460.0,2187.6,51102.7
4751,MNL,CAN,1095.0,1278.0,22390.4
4752,MNL,CGK,1095.0,2788.1,48848.3
4753,MNL,DOH,730.0,7282.5,85059.4
4754,MNL,DPS,730.0,2665.4,31131.6
4755,MNL,DXB,1095.0,6906.0,120993.8
4756,MNL,HKG,1460.0,1145.9,26767.2
4757,MNL,HND,730.0,2995.9,34991.6
4758,MNL,HNL,365.0,8520.5,49759.5
4759,MNL,ICN,2190.0,2608.8,91414.1
4760,MNL,JED,365.0,8595.2,50195.9
4761,MNL,KIX,1095.0,2634.8,46161.6
4762,MNL,KUL,1095.0,2489.9,43622.7
4763,MNL,LAX,365.0,11740.1,68562.4
4764,MNL,LHR,365.0,10767.2,62880.2
4765,MNL,MEL,365.0,6313.5,36871.1
4766,MNL,NRT,1825.0,3050.8,89083.1
4767,MNL,PEK,1095.0,2876.0,50387.3
4768,MNL,PVG,1460.0,1851.4,43249.5
4769,MNL,RUH,730.0,7777.7,90843.0
4770,MNL,SFO,365.0,11228.6,65575.2
4771,MNL,SGN,1095.0,1611.4,28231.4
4772,MNL,SIN,1825.0,2374.9,69345.7
4773,MNL,SYD,730.0,6262.8,73149.7
4774,MNL,TPE,2190.0,1175.4,41187.4
4775,MNL,XMN,1095.0,1156.2,20256.1
4776,MNL,YVR,365.0,10554.1,61636.0
4777,MRS,AGP,365.0,1116.7,6521.5
4778,MRS,AMS,730.0,986.8,11525.9
4779,MRS,ATH,1095.0,1688.5,29582.0
4780,MRS,BCN,730.0,351.2,4102.6
4781,MRS,BRU,365.0,831.6,4856.6
4782,MRS,CDG,2920.0,652.8,30499.7
4783,MRS,CMN,365.0,1577.7,9213.9
4784,MRS,CTA,365.0,1064.1,6214.1
4785,MRS,DUB,365.0,1393.1,8135.7
4786,MRS,EDI,365.0,1519.6,8874.2
4787,MRS,FCO,730.0,602.2,7033.7
4788,MRS,FRA,730.0,776.2,9065.7
4789,MRS,GVA,365.0,319.0,1862.8
4790,MRS,HER,365.0,1930.3,11273.2
4791,MRS,IBZ,365.0,601.2,3510.9
4792,MRS,IST,730.0,1941.8,22680.3
4793,MRS,LGW,365.0,948.8,5540.7
4794,MRS,LHR,730.0,989.3,11554.8
4795,MRS,LIS,730.0,1307.4,15270.0
4796,MRS,LYS,365.0,254.5,1486.1
4797,MRS,MAD,730.0,797.3,9311.9
4798,MRS,MLA,730.0,1155.6,13497.4
4799,MRS,MUC,365.0,745.6,4354.2
4800,MRS,MXP,1460.0,369.6,8633.1
4801,MRS,OPO,365.0,1166.8,6814.2
4802,MRS,ORY,730.0,627.0,7323.3
4803,MRS,PMI,1095.0,479.1,8394.2
4804,MRS,PRG,365.0,1009.8,5897.2
4805,MRS,SAW,365.0,1998.0,11668.5
4806,MRS,STN,365.0,1010.0,5898.7
4807,MRS,SVO,365.0,2666.2,15570.8
4808,MRS,TLV,730.0,2881.1,33651.6
4809,MRS,TXL,365.0,1176.8,6872.3
4810,MRS,VCE,730.0,610.4,7129.1
4811,MRS,YUL,365.0,6005.5,35072.1
4812,MSP,AMS,730.0,6684.9,78079.5
4813,MSP,ATL,2555.0,1459.7,59673.3
4814,MSP,BOS,730.0,1804.2,21073.4
4815,MSP,BWI,730.0,1503.6,17562.4
4816,MSP,CDG,730.0,6774.8,79129.1
4817,MSP,CLT,1095.0,1496.1,26211.2
4818,MSP,CUN,1095.0,2714.6,47560.3
4819,MSP,DCA,1460.0,1494.8,34919.6
4820,MSP,DEN,2190.0,1092.4,38276.0
4821,MSP,DFW,1825.0,1372.6,40079.3
4822,MSP,DTW,365.0,848.2,4953.8
4823,MSP,EWR,730.0,1618.7,18906.7
4824,MSP,FLL,365.0,2396.0,13992.7
4825,MSP,IAD,730.0,1458.7,17037.6
4826,MSP,IAH,1095.0,1666.9,29204.3
4827,MSP,JFK,730.0,1651.3,19286.9
4828,MSP,LAS,1095.0,2087.8,36577.7
4829,MSP,LAX,2555.0,2467.3,100863.0
4830,MSP,LGA,365.0,1638.1,9566.3
4831,MSP,LHR,1460.0,6442.9,150506.6
4832,MSP,MCO,1460.0,2110.4,49299.8
4833,MSP,MDW,1460.0,560.3,13089.0
4834,MSP,MIA,1095.0,2418.1,42364.7
4835,MSP,MSY,1460.0,1675.8,39146.0
4836,MSP,NRT,365.0,9552.9,55788.9
4837,MSP,ORD,1825.0,537.0,15680.3
4838,MSP,PDX,365.0,2288.7,13366.0
4839,MSP,PHL,1095.0,1574.4,27583.9
4840,MSP,PHX,2190.0,2051.7,71891.8
4841,MSP,SAN,1095.0,2462.8,43148.2
4842,MSP,SEA,1825.0,2244.8,65548.4
4843,MSP,SFO,1825.0,2551.4,74500.5
4844,MSP,SLC,365.0,1591.5,9294.6
4845,MSP,STL,1095.0,721.7,12643.4
4846,MSP,TPA,365.0,2104.8,12291.8
4847,MSP,YUL,730.0,1524.7,17808.1
4848,MSP,YVR,365.0,2304.6,13458.8
4849,MSP,YYC,365.0,1688.0,9858.0
4850,MSP,YYZ,1460.0,1088.9,25437.6
4851,MSY,ATL,3285.0,683.6,35928.5
4852,MSY,BOS,365.0,2199.6,12845.5
4853,MSY,BWI,730.0,1606.2,18760.0
4854,MSY,CLT,730.0,1047.2,12231.5
4855,MSY,DCA,730.0,1559.4,18213.2
4856,MSY,DEN,1825.0,1708.1,49876.1
4857,MSY,DFW,2190.0,719.4,25209.2
4858,MSY,DTW,1825.0,1492.3,43574.3
4859,MSY,EWR,1825.0,1877.4,54820.9
4860,MSY,FLL,730.0,1082.8,12647.4
4861,MSY,IAD,1095.0,1536.0,26911.4
4862,MSY,IAH,1460.0,489.5,11435.5
4863,MSY,JFK,4015.0,1901.5,122151.7
4864,MSY,LAS,730.0,2409.6,28143.7
4865,MSY,LAX,3285.0,2682.9,141010.9
4866,MSY,LGA,1095.0,1903.4,33347.0
4867,MSY,MCO,730.0,885.5,10342.8
4868,MSY,MDW,730.0,1330.4,15538.9
4869,MSY,MIA,1825.0,1084.6,31670.1
4870,MSY,MSP,1095.0,1675.8,29359.5
4871,MSY,ORD,2920.0,1349.2,63037.0
4872,MSY,PHL,730.0,1750.9,20450.3
4873,MSY,PHX,365.0,2089.0,12199.6
4874,MSY,SAN,730.0,2568.3,29997.4
4875,MSY,SFO,365.0,3069.4,17925.4
4876,MSY,SLC,730.0,2296.2,26820.1
4877,MSY,STL,730.0,973.6,11371.6
4878,MSY,TPA,730.0,784.0,9156.7
4879,MSY,YYZ,730.0,1788.1,20885.1
4880,MUC,ACE,730.0,3058.0,35717.5
4881,MUC,AGP,1825.0,1854.9,54164.4
4882,MUC,ALC,730.0,1496.8,17482.1
4883,MUC,AMM,730.0,2747.2,32087.2
4884,MUC,AMS,730.0,664.2,7757.5
4885,MUC,ARN,1095.0,1317.3,23079.3
4886,MUC,ATH,1460.0,1517.7,35453.0
4887,MUC,ATL,1095.0,7702.0,134938.5
4888,MUC,AUH,1095.0,4580.0,80241.6
4889,MUC,AYT,1460.0,2000.9,46741.8
4890,MUC,BCN,1095.0,1094.6,19177.9
4891,MUC,BHX,365.0,1059.8,6189.5
4892,MUC,BKK,730.0,8799.7,102780.6
4893,MUC,BOM,730.0,6312.2,73726.2
4894,MUC,BOS,730.0,6181.0,72194.4
4895,MUC,BRS,365.0,1090.6,6369.3
4896,MUC,BRU,730.0,597.0,6972.7
4897,MUC,BUD,365.0,566.5,3308.3
4898,MUC,CAI,730.0,2623.2,30638.6
4899,MUC,CDG,730.0,681.6,7960.7
4900,MUC,CGN,730.0,435.7,5089.0
4901,MUC,CLT,365.0,7350.7,42927.9
4902,MUC,CMN,365.0,2317.7,13535.5
4903,MUC,CPH,730.0,809.9,9459.7
4904,MUC,CTA,1825.0,1239.4,36190.2
4905,MUC,DEL,730.0,5899.5,68905.6
4906,MUC,DME,1095.0,1942.0,34024.5
4907,MUC,DOH,730.0,4301.9,50246.2
4908,MUC,DUB,730.0,1381.3,16133.4
4909,MUC,DUS,1095.0,485.8,8511.6
4910,MUC,DXB,1095.0,4564.0,79961.5
4911,MUC,EDI,365.0,1330.3,7769.2
4912,MUC,EWR,730.0,6503.0,75954.6
4913,MUC,FAO,1460.0,2038.2,47612.7
4914,MUC,FCO,730.0,729.6,8521.5
4915,MUC,FRA,1095.0,299.1,5239.9
4916,MUC,GRU,730.0,9857.5,115135.1
4917,MUC,GVA,730.0,488.3,5703.7
4918,MUC,HAM,730.0,600.0,7008.2
4919,MUC,HEL,1460.0,1574.5,36781.2
4920,MUC,HER,1825.0,1817.8,53080.3
4921,MUC,HKG,365.0,9019.4,52673.0
4922,MUC,HND,730.0,9358.6,109308.7
4923,MUC,IAD,730.0,6843.0,79925.7
4924,MUC,IAH,365.0,8699.0,50802.4
4925,MUC,IBZ,730.0,1344.3,15701.9
4926,MUC,ICN,365.0,8499.6,49637.7
4927,MUC,IST,1460.0,1547.6,36151.2
4928,MUC,JFK,730.0,6481.1,75698.7
4929,MUC,JNB,1095.0,8444.3,147944.8
4930,MUC,KBP,730.0,1397.8,16325.9
4931,MUC,LAX,730.0,9615.8,112312.6
4932,MUC,LED,730.0,1741.3,20338.6
4933,MUC,LGW,365.0,913.5,5335.1
4934,MUC,LHR,1460.0,941.6,21995.3
4935,MUC,LIS,1095.0,1983.6,34752.8
4936,MUC,LPA,1460.0,3254.3,76021.4
4937,MUC,LYS,365.0,585.8,3421.3
4938,MUC,MAD,2190.0,1497.0,52453.8
4939,MUC,MAN,2190.0,1130.0,39596.9
4940,MUC,MCT,365.0,4902.2,28628.6
4941,MUC,MEX,365.0,9844.9,57494.0
4942,MUC,MLA,730.0,1406.9,16432.7
4943,MUC,MRS,365.0,745.6,4354.2
4944,MUC,MXP,365.0,381.4,2227.1
4945,MUC,NCE,365.0,630.0,3679.0
4946,MUC,OPO,365.0,1790.3,10455.1
4947,MUC,ORD,730.0,7269.6,84908.4
4948,MUC,OSL,1095.0,1309.3,22939.0
4949,MUC,OTP,730.0,1171.0,13677.3
4950,MUC,PEK,730.0,7720.9,90180.3
4951,MUC,PHL,730.0,6631.2,77451.9
4952,MUC,PMI,1460.0,1215.7,28399.8
4953,MUC,PRG,365.0,264.6,1545.0
4954,MUC,PVG,730.0,8778.2,102529.0
4955,MUC,RIX,730.0,1254.9,14657.0
4956,MUC,RUH,365.0,3999.4,23356.5
4957,MUC,SAW,1095.0,1610.0,28207.7
4958,MUC,SFO,730.0,9437.0,110224.6
4959,MUC,SIN,1460.0,10058.4,234964.8
4960,MUC,STN,365.0,911.0,5320.3
4961,MUC,STR,365.0,192.5,1124.2
4962,MUC,SVO,365.0,1927.4,11255.9
4963,MUC,SVX,365.0,3363.1,19640.4
4964,MUC,TFS,1460.0,3317.7,77501.0
4965,MUC,TLV,1095.0,2655.0,46515.8
4966,MUC,TXL,1095.0,479.6,8402.2
4967,MUC,VCE,730.0,319.6,3733.4
4968,MUC,VIE,1825.0,355.3,10374.5
4969,MUC,WAW,730.0,777.3,9079.2
4970,MUC,YUL,730.0,6150.8,71841.0
4971,MUC,YVR,730.0,8340.4,97415.4
4972,MUC,YYZ,730.0,6641.0,77566.3
4973,MUC,ZRH,730.0,260.7,3045.1
4974,MXP,AGP,365.0,1485.8,8676.9
4975,MXP,AMS,365.0,796.6,4652.4
4976,MXP,ATH,1095.0,1520.3,26636.5
4977,MXP,AUH,730.0,4713.7,55056.2
4978,MXP,BCN,1460.0,720.8,16837.8
4979,MXP,BHX,365.0,1074.4,6274.6
4980,MXP,BKK,365.0,9079.6,53024.8
4981,MXP,BRS,365.0,1056.4,6169.6
4982,MXP,BRU,1460.0,664.7,15527.1
4983,MXP,BUD,365.0,829.5,4844.3
4984,MXP,CAI,730.0,2616.8,30563.9
4985,MXP,CDG,730.0,598.3,6987.6
4986,MXP,CGN,365.0,593.8,3467.9
4987,MXP,CMN,730.0,1947.2,22743.2
4988,MXP,CPH,730.0,1144.1,13363.2
4989,MXP,CTA,1095.0,1049.1,18379.8
4990,MXP,CUN,365.0,8771.1,51223.4
4991,MXP,DME,365.0,2308.0,13478.6
4992,MXP,DOH,365.0,4422.8,25828.9
4993,MXP,DUB,365.0,1381.7,8069.3
4994,MXP,DUS,1095.0,645.6,11310.6
4995,MXP,DXB,730.0,4707.4,54982.5
4996,MXP,EDI,365.0,1424.0,8316.2
4997,MXP,EWR,730.0,6436.3,75176.5
4998,MXP,FCO,2190.0,510.8,17897.6
4999,MXP,FRA,730.0,489.7,5719.7
5000,MXP,GRU,365.0,9485.5,55395.3
5001,MXP,HAM,730.0,894.1,10443.3
5002,MXP,HEL,365.0,1950.1,11388.7
5003,MXP,HER,365.0,1795.3,10484.6
5004,MXP,HKG,365.0,9357.4,54646.9
5005,MXP,IBZ,365.0,964.0,5630.1
5006,MXP,IST,365.0,1682.2,9824.1
5007,MXP,JED,730.0,3833.3,44772.6
5008,MXP,JFK,3650.0,6412.7,374504.4
5009,MXP,KBP,365.0,1723.4,10064.8
5010,MXP,LED,1095.0,2122.4,37184.5
5011,MXP,LGW,365.0,898.9,5249.4
5012,MXP,LHR,730.0,936.4,10936.9
5013,MXP,LIS,1460.0,1651.7,38583.9
5014,MXP,LTN,365.0,961.3,5614.0
5015,MXP,LYS,1095.0,283.5,4967.1
5016,MXP,MAD,1095.0,1149.9,20145.6
5017,MXP,MAN,365.0,1167.5,6818.2
5018,MXP,MCT,365.0,5051.3,29499.3
5019,MXP,MIA,1825.0,7920.0,231264.4
5020,MXP,MRS,1460.0,369.6,8633.1
5021,MXP,MUC,365.0,381.4,2227.1
5022,MXP,NRT,365.0,9748.5,56931.3
5023,MXP,OPO,730.0,1484.1,17334.0
5024,MXP,OSL,730.0,1618.5,18904.4
5025,MXP,OTP,365.0,1364.7,7969.9
5026,MXP,PEK,365.0,8091.8,47255.9
5027,MXP,PMI,365.0,834.5,4873.5
5028,MXP,PRG,1095.0,645.7,11312.1
5029,MXP,PVG,365.0,9144.1,53401.5
5030,MXP,RIX,730.0,1636.0,19108.0
5031,MXP,RUH,730.0,4084.7,47709.6
5032,MXP,SAW,365.0,1741.9,10172.6
5033,MXP,SIN,365.0,10309.1,60205.2
5034,MXP,STR,365.0,342.2,1998.6
5035,MXP,SVO,730.0,2296.7,26825.3
5036,MXP,TFS,365.0,2959.1,17281.0
5037,MXP,TLV,1095.0,2705.9,47408.2
5038,MXP,TXL,730.0,838.5,9794.2
5039,MXP,VIE,1825.0,656.4,19166.1
5040,MXP,WAW,365.0,1150.0,6715.9
5041,MXP,ZRH,365.0,204.4,1193.7
5042,NBO,ADD,1460.0,1163.6,27182.0
5043,NBO,AMS,1095.0,6677.4,116988.8
5044,NBO,AUH,1095.0,3443.2,60324.2
5045,NBO,BKK,1095.0,7224.1,126566.0
5046,NBO,BOM,730.0,4533.0,52945.4
5047,NBO,BRU,1460.0,6566.6,153395.8
5048,NBO,CAI,365.0,3544.8,20701.7
5049,NBO,CAN,730.0,8678.7,101367.4
5050,NBO,CDG,730.0,6495.1,75863.2
5051,NBO,DEL,365.0,5416.3,31631.2
5052,NBO,DOH,365.0,3352.7,19579.6
5053,NBO,DXB,1460.0,3559.2,83144.0
5054,NBO,ICN,730.0,10054.7,117439.0
5055,NBO,IST,730.0,4807.7,56154.5
5056,NBO,JED,730.0,2568.8,30003.5
5057,NBO,JNB,730.0,2912.0,34012.4
5058,NBO,LHR,1095.0,6841.2,119858.5
5059,NBO,SHJ,365.0,3575.2,20879.1
5060,NBO,ZRH,1095.0,6083.8,106587.4
5061,NCE,AMS,1095.0,978.9,17149.7
5062,NCE,ARN,730.0,1920.0,22425.1
5063,NCE,BCN,1095.0,496.3,8695.1
5064,NCE,BHX,365.0,1181.4,6899.5
5065,NCE,BRS,365.0,1135.6,6632.1
5066,NCE,BRU,730.0,831.2,9708.0
5067,NCE,CDG,730.0,694.5,8112.0
5068,NCE,CGN,365.0,801.5,4680.5
5069,NCE,CMN,365.0,1718.2,10034.5
5070,NCE,CPH,730.0,1385.3,16180.0
5071,NCE,DME,365.0,2540.9,14839.0
5072,NCE,DUB,730.0,1466.3,17126.8
5073,NCE,DUS,730.0,849.2,9918.7
5074,NCE,DXB,365.0,4783.9,27937.9
5075,NCE,EDI,365.0,1559.8,9109.2
5076,NCE,FCO,1095.0,459.3,8046.2
5077,NCE,FRA,365.0,716.3,4183.0
5078,NCE,GVA,730.0,299.8,3501.4
5079,NCE,HAM,730.0,1127.2,13165.2
5080,NCE,HEL,730.0,2199.8,25693.8
5081,NCE,IST,365.0,1781.1,10401.6
5082,NCE,JFK,730.0,6406.8,74831.9
5083,NCE,KBP,365.0,1932.9,11288.2
5084,NCE,LED,365.0,2371.3,13848.2
5085,NCE,LGW,1460.0,1001.0,23383.6
5086,NCE,LHR,730.0,1041.1,12159.6
5087,NCE,LIS,1095.0,1468.1,25721.1
5088,NCE,LTN,365.0,1073.9,6271.4
5089,NCE,LYS,730.0,285.1,3330.3
5090,NCE,MAD,365.0,956.8,5587.7
5091,NCE,MAN,365.0,1282.5,7489.9
5092,NCE,MUC,365.0,630.0,3679.0
5093,NCE,ORY,730.0,674.8,7881.7
5094,NCE,OSL,730.0,1848.6,21591.7
5095,NCE,OTP,365.0,1506.4,8797.4
5096,NCE,PRG,730.0,893.5,10435.7
5097,NCE,RIX,365.0,1884.8,11007.5
5098,NCE,STN,365.0,1051.9,6143.4
5099,NCE,SVO,365.0,2532.2,14787.9
5100,NCE,TLV,730.0,2735.2,31947.2
5101,NCE,TXL,365.0,1086.7,6346.2
5102,NCE,VCE,1095.0,455.5,7981.2
5103,NCE,VIE,1095.0,876.1,15349.3
5104,NCE,WAW,365.0,1390.5,8120.4
5105,NCE,YUL,365.0,6128.8,35792.1
5106,NCE,ZRH,365.0,435.8,2544.9
5107,NKG,CAN,2190.0,1077.8,37766.2
5108,NKG,CGO,365.0,560.2,3271.7
5109,NKG,CKG,1825.0,1188.8,34712.0
5110,NKG,CSX,2190.0,671.7,23537.1
5111,NKG,CTU,1825.0,1424.0,41579.5
5112,NKG,DLC,1825.0,839.0,24499.0
5113,NKG,FOC,2920.0,650.4,30386.1
5114,NKG,FRA,730.0,8635.0,100857.3
5115,NKG,HAK,1825.0,1557.7,45484.3
5116,NKG,HKG,2190.0,1157.3,40551.7
5117,NKG,HRB,1095.0,1669.6,29251.8
5118,NKG,ICN,730.0,941.7,10998.8
5119,NKG,KIX,730.0,1553.3,18143.1
5120,NKG,KMG,2920.0,1721.7,80436.6
5121,NKG,KWE,1460.0,1305.3,30492.4
5122,NKG,KWL,1460.0,1126.1,26305.0
5123,NKG,NNG,1095.0,1464.5,25658.2
5124,NKG,NRT,730.0,2035.1,23769.8
5125,NKG,PEK,1460.0,949.5,22179.4
5126,NKG,PVG,365.0,287.0,1676.1
5127,NKG,SHE,2190.0,1174.7,41161.1
5128,NKG,SIN,365.0,3722.3,21738.3
5129,NKG,SYD,730.0,8050.0,94024.5
5130,NKG,SYX,1095.0,1769.9,31008.3
5131,NKG,SZX,1825.0,1128.3,32946.9
5132,NKG,TAO,1095.0,522.0,9145.2
5133,NKG,TPE,1095.0,776.4,13602.5
5134,NKG,TYN,1095.0,877.2,15368.3
5135,NKG,URC,365.0,3045.8,17787.5
5136,NKG,XIY,2190.0,988.1,34624.3
5137,NKG,XMN,2920.0,803.6,37544.3
5138,NNG,BKK,730.0,1264.6,14770.4
5139,NNG,CAN,1095.0,531.9,9319.5
5140,NNG,CGO,1460.0,1434.8,33516.8
5141,NNG,CKG,1460.0,805.3,18811.2
5142,NNG,CSX,1460.0,801.1,18714.9
5143,NNG,CTU,1095.0,980.5,17178.5
5144,NNG,FOC,1460.0,1221.6,28535.7
5145,NNG,HAK,1460.0,380.1,8880.2
5146,NNG,HGH,1460.0,1484.7,34681.7
5147,NNG,HKG,365.0,591.1,3451.8
5148,NNG,KMG,2190.0,600.9,21054.8
5149,NNG,KUL,365.0,2316.0,13525.4
5150,NNG,KWE,730.0,458.5,5354.9
5151,NNG,KWL,730.0,346.7,4049.8
5152,NNG,NKG,1095.0,1464.5,25658.2
5153,NNG,PEK,1460.0,2098.1,49010.9
5154,NNG,PVG,1095.0,1649.7,28901.9
5155,NNG,SGN,365.0,1320.8,7713.7
5156,NNG,SHA,1825.0,1615.2,47164.9
5157,NNG,SIN,365.0,2406.5,14054.1
5158,NNG,SYX,1460.0,495.9,11583.1
5159,NNG,SZX,1825.0,578.8,16899.6
5160,NNG,TPE,730.0,1355.8,15836.1
5161,NNG,WUH,2555.0,1088.5,44497.8
5162,NNG,XIY,1825.0,1317.6,38474.7
5163,NNG,XMN,2190.0,1037.0,36334.9
5164,NRT,AKL,1095.0,8836.3,154812.3
5165,NRT,AMS,365.0,9318.8,54421.7
5166,NRT,ATL,365.0,11002.3,64253.2
5167,NRT,AUH,730.0,8088.4,94472.9
5168,NRT,BKK,2920.0,4649.0,217201.1
5169,NRT,BOM,730.0,6786.2,79262.7
5170,NRT,BOS,730.0,10760.8,125686.0
5171,NRT,CAN,2190.0,2944.4,103172.8
5172,NRT,CDG,1095.0,9709.9,170118.0
5173,NRT,CGK,1095.0,5838.9,102298.0
5174,NRT,CMB,365.0,6894.1,40261.8
5175,NRT,CPH,365.0,8712.0,50878.4
5176,NRT,CTU,730.0,3420.2,39948.4
5177,NRT,DEL,1095.0,5908.8,103522.8
5178,NRT,DEN,730.0,9292.8,108539.5
5179,NRT,DFW,1460.0,10322.4,241130.6
5180,NRT,DLC,1825.0,1699.9,49637.7
5181,NRT,DME,730.0,7513.2,87753.8
5182,NRT,DOH,1095.0,8297.7,145375.2
5183,NRT,DPS,730.0,5610.6,65531.8
5184,NRT,DTW,365.0,10272.2,59989.4
5185,NRT,DUS,730.0,9331.0,108986.3
5186,NRT,DXB,730.0,7979.2,93196.8
5187,NRT,EWR,730.0,10810.1,126261.8
5188,NRT,FCO,365.0,9906.1,57851.4
5189,NRT,FRA,365.0,9366.6,54701.1
5190,NRT,HEL,730.0,7829.4,91446.9
5191,NRT,HGH,730.0,1955.6,22841.7
5192,NRT,HKG,1825.0,2962.1,86494.7
5193,NRT,HNL,2555.0,6135.9,250835.7
5194,NRT,IAD,730.0,10844.6,126664.7
5195,NRT,IAH,730.0,10669.3,124618.0
5196,NRT,ICN,3650.0,1256.8,73400.0
5197,NRT,IST,730.0,8979.1,104875.9
5198,NRT,JFK,1825.0,10830.5,316249.4
5199,NRT,KIX,1460.0,490.8,11465.2
5200,NRT,KUL,1095.0,5408.9,94764.2
5201,NRT,LAX,2920.0,8753.8,408978.2
5202,NRT,LHR,1460.0,9591.5,224058.0
5203,NRT,MEL,365.0,8178.8,47764.4
5204,NRT,MEX,365.0,11253.7,65721.8
5205,NRT,MNL,1825.0,3050.8,89083.1
5206,NRT,MSP,365.0,9552.9,55788.9
5207,NRT,MXP,365.0,9748.5,56931.3
5208,NRT,NKG,730.0,2035.1,23769.8
5209,NRT,ORD,2190.0,10074.0,352992.4
5210,NRT,PDX,365.0,7742.1,45213.9
5211,NRT,PEK,2190.0,2135.2,74817.7
5212,NRT,PVG,1825.0,1795.5,52429.3
5213,NRT,SAN,730.0,8924.4,104237.6
5214,NRT,SEA,1095.0,7655.9,134132.2
5215,NRT,SFO,730.0,8227.5,96097.8
5216,NRT,SGN,1460.0,4383.3,102394.2
5217,NRT,SHE,1460.0,1602.1,37424.3
5218,NRT,SIN,2920.0,5357.6,250306.4
5219,NRT,SVO,365.0,7507.2,43842.0
5220,NRT,SYD,730.0,7832.2,91479.5
5221,NRT,TAO,1095.0,1797.6,31493.3
5222,NRT,TPE,3650.0,2181.0,127371.6
5223,NRT,VCE,365.0,9583.4,55967.2
5224,NRT,VIE,730.0,9154.0,106919.1
5225,NRT,XMN,1095.0,2468.3,43243.8
5226,NRT,YVR,1460.0,7503.4,175280.0
5227,NRT,YYC,730.0,7945.7,92806.1
5228,NRT,YYZ,730.0,10299.6,120299.3
5229,NRT,ZRH,730.0,9594.6,112065.0
5230,OPO,AMS,1095.0,1595.0,27943.9
5231,OPO,BCN,1825.0,898.7,26240.9
5232,OPO,BHX,365.0,1351.5,7892.6
5233,OPO,BRU,1825.0,1473.4,43023.2
5234,OPO,CDG,365.0,1231.1,7189.9
5235,OPO,DUB,365.0,1365.5,7974.7
5236,OPO,EWR,730.0,5360.7,62613.5
5237,OPO,FAO,365.0,474.8,2772.8
5238,OPO,FCO,730.0,1738.4,20304.2
5239,OPO,FRA,730.0,1652.7,19304.1
5240,OPO,GIG,365.0,7965.3,46517.3
5241,OPO,GRU,365.0,8180.1,47771.9
5242,OPO,GVA,1095.0,1308.6,22926.8
5243,OPO,LGW,730.0,1278.3,14930.2
5244,OPO,LHR,365.0,1298.1,7580.8
5245,OPO,LIS,1825.0,277.0,8088.8
5246,OPO,LPA,365.0,1601.5,9353.0
5247,OPO,LYS,730.0,1214.7,14187.7
5248,OPO,MAD,2190.0,439.0,15381.6
5249,OPO,MRS,365.0,1166.8,6814.2
5250,OPO,MUC,365.0,1790.3,10455.1
5251,OPO,MXP,730.0,1484.1,17334.0
5252,OPO,ORY,1825.0,1200.9,35066.2
5253,OPO,PMI,365.0,984.5,5749.5
5254,OPO,STN,365.0,1362.8,7958.8
5255,OPO,TFS,365.0,1634.2,9543.9
5256,OPO,YYZ,730.0,5642.2,65901.3
5257,OPO,ZRH,1095.0,1529.8,26803.0
5258,ORD,AMM,1095.0,10013.8,175441.0
5259,ORD,AMS,1460.0,6611.9,154453.1
5260,ORD,ARN,365.0,6855.7,40037.2
5261,ORD,ATL,7300.0,976.3,114035.1
5262,ORD,AUH,730.0,11687.9,136514.6
5263,ORD,BOS,1825.0,1391.1,40619.5
5264,ORD,BRU,730.0,6675.2,77966.1
5265,ORD,BWI,1095.0,998.0,17484.4
5266,ORD,CDG,3650.0,6664.2,389189.7
5267,ORD,CLT,1095.0,964.6,16899.4
5268,ORD,CPH,365.0,6853.7,40025.7
5269,ORD,CUN,1095.0,2330.6,40832.9
5270,ORD,DCA,1095.0,982.6,17215.5
5271,ORD,DEL,365.0,12021.3,70204.3
5272,ORD,DEN,1460.0,1426.0,33311.9
5273,ORD,DFW,1460.0,1290.6,30149.5
5274,ORD,DOH,730.0,11458.1,133830.5
5275,ORD,DTW,1460.0,376.4,8792.4
5276,ORD,DUB,2555.0,5895.3,241000.8
5277,ORD,DUS,2920.0,6788.4,317154.2
5278,ORD,EWR,1095.0,1154.5,20226.0
5279,ORD,FCO,2555.0,7741.6,316476.7
5280,ORD,FLL,1460.0,1905.4,44510.0
5281,ORD,FRA,730.0,6971.1,81422.0
5282,ORD,GRU,365.0,8428.2,49220.7
5283,ORD,HKG,1095.0,12522.5,219394.8
5284,ORD,HNL,365.0,6819.2,39824.0
5285,ORD,IAD,365.0,945.4,5521.2
5286,ORD,IAH,1460.0,1490.7,34821.6
5287,ORD,ICN,1095.0,10519.1,184294.1
5288,ORD,IST,730.0,8785.9,102619.8
5289,ORD,JFK,1825.0,1187.8,34684.8
5290,ORD,LAS,1460.0,2431.7,56804.3
5291,ORD,LAX,2190.0,2802.1,98186.1
5292,ORD,LGA,1825.0,1177.1,34370.0
5293,ORD,LHR,3285.0,6343.8,333427.5
5294,ORD,MAD,1460.0,6745.8,157582.6
5295,ORD,MAN,1825.0,6140.0,179287.0
5296,ORD,MCO,1460.0,1620.1,37845.1
5297,ORD,MEX,2190.0,2718.7,95263.5
5298,ORD,MIA,1095.0,1930.0,33814.3
5299,ORD,MSP,1825.0,537.0,15680.3
5300,ORD,MSY,4745.0,1349.2,102435.1
5301,ORD,MUC,730.0,7269.6,84908.4
5302,ORD,NRT,2190.0,10074.0,352992.4
5303,ORD,PDX,1460.0,2791.7,65213.1
5304,ORD,PEK,1825.0,10562.4,308423.0
5305,ORD,PHL,1095.0,1088.3,19067.4
5306,ORD,PHX,1095.0,2313.4,40531.2
5307,ORD,PTY,730.0,3753.1,43836.0
5308,ORD,PVG,1825.0,11334.0,330952.0
5309,ORD,SAN,1460.0,2768.1,64662.1
5310,ORD,SEA,1460.0,2761.8,64514.5
5311,ORD,SFO,1825.0,2964.0,86547.7
5312,ORD,SJU,1460.0,3337.7,77968.3
5313,ORD,SLC,1460.0,2006.2,46863.8
5314,ORD,STL,1095.0,415.4,7278.1
5315,ORD,TPA,1460.0,1631.3,38106.1
5316,ORD,TXL,730.0,7081.2,82708.7
5317,ORD,VIE,730.0,7566.5,88376.2
5318,ORD,WAW,365.0,7518.9,43910.4
5319,ORD,YUL,2190.0,1200.7,42070.9
5320,ORD,YVR,1825.0,2831.4,82676.5
5321,ORD,YYC,1825.0,2224.3,64948.6
5322,ORD,YYZ,2190.0,700.4,24540.4
5323,ORD,ZRH,730.0,7130.7,83286.8
5324,ORY,AGP,1095.0,1451.4,25428.2
5325,ORY,ALC,730.0,1184.7,13837.1
5326,ORY,ARN,365.0,1572.8,9185.4
5327,ORY,ATH,730.0,2105.0,24586.9
5328,ORY,AYT,365.0,2642.7,15433.5
5329,ORY,BCN,730.0,826.1,9648.8
5330,ORY,BUD,365.0,1259.8,7357.2
5331,ORY,CMN,365.0,1897.4,11080.6
5332,ORY,CPH,365.0,1036.6,6053.7
5333,ORY,CTA,365.0,1616.6,9441.0
5334,ORY,EWR,1095.0,5857.0,102614.8
5335,ORY,FAO,730.0,1548.0,18080.2
5336,ORY,FCO,1095.0,1088.3,19067.0
5337,ORY,GVA,365.0,393.5,2298.1
5338,ORY,HEL,365.0,1928.3,11261.0
5339,ORY,HER,365.0,2384.2,13923.7
5340,ORY,IBZ,1095.0,1098.3,19241.6
5341,ORY,JFK,1095.0,5833.9,102210.4
5342,ORY,LHR,1095.0,366.5,6421.8
5343,ORY,LIS,1825.0,1438.1,41992.9
5344,ORY,LPA,730.0,2768.2,32332.1
5345,ORY,LYS,365.0,390.8,2282.0
5346,ORY,MAD,1095.0,1030.3,18051.4
5347,ORY,MLA,1095.0,1738.0,30450.3
5348,ORY,MRS,365.0,627.0,3661.7
5349,ORY,NCE,730.0,674.8,7881.7
5350,ORY,OPO,1825.0,1200.9,35066.2
5351,ORY,OSL,365.0,1383.2,8078.1
5352,ORY,PMI,1460.0,1020.2,23832.8
5353,ORY,PRG,365.0,872.1,5092.8
5354,ORY,SAW,730.0,2280.5,26636.1
5355,ORY,TFS,365.0,2814.3,16435.4
5356,ORY,TLV,365.0,3283.3,19174.4
5357,ORY,TXL,365.0,878.3,5129.2
5358,ORY,VCE,730.0,834.3,9744.8
5359,ORY,YUL,365.0,5526.8,32276.6
5360,OSL,AGP,730.0,2832.1,33079.2
5361,OSL,ALC,730.0,2561.9,29922.6
5362,OSL,AMS,1095.0,950.7,16656.2
5363,OSL,ARN,1095.0,386.5,6772.0
5364,OSL,ATH,1095.0,2628.9,46059.1
5365,OSL,AYT,365.0,2937.9,17157.4
5366,OSL,BCN,1460.0,2181.7,50965.3
5367,OSL,BKK,1095.0,8675.0,151985.4
5368,OSL,BRU,730.0,1104.1,12895.9
5369,OSL,BUD,365.0,1508.1,8807.4
5370,OSL,CDG,1095.0,1348.7,23629.5
5371,OSL,CGN,365.0,1057.7,6176.9
5372,OSL,CPH,1095.0,509.6,8928.3
5373,OSL,DOH,365.0,4955.5,28940.2
5374,OSL,DUB,730.0,1285.6,15015.7
5375,OSL,DUS,730.0,1017.5,11884.3
5376,OSL,EDI,730.0,964.6,11266.3
5377,OSL,EWR,730.0,5933.1,69298.6
5378,OSL,FAO,365.0,2901.6,16945.3
5379,OSL,FCO,730.0,2038.8,23813.1
5380,OSL,FLL,365.0,7581.2,44274.5
5381,OSL,FRA,1095.0,1132.5,19842.2
5382,OSL,GVA,365.0,1577.4,9211.7
5383,OSL,HAM,730.0,724.6,8463.0
5384,OSL,HEL,1095.0,767.3,13442.9
5385,OSL,IST,730.0,2421.0,28277.0
5386,OSL,JFK,365.0,5917.3,34557.3
5387,OSL,KBP,365.0,1651.2,9643.2
5388,OSL,LED,365.0,1066.2,6226.9
5389,OSL,LGW,365.0,1218.4,7115.7
5390,OSL,LHR,1460.0,1197.7,27978.1
5391,OSL,LIS,730.0,2760.5,32243.1
5392,OSL,LPA,730.0,4096.9,47851.8
5393,OSL,MAN,730.0,1103.8,12892.9
5394,OSL,MLA,365.0,2709.2,15821.4
5395,OSL,MUC,1095.0,1309.3,22939.0
5396,OSL,MXP,730.0,1618.5,18904.4
5397,OSL,NCE,730.0,1848.6,21591.7
5398,OSL,ORY,365.0,1383.2,8078.1
5399,OSL,PMI,730.0,2359.3,27556.3
5400,OSL,PRG,730.0,1132.4,13226.5
5401,OSL,RIX,1095.0,828.4,14512.9
5402,OSL,SVO,730.0,1606.3,18761.4
5403,OSL,TFS,365.0,4129.1,24114.0
5404,OSL,TXL,1460.0,851.9,19900.0
5405,OSL,VCE,365.0,1627.5,9504.4
5406,OSL,VIE,730.0,1382.0,16141.2
5407,OSL,WAW,365.0,1074.5,6275.2
5408,OSL,ZRH,730.0,1416.6,16546.1
5409,OTP,AMM,730.0,1668.0,19482.0
5410,OTP,AMS,730.0,1783.2,20827.8
5411,OTP,ATH,1095.0,759.1,13298.7
5412,OTP,BCN,1825.0,1980.5,57829.8
5413,OTP,BRU,730.0,1753.7,20483.7
5414,OTP,BUD,365.0,615.2,3592.7
5415,OTP,CDG,730.0,1850.1,21609.6
5416,OTP,CPH,365.0,1552.1,9064.2
5417,OTP,CTA,365.0,1214.0,7089.9
5418,OTP,DOH,365.0,3140.5,18340.5
5419,OTP,DUB,730.0,2529.9,29549.7
5420,OTP,DUS,365.0,1614.8,9430.6
5421,OTP,DXB,730.0,3394.5,39648.2
5422,OTP,FCO,1095.0,1162.5,20366.8
5423,OTP,FRA,1095.0,1449.1,25387.4
5424,OTP,GVA,730.0,1566.3,18294.1
5425,OTP,IST,730.0,425.9,4974.8
5426,OTP,LGW,365.0,2078.6,12139.3
5427,OTP,LHR,1095.0,2103.8,36858.5
5428,OTP,LIS,365.0,2970.8,17349.5
5429,OTP,LTN,365.0,2106.5,12301.7
5430,OTP,MAD,1095.0,2458.0,43063.7
5431,OTP,MUC,730.0,1171.0,13677.3
5432,OTP,MXP,365.0,1364.7,7969.9
5433,OTP,NCE,365.0,1506.4,8797.4
5434,OTP,PRG,1095.0,1080.6,18932.9
5435,OTP,SAW,365.0,485.8,2837.1
5436,OTP,STN,365.0,2066.3,12067.1
5437,OTP,SVO,730.0,1497.6,17492.4
5438,OTP,TLV,1095.0,1591.6,27885.1
5439,OTP,TXL,730.0,1291.0,15079.4
5440,OTP,VIE,730.0,828.9,9681.4
5441,OTP,WAW,730.0,924.7,10800.2
5442,OTP,ZRH,365.0,1388.5,8108.9
5443,PDX,AMS,730.0,8028.8,93776.5
5444,PDX,ATL,1460.0,3489.2,81506.8
5445,PDX,BOS,1095.0,4072.3,71347.0
5446,PDX,CLT,730.0,3664.5,42801.3
5447,PDX,DCA,730.0,3773.2,44071.3
5448,PDX,DEN,1460.0,1592.2,37193.2
5449,PDX,DFW,1460.0,2597.1,60667.1
5450,PDX,DTW,730.0,3134.9,36616.2
5451,PDX,EWR,365.0,3906.5,22814.2
5452,PDX,HNL,730.0,4188.1,48917.5
5453,PDX,IAD,365.0,3736.2,21819.7
5454,PDX,IAH,365.0,2933.7,17132.9
5455,PDX,JFK,730.0,3938.9,46006.0
5456,PDX,LAS,1095.0,1227.7,21508.7
5457,PDX,LAX,1460.0,1343.1,31374.6
5458,PDX,MDW,730.0,2810.9,32831.7
5459,PDX,MSP,365.0,2288.7,13366.0
5460,PDX,NRT,365.0,7742.1,45213.9
5461,PDX,ORD,1460.0,2791.7,65213.1
5462,PDX,PHL,730.0,3862.6,45114.6
5463,PDX,PHX,1460.0,1625.1,37962.0
5464,PDX,SAN,1095.0,1502.6,26325.8
5465,PDX,SEA,730.0,208.0,2429.8
5466,PDX,SFO,1460.0,886.4,20705.9
5467,PDX,SLC,1095.0,1011.8,17725.9
5468,PDX,YVR,1460.0,403.3,9421.0
5469,PDX,YYC,730.0,881.7,10297.9
5470,PEK,ADD,730.0,8329.4,97287.0
5471,PEK,AMS,730.0,7827.1,91420.5
5472,PEK,ARN,730.0,6691.0,78150.4
5473,PEK,AUH,1095.0,5954.9,104329.4
5474,PEK,BKK,1095.0,3317.1,58114.8
5475,PEK,BRU,730.0,7944.9,92796.8
5476,PEK,CAI,730.0,7532.9,87984.1
5477,PEK,CAN,1460.0,1881.0,43941.0
5478,PEK,CDG,1460.0,8188.7,191289.1
5479,PEK,CGK,365.0,5237.7,30588.0
5480,PEK,CGO,1095.0,664.1,11635.4
5481,PEK,CKG,2190.0,1464.0,51298.9
5482,PEK,CMB,365.0,5163.7,30155.9
5483,PEK,CPH,730.0,7194.3,84029.5
5484,PEK,CSX,1825.0,1357.7,39644.6
5485,PEK,CTU,2190.0,1556.1,54524.5
5486,PEK,DEL,365.0,3808.9,22244.2
5487,PEK,DLC,2190.0,442.5,15506.8
5488,PEK,DOH,365.0,6162.5,35988.9
5489,PEK,DTW,1095.0,10646.7,186529.3
5490,PEK,DUS,730.0,7796.1,91058.7
5491,PEK,DXB,730.0,5845.1,68270.7
5492,PEK,EWR,730.0,10967.9,128104.8
5493,PEK,FCO,365.0,8147.5,47581.5
5494,PEK,FOC,1825.0,1598.5,46677.0
5495,PEK,FRA,730.0,7787.4,90956.6
5496,PEK,GVA,365.0,8200.3,47889.8
5497,PEK,HAK,1825.0,2314.8,67593.1
5498,PEK,HEL,730.0,6307.6,73672.9
5499,PEK,HGH,2920.0,1149.5,53706.5
5500,PEK,HKG,2190.0,1992.0,69801.3
5501,PEK,HND,1460.0,2092.2,48873.8
5502,PEK,HNL,1095.0,8132.1,142474.7
5503,PEK,HRB,2190.0,999.1,35009.7
5504,PEK,IAD,730.0,11112.8,129797.1
5505,PEK,IAH,730.0,11556.3,134977.6
5506,PEK,ICN,1460.0,902.6,21085.0
5507,PEK,IST,730.0,7058.9,82447.4
5508,PEK,JFK,1095.0,10978.3,192340.5
5509,PEK,JNB,730.0,11708.0,136749.1
5510,PEK,KIX,730.0,1762.8,20589.5
5511,PEK,KMG,2190.0,2094.6,73396.3
5512,PEK,KUL,730.0,4413.5,51549.4
5513,PEK,KWE,1460.0,1756.3,41026.5
5514,PEK,KWL,1825.0,1761.2,51426.7
5515,PEK,LAX,1095.0,10037.1,175850.5
5516,PEK,LED,730.0,6056.6,70740.6
5517,PEK,LGW,730.0,8165.0,95367.5
5518,PEK,LHR,1095.0,8153.3,142845.7
5519,PEK,MAD,730.0,9205.3,107518.4
5520,PEK,MNL,1095.0,2876.0,50387.3
5521,PEK,MUC,730.0,7720.9,90180.3
5522,PEK,MXP,365.0,8091.8,47255.9
5523,PEK,NKG,1460.0,949.5,22179.4
5524,PEK,NNG,1460.0,2098.1,49010.9
5525,PEK,NRT,2190.0,2135.2,74817.7
5526,PEK,ORD,1825.0,10562.4,308423.0
5527,PEK,PVG,2190.0,1099.5,38527.2
5528,PEK,SEA,1825.0,8679.1,253430.9
5529,PEK,SFO,1095.0,9494.1,166336.1
5530,PEK,SGN,365.0,3397.7,19842.3
5531,PEK,SHA,2555.0,1076.5,44006.7
5532,PEK,SHE,1460.0,605.3,14139.3
5533,PEK,SIN,730.0,4490.6,52450.3
5534,PEK,SVO,1460.0,5795.1,135373.3
5535,PEK,SVX,730.0,4364.7,50979.5
5536,PEK,SYD,365.0,8964.5,52352.7
5537,PEK,SYX,1460.0,2517.3,58805.2
5538,PEK,SZX,1460.0,1956.8,45711.8
5539,PEK,TAO,1825.0,538.0,15709.3
5540,PEK,TLV,730.0,7140.5,83401.1
5541,PEK,TNA,730.0,362.6,4234.6
5542,PEK,TPE,1460.0,1723.4,40258.4
5543,PEK,TXL,730.0,7356.4,85922.3
5544,PEK,TYN,1095.0,429.5,7524.5
5545,PEK,URC,1460.0,2430.1,56766.1
5546,PEK,VIE,730.0,7451.9,87038.7
5547,PEK,WAW,730.0,6943.8,81103.6
5548,PEK,WUH,1825.0,1055.8,30828.6
5549,PEK,XIY,1825.0,933.5,27259.4
5550,PEK,XMN,2190.0,1733.5,60742.8
5551,PEK,YVR,730.0,8492.3,99190.2
5552,PEK,YYZ,1095.0,10560.8,185024.6
5553,PEK,ZRH,365.0,7970.7,46549.1
5554,PHL,AMS,730.0,5997.1,70045.5
5555,PHL,ATH,1095.0,8083.1,141615.2
5556,PHL,ATL,3285.0,1071.6,56322.9
5557,PHL,BCN,730.0,6299.9,73583.0
5558,PHL,BOS,1095.0,450.1,7886.5
5559,PHL,BRU,730.0,6035.5,70494.8
5560,PHL,BWI,730.0,144.9,1691.9
5561,PHL,CDG,1460.0,5984.1,139789.4
5562,PHL,CLT,730.0,721.5,8426.8
5563,PHL,CUN,1095.0,2367.8,41483.8
5564,PHL,DCA,730.0,191.6,2237.9
5565,PHL,DEN,1825.0,2500.4,73011.4
5566,PHL,DFW,1095.0,2092.9,36667.2
5567,PHL,DOH,730.0,10918.6,127529.4
5568,PHL,DTW,1095.0,728.1,12755.5
5569,PHL,DUB,730.0,5252.9,61353.5
5570,PHL,EWR,730.0,128.8,1504.9
5571,PHL,FCO,730.0,7016.3,81949.9
5572,PHL,FLL,1460.0,1600.6,37390.7
5573,PHL,FRA,1095.0,6339.4,111065.9
5574,PHL,GLA,730.0,5310.8,62030.3
5575,PHL,IAD,365.0,216.4,1263.8
5576,PHL,IAH,1095.0,2129.5,37308.6
5577,PHL,JFK,365.0,150.6,879.6
5578,PHL,LAS,1460.0,3494.4,81629.5
5579,PHL,LAX,1095.0,3856.3,67562.6
5580,PHL,LGA,730.0,153.6,1794.0
5581,PHL,LHR,1825.0,5689.8,166141.9
5582,PHL,LIS,1095.0,5550.7,97248.1
5583,PHL,MAD,730.0,5910.7,69037.0
5584,PHL,MAN,730.0,5511.7,64376.6
5585,PHL,MCO,1460.0,1388.6,32436.7
5586,PHL,MDW,730.0,1072.9,12531.9
5587,PHL,MIA,730.0,1634.2,19087.9
5588,PHL,MSP,1095.0,1574.4,27583.9
5589,PHL,MSY,730.0,1750.9,20450.3
5590,PHL,MUC,730.0,6631.2,77451.9
5591,PHL,ORD,1095.0,1088.3,19067.4
5592,PHL,PDX,730.0,3862.6,45114.6
5593,PHL,PHX,1460.0,3332.8,77854.8
5594,PHL,SAN,730.0,3805.9,44453.5
5595,PHL,SEA,1095.0,3817.7,66885.3
5596,PHL,SFO,1460.0,4047.7,94555.4
5597,PHL,SJU,730.0,2542.8,29699.9
5598,PHL,SLC,1095.0,3092.8,54186.1
5599,PHL,STL,1095.0,1306.0,22881.2
5600,PHL,TLV,730.0,9267.6,108245.5
5601,PHL,TPA,1095.0,1482.7,25977.6
5602,PHL,VCE,730.0,6818.8,79643.2
5603,PHL,YUL,730.0,634.5,7410.7
5604,PHL,YYZ,1460.0,558.0,13034.5
5605,PHL,ZRH,730.0,6459.9,75451.9
5606,PHX,ATL,3285.0,2549.1,133979.7
5607,PHX,BOS,1095.0,3693.8,64714.9
5608,PHX,BWI,1095.0,3209.7,56234.6
5609,PHX,CLT,730.0,2848.4,33269.1
5610,PHX,CUN,730.0,2830.4,33059.2
5611,PHX,DCA,730.0,3177.7,37115.8
5612,PHX,DEN,2555.0,968.5,39593.8
5613,PHX,DFW,1095.0,1393.9,24420.5
5614,PHX,DTW,1460.0,2684.0,62697.8
5615,PHX,EWR,1460.0,3425.4,80016.6
5616,PHX,FLL,1460.0,3168.9,74025.7
5617,PHX,HNL,1095.0,4688.5,82143.0
5618,PHX,IAD,365.0,3141.6,18346.8
5619,PHX,IAH,1095.0,1621.0,28399.3
5620,PHX,JFK,1460.0,3458.1,80781.7
5621,PHX,LAS,1460.0,410.8,9597.4
5622,PHX,LAX,2190.0,594.4,20826.4
5623,PHX,LHR,1460.0,8462.9,197693.0
5624,PHX,MCO,1095.0,2969.7,52028.9
5625,PHX,MDW,365.0,2319.7,13546.8
5626,PHX,MEX,1095.0,2016.6,35331.6
5627,PHX,MIA,730.0,3168.3,37005.4
5628,PHX,MSP,1825.0,2051.7,59909.9
5629,PHX,MSY,365.0,2089.0,12199.6
5630,PHX,ORD,1095.0,2313.4,40531.2
5631,PHX,PDX,1825.0,1625.1,47452.5
5632,PHX,PHL,1460.0,3332.8,77854.8
5633,PHX,SAN,1460.0,488.6,11414.1
5634,PHX,SEA,1460.0,1781.8,41623.4
5635,PHX,SFO,1460.0,1046.0,24435.5
5636,PHX,SLC,1460.0,817.7,19102.5
5637,PHX,STL,1095.0,2026.8,35509.8
5638,PHX,TPA,1095.0,2872.7,50330.6
5639,PHX,YVR,730.0,1980.4,23131.1
5640,PHX,YYC,1095.0,1972.6,34560.3
5641,PHX,YYZ,365.0,3013.4,17598.3
5642,PMI,AGP,1460.0,709.1,16565.2
5643,PMI,ALC,1095.0,318.2,5575.4
5644,PMI,AMS,1095.0,1427.0,25000.6
5645,PMI,ARN,730.0,2474.8,28905.2
5646,PMI,BCN,2190.0,202.0,7076.9
5647,PMI,BHX,1825.0,1475.2,43075.4
5648,PMI,BRS,1460.0,1381.7,32276.6
5649,PMI,BRU,1460.0,1269.3,29651.2
5650,PMI,CGN,1825.0,1303.9,38074.4
5651,PMI,CPH,1095.0,1930.6,33824.3
5652,PMI,DME,730.0,3125.7,36507.8
5653,PMI,DUB,730.0,1686.3,19695.9
5654,PMI,DUS,1825.0,1342.0,39185.7
5655,PMI,EDI,1460.0,1878.0,43869.7
5656,PMI,FAO,365.0,975.3,5695.8
5657,PMI,FRA,1460.0,1252.1,29248.9
5658,PMI,GLA,1460.0,1889.9,44149.1
5659,PMI,GVA,730.0,792.4,9254.8
5660,PMI,HAM,1460.0,1658.5,38742.6
5661,PMI,HEL,365.0,2774.4,16202.2
5662,PMI,IBZ,730.0,139.8,1632.7
5663,PMI,LGW,2190.0,1309.3,45879.2
5664,PMI,LHR,730.0,1348.2,15747.4
5665,PMI,LTN,1095.0,1391.0,24370.2
5666,PMI,LYS,730.0,712.6,8323.7
5667,PMI,MAD,1460.0,546.2,12759.4
5668,PMI,MAN,2920.0,1581.1,73866.8
5669,PMI,MRS,1095.0,479.1,8394.2
5670,PMI,MUC,1460.0,1215.7,28399.8
5671,PMI,MXP,365.0,834.5,4873.5
5672,PMI,OPO,365.0,984.5,5749.5
5673,PMI,ORY,1460.0,1020.2,23832.8
5674,PMI,OSL,730.0,2359.3,27556.3
5675,PMI,PRG,730.0,1480.2,17288.3
5676,PMI,STN,1095.0,1384.9,24263.2
5677,PMI,STR,1460.0,1139.3,26614.1
5678,PMI,TXL,730.0,1655.8,19339.8
5679,PMI,VIE,1095.0,1457.7,25539.8
5680,PMI,ZRH,730.0,996.2,11635.5
5681,PRG,AGP,365.0,2116.1,12358.3
5682,PRG,AMS,1460.0,705.0,16469.0
5683,PRG,ARN,1825.0,1087.1,31743.4
5684,PRG,ATH,365.0,1555.6,9084.9
5685,PRG,AYT,365.0,1974.8,11532.8
5686,PRG,BCN,1825.0,1358.0,39654.4
5687,PRG,BRS,365.0,1200.5,7010.8
5688,PRG,BRU,1460.0,696.6,16272.1
5689,PRG,BUD,730.0,471.6,5508.2
5690,PRG,CDG,1825.0,852.4,24889.2
5691,PRG,CGN,365.0,510.5,2981.3
5692,PRG,CPH,1460.0,622.8,14548.8
5693,PRG,DUB,730.0,1454.7,16991.4
5694,PRG,DUS,1095.0,543.8,9527.8
5695,PRG,DXB,730.0,4463.8,52137.0
5696,PRG,EDI,730.0,1341.3,15666.2
5697,PRG,FCO,2555.0,936.0,38264.2
5698,PRG,FRA,1460.0,406.1,9485.4
5699,PRG,GVA,365.0,740.9,4326.6
5700,PRG,HAM,1095.0,489.8,8581.0
5701,PRG,HEL,1095.0,1319.8,23123.4
5702,PRG,HER,730.0,1863.6,21767.1
5703,PRG,ICN,730.0,8236.5,96202.7
5704,PRG,IST,365.0,1488.7,8694.3
5705,PRG,KBP,1095.0,1181.3,20696.1
5706,PRG,LED,730.0,1478.3,17266.0
5707,PRG,LGW,365.0,1024.3,5981.9
5708,PRG,LHR,730.0,1044.3,12197.1
5709,PRG,LIS,365.0,2228.7,13015.3
5710,PRG,LPA,365.0,3511.8,20508.9
5711,PRG,LTN,365.0,1040.9,6078.7
5712,PRG,LYS,730.0,838.5,9793.5
5713,PRG,MAD,1460.0,1750.4,40889.6
5714,PRG,MAN,730.0,1191.7,13919.4
5715,PRG,MLA,730.0,1583.9,18499.7
5716,PRG,MRS,365.0,1009.8,5897.2
5717,PRG,MUC,365.0,264.6,1545.0
5718,PRG,MXP,1095.0,645.7,11312.1
5719,PRG,NCE,730.0,893.5,10435.7
5720,PRG,ORY,365.0,872.1,5092.8
5721,PRG,OSL,730.0,1132.4,13226.5
5722,PRG,OTP,1095.0,1080.6,18932.9
5723,PRG,PMI,730.0,1480.2,17288.3
5724,PRG,RIX,730.0,992.0,11586.7
5725,PRG,STN,730.0,999.8,11677.2
5726,PRG,SVO,730.0,1670.0,19506.2
5727,PRG,SVX,730.0,3106.3,36281.9
5728,PRG,TFS,365.0,3573.2,20867.2
5729,PRG,TLV,1460.0,2634.6,61544.8
5730,PRG,TXL,730.0,281.6,3289.5
5731,PRG,VCE,730.0,530.4,6195.6
5732,PRG,VIE,365.0,277.9,1623.1
5733,PRG,WAW,1095.0,521.0,9128.1
5734,PRG,ZRH,1095.0,510.6,8946.6
5735,PTY,AMS,730.0,8813.5,102941.3
5736,PTY,ATL,1095.0,2779.9,48704.6
5737,PTY,BOG,730.0,755.1,8819.0
5738,PTY,BOS,730.0,3791.4,44283.9
5739,PTY,BSB,365.0,4437.3,25914.1
5740,PTY,CDG,365.0,8660.3,50575.9
5741,PTY,CUN,730.0,1553.9,18149.8
5742,PTY,DFW,730.0,3210.0,37493.2
5743,PTY,EWR,730.0,3553.6,41505.9
5744,PTY,FLL,365.0,1892.2,11050.4
5745,PTY,GIG,365.0,5295.0,30922.9
5746,PTY,GRU,365.0,5086.0,29702.0
5747,PTY,IAD,730.0,3327.3,38862.8
5748,PTY,IAH,730.0,2856.5,33363.4
5749,PTY,JFK,730.0,3553.6,41506.1
5750,PTY,LAS,730.0,4696.2,54851.6
5751,PTY,LAX,730.0,4845.4,56593.8
5752,PTY,LIM,365.0,2358.8,13775.6
5753,PTY,MAD,365.0,8157.3,47638.8
5754,PTY,MCO,730.0,2161.9,25251.2
5755,PTY,MEX,730.0,2411.1,28161.3
5756,PTY,MIA,1825.0,1861.8,54366.0
5757,PTY,ORD,730.0,3753.1,43836.0
5758,PTY,SJU,365.0,1779.9,10394.5
5759,PTY,TPA,365.0,2127.8,12426.3
5760,PTY,YYZ,365.0,3848.1,22472.7
5761,PVG,ADD,365.0,8830.8,51572.0
5762,PVG,AKL,730.0,9368.5,109424.3
5763,PVG,AMS,1095.0,8910.5,156111.1
5764,PVG,AUH,730.0,6549.9,76502.9
5765,PVG,BKK,1825.0,2897.1,84595.3
5766,PVG,CAN,2190.0,1203.1,42156.2
5767,PVG,CDG,1095.0,9266.4,162348.0
5768,PVG,CGK,730.0,4446.0,51928.9
5769,PVG,CGO,1095.0,833.1,14595.5
5770,PVG,CKG,2555.0,1461.2,59734.3
5771,PVG,CMB,365.0,5098.8,29776.9
5772,PVG,CPH,365.0,8277.1,48338.3
5773,PVG,CSX,730.0,891.8,10416.4
5774,PVG,CTU,2555.0,1703.9,69654.9
5775,PVG,DEL,730.0,4291.5,50124.4
5776,PVG,DLC,2555.0,870.1,35571.1
5777,PVG,DOH,365.0,6796.0,39688.7
5778,PVG,DPS,365.0,4491.8,26232.0
5779,PVG,DTW,1095.0,11461.8,200811.6
5780,PVG,DXB,365.0,6448.4,37658.8
5781,PVG,EWR,730.0,11860.0,138524.7
5782,PVG,FCO,730.0,9170.2,107108.3
5783,PVG,FOC,730.0,615.7,7191.7
5784,PVG,FRA,1095.0,8857.7,155187.4
5785,PVG,HAK,1825.0,1685.6,49220.8
5786,PVG,HEL,730.0,7393.9,86360.9
5787,PVG,HKG,2555.0,1255.7,51331.7
5788,PVG,HNL,365.0,7913.6,46215.6
5789,PVG,HRB,1825.0,1655.4,48336.3
5790,PVG,ICN,1825.0,822.4,24014.8
5791,PVG,IST,730.0,8020.1,93675.0
5792,PVG,JFK,730.0,11873.7,138684.4
5793,PVG,KIX,2555.0,1307.1,53434.8
5794,PVG,KMG,2190.0,1966.0,68887.4
5795,PVG,KUL,1460.0,3796.7,88690.9
5796,PVG,KWE,1825.0,1546.9,45169.5
5797,PVG,KWL,2555.0,1326.9,54245.7
5798,PVG,LAX,2190.0,10415.3,364951.2
5799,PVG,LHR,1460.0,9241.4,215879.6
5800,PVG,MEL,1460.0,8017.4,187285.8
5801,PVG,MNL,1460.0,1851.4,43249.5
5802,PVG,MUC,730.0,8778.2,102529.0
5803,PVG,MXP,365.0,9144.1,53401.5
5804,PVG,NKG,365.0,287.0,1676.1
5805,PVG,NNG,1460.0,1649.7,38535.8
5806,PVG,NRT,1825.0,1795.5,52429.3
5807,PVG,ORD,1825.0,11334.0,330952.0
5808,PVG,PEK,2190.0,1099.5,38527.2
5809,PVG,SEA,730.0,9187.8,107313.8
5810,PVG,SFO,1460.0,9877.4,230736.5
5811,PVG,SGN,730.0,2746.5,32078.8
5812,PVG,SHE,1825.0,1176.7,34359.6
5813,PVG,SIN,1095.0,3805.9,66679.1
5814,PVG,SVO,730.0,6850.9,80018.9
5815,PVG,SYD,1460.0,7865.4,183735.8
5816,PVG,SYX,1825.0,1895.7,55353.8
5817,PVG,SZX,2190.0,1233.1,43206.1
5818,PVG,TAO,2190.0,584.8,20490.5
5819,PVG,TNA,365.0,763.0,4456.2
5820,PVG,TPE,2920.0,676.8,31620.1
5821,PVG,TSN,1095.0,975.3,17088.0
5822,PVG,TYN,730.0,1115.8,13032.2
5823,PVG,URC,730.0,3312.3,38687.3
5824,PVG,WUH,1825.0,725.3,21179.5
5825,PVG,XIY,2920.0,1273.1,59478.4
5826,PVG,XMN,1460.0,817.9,19105.5
5827,PVG,YVR,1095.0,9016.1,157961.7
5828,PVG,YYZ,730.0,11414.4,133319.7
5829,PVG,ZRH,365.0,9031.3,52742.8
5830,RIX,AMS,730.0,1333.2,15572.2
5831,RIX,ARN,1095.0,465.7,8159.4
5832,RIX,ATH,365.0,2111.3,12329.9
5833,RIX,BCN,365.0,2337.1,13648.5
5834,RIX,BRU,730.0,1434.3,16752.3
5835,RIX,BUD,365.0,1102.8,6440.3
5836,RIX,CDG,730.0,1672.1,19530.0
5837,RIX,CPH,1095.0,712.7,12486.0
5838,RIX,DME,730.0,877.4,10248.1
5839,RIX,DUB,365.0,1942.6,11344.8
5840,RIX,DUS,730.0,1279.6,14945.8
5841,RIX,FCO,730.0,1878.0,21935.3
5842,RIX,FRA,1095.0,1270.2,22254.5
5843,RIX,HAM,730.0,956.2,11168.1
5844,RIX,HEL,730.0,381.7,4458.1
5845,RIX,HER,365.0,2401.7,14026.1
5846,RIX,IST,365.0,1773.4,10356.7
5847,RIX,JFK,365.0,6745.7,39394.8
5848,RIX,KBP,730.0,861.3,10059.9
5849,RIX,LED,365.0,486.4,2840.8
5850,RIX,LGW,365.0,1692.2,9882.5
5851,RIX,LTN,365.0,1661.8,9705.1
5852,RIX,MAN,365.0,1703.2,9947.0
5853,RIX,MLA,365.0,2447.6,14293.8
5854,RIX,MUC,730.0,1254.9,14657.0
5855,RIX,MXP,730.0,1636.0,19108.0
5856,RIX,NCE,365.0,1884.8,11007.5
5857,RIX,OSL,1095.0,828.4,14512.9
5858,RIX,PRG,730.0,992.0,11586.7
5859,RIX,SAW,365.0,1822.7,10644.8
5860,RIX,STN,365.0,1625.2,9491.1
5861,RIX,SVO,730.0,831.6,9712.5
5862,RIX,TFS,730.0,4507.4,52646.6
5863,RIX,TLV,365.0,2894.2,16901.9
5864,RIX,TXL,730.0,838.6,9794.7
5865,RIX,VCE,730.0,1501.1,17533.2
5866,RIX,VIE,730.0,1099.1,12837.2
5867,RIX,WAW,730.0,563.3,6579.1
5868,RIX,ZRH,365.0,1480.5,8646.4
5869,RUH,ADD,730.0,1964.0,22939.0
5870,RUH,AMM,1095.0,1288.6,22576.2
5871,RUH,AUH,1095.0,805.4,14110.3
5872,RUH,BLR,365.0,3499.8,20438.6
5873,RUH,BOM,1095.0,2770.4,48537.0
5874,RUH,CAI,1095.0,1611.7,28237.3
5875,RUH,CAN,365.0,6686.5,39049.0
5876,RUH,CDG,730.0,4650.7,54320.4
5877,RUH,CGK,365.0,7342.1,42877.6
5878,RUH,CMB,1095.0,4040.5,70789.1
5879,RUH,CMN,365.0,5295.2,30923.8
5880,RUH,DEL,730.0,3037.1,35473.0
5881,RUH,DOH,1095.0,495.5,8681.0
5882,RUH,DXB,1460.0,873.0,20393.5
5883,RUH,FCO,730.0,3671.4,42881.5
5884,RUH,FRA,730.0,4292.4,50135.6
5885,RUH,GVA,365.0,4298.1,25101.1
5886,RUH,HKG,365.0,6781.6,39604.6
5887,RUH,IAD,365.0,10842.3,63319.3
5888,RUH,ICN,365.0,7491.7,43751.8
5889,RUH,IST,730.0,2456.8,28695.3
5890,RUH,JED,1825.0,851.8,24873.5
5891,RUH,JFK,365.0,10480.2,61204.4
5892,RUH,KUL,365.0,6377.2,37242.7
5893,RUH,KWI,1460.0,491.0,11470.9
5894,RUH,LHR,730.0,4940.6,57706.3
5895,RUH,MAA,365.0,3749.4,21896.6
5896,RUH,MCT,730.0,1183.7,13826.0
5897,RUH,MNL,730.0,7777.7,90843.0
5898,RUH,MUC,365.0,3999.4,23356.5
5899,RUH,MXP,730.0,4084.7,47709.6
5900,RUH,SAW,365.0,2394.1,13981.3
5901,RUH,SHJ,365.0,888.4,5188.5
5902,RUH,SIN,730.0,6674.2,77954.4
5903,SAN,ATL,2920.0,3037.7,141920.6
5904,SAN,BOS,1095.0,4155.9,72811.3
5905,SAN,BWI,730.0,3685.6,43047.9
5906,SAN,CLT,730.0,3335.4,38957.2
5907,SAN,DCA,730.0,3654.8,42688.0
5908,SAN,DEN,1460.0,1371.3,32034.1
5909,SAN,DFW,1460.0,1880.4,43926.9
5910,SAN,DTW,730.0,3142.2,36700.7
5911,SAN,EWR,365.0,3895.1,22747.1
5912,SAN,HNL,730.0,4200.7,49064.5
5913,SAN,IAD,365.0,3618.3,21131.0
5914,SAN,IAH,365.0,2093.1,12224.0
5915,SAN,JFK,2190.0,3928.0,137638.4
5916,SAN,LAS,1095.0,416.4,7295.6
5917,SAN,LAX,1825.0,175.7,5130.5
5918,SAN,LHR,1460.0,8806.9,205729.3
5919,SAN,MCO,730.0,3451.6,40314.2
5920,SAN,MDW,365.0,2776.0,16211.8
5921,SAN,MEX,365.0,2330.1,13608.0
5922,SAN,MIA,730.0,3642.6,42545.0
5923,SAN,MSP,1095.0,2462.8,43148.2
5924,SAN,MSY,365.0,2568.3,14998.7
5925,SAN,NRT,1095.0,8924.4,156356.3
5926,SAN,ORD,1460.0,2768.1,64662.1
5927,SAN,PDX,1095.0,1502.6,26325.8
5928,SAN,PHL,730.0,3805.9,44453.5
5929,SAN,PHX,1460.0,488.6,11414.1
5930,SAN,SEA,1095.0,1692.2,29648.2
5931,SAN,SFO,1095.0,718.9,12594.9
5932,SAN,SLC,730.0,1008.3,11777.5
5933,SAN,STL,365.0,2501.2,14606.8
5934,SAN,YYC,730.0,2060.1,24061.5
5935,SAN,YYZ,365.0,3465.0,20235.8
5936,SAW,AMS,1095.0,2246.5,39358.5
5937,SAW,ARN,365.0,2229.5,13020.5
5938,SAW,ATH,365.0,566.3,3307.0
5939,SAW,AYT,1095.0,463.1,8113.4
5940,SAW,BCN,365.0,2272.8,13273.3
5941,SAW,BRU,365.0,2204.1,12872.0
5942,SAW,BUD,365.0,1080.0,6307.0
5943,SAW,CDG,365.0,2275.4,13288.5
5944,SAW,CGN,1095.0,2030.3,35571.6
5945,SAW,CMN,365.0,3349.8,19563.0
5946,SAW,CPH,365.0,2037.8,11901.0
5947,SAW,DME,365.0,1731.8,10113.8
5948,SAW,DOH,365.0,2693.9,15732.5
5949,SAW,DUS,1095.0,2073.9,36335.0
5950,SAW,DXB,730.0,2967.5,34660.4
5951,SAW,FCO,365.0,1426.1,8328.3
5952,SAW,FRA,730.0,1900.0,22192.2
5953,SAW,HAM,365.0,2019.7,11795.3
5954,SAW,JED,365.0,2329.1,13601.8
5955,SAW,KBP,730.0,1057.5,12352.0
5956,SAW,KWI,1460.0,2129.7,49749.2
5957,SAW,LGW,365.0,2523.6,14737.6
5958,SAW,MAD,365.0,2755.7,16093.2
5959,SAW,MLA,730.0,1406.8,16431.1
5960,SAW,MRS,365.0,1998.0,11668.5
5961,SAW,MUC,1095.0,1610.0,28207.7
5962,SAW,MXP,365.0,1741.9,10172.6
5963,SAW,ORY,730.0,2280.5,26636.1
5964,SAW,OTP,365.0,485.8,2837.1
5965,SAW,RIX,365.0,1822.7,10644.8
5966,SAW,RUH,365.0,2394.1,13981.3
5967,SAW,SHJ,365.0,2973.2,17363.6
5968,SAW,STN,365.0,2518.4,14707.6
5969,SAW,STR,1095.0,1798.6,31510.8
5970,SAW,TLV,730.0,1106.4,12922.2
5971,SAW,TXL,365.0,1773.3,10356.3
5972,SAW,VIE,730.0,1287.0,15032.4
5973,SAW,ZRH,365.0,1802.1,10524.0
5974,SEA,AMS,730.0,7840.0,91571.2
5975,SEA,ATL,2190.0,3505.0,122814.4
5976,SEA,BOS,1095.0,4005.5,70176.5
5977,SEA,BWI,730.0,3748.1,43778.2
5978,SEA,CDG,1095.0,8049.2,141021.2
5979,SEA,CLT,730.0,3660.4,42753.5
5980,SEA,DCA,365.0,3738.1,21830.8
5981,SEA,DEN,2190.0,1645.1,57643.1
5982,SEA,DFW,1095.0,2668.2,46746.0
5983,SEA,DTW,365.0,3093.0,18063.2
5984,SEA,DXB,730.0,11927.7,139315.0
5985,SEA,EWR,1095.0,3854.8,67536.3
5986,SEA,FLL,365.0,4367.6,25506.8
5987,SEA,FRA,1095.0,8197.4,143618.8
5988,SEA,HND,365.0,7711.7,45036.2
5989,SEA,HNL,1825.0,4307.9,125791.0
5990,SEA,IAD,365.0,3701.6,21617.5
5991,SEA,IAH,1460.0,3013.4,70393.1
5992,SEA,ICN,1460.0,8373.3,195601.3
5993,SEA,JFK,1825.0,3886.6,113489.8
5994,SEA,LAS,1460.0,1395.1,32589.8
5995,SEA,LAX,1825.0,1536.9,44877.8
5996,SEA,LHR,2920.0,7702.1,359841.3
5997,SEA,MCO,730.0,4104.7,47942.7
5998,SEA,MDW,730.0,2782.2,32495.7
5999,SEA,MIA,730.0,4379.5,51152.1
6000,SEA,MSP,1095.0,2244.8,39329.0
6001,SEA,NRT,1095.0,7655.9,134132.2
6002,SEA,ORD,1460.0,2761.8,64514.5
6003,SEA,PDX,730.0,208.0,2429.8
6004,SEA,PEK,1825.0,8679.1,253430.9
6005,SEA,PHL,1095.0,3817.7,66885.3
6006,SEA,PHX,1825.0,1781.8,52029.2
6007,SEA,PVG,730.0,9187.8,107313.8
6008,SEA,SAN,1460.0,1692.2,39530.9
6009,SEA,SFO,1825.0,1093.1,31917.3
6010,SEA,SLC,1460.0,1106.7,25852.9
6011,SEA,STL,730.0,2744.3,32053.9
6012,SEA,TPE,730.0,9756.8,113959.6
6013,SEA,YVR,1825.0,204.5,5972.1
6014,SEA,YYC,365.0,725.7,4237.9
6015,SEA,YYZ,365.0,3306.6,19310.8
6016,SFO,AKL,1095.0,10509.0,184116.9
6017,SFO,AMS,730.0,8785.5,102614.9
6018,SFO,ATL,4015.0,3434.7,220646.3
6019,SFO,BOS,1095.0,4341.2,76058.6
6020,SFO,BWI,365.0,3944.4,23035.0
6021,SFO,CDG,1460.0,8962.2,209357.2
6022,SFO,CLT,730.0,3687.0,43063.8
6023,SFO,CPH,365.0,8807.1,51433.7
6024,SFO,CUN,730.0,3871.2,45215.9
6025,SFO,DCA,730.0,3920.9,45796.7
6026,SFO,DEN,1460.0,1552.8,36272.8
6027,SFO,DFW,1825.0,2351.9,68676.7
6028,SFO,DTW,365.0,3337.3,19490.1
6029,SFO,DUB,365.0,8183.0,47788.8
6030,SFO,DXB,730.0,13020.1,152074.4
6031,SFO,EWR,730.0,4118.4,48102.9
6032,SFO,FLL,1095.0,4150.8,72722.5
6033,SFO,FRA,1095.0,9148.7,160285.4
6034,SFO,HKG,2190.0,11128.1,389930.3
6035,SFO,HND,730.0,8285.9,96779.0
6036,SFO,HNL,1825.0,3856.9,112621.1
6037,SFO,IAD,730.0,3883.4,45358.1
6038,SFO,IAH,365.0,2627.2,15342.8
6039,SFO,ICN,2555.0,9085.3,371405.7
6040,SFO,JFK,2555.0,4151.8,169725.0
6041,SFO,KIX,730.0,8692.1,101523.3
6042,SFO,LAS,1460.0,664.9,15531.9
6043,SFO,LAX,2555.0,543.2,22205.6
6044,SFO,LHR,3650.0,8616.0,503174.3
6045,SFO,MCO,730.0,3929.1,45892.4
6046,SFO,MDW,730.0,2977.5,34776.8
6047,SFO,MEX,1460.0,3028.4,70743.9
6048,SFO,MIA,1095.0,4153.7,72772.9
6049,SFO,MNL,365.0,11228.6,65575.2
6050,SFO,MSP,1095.0,2551.4,44700.3
6051,SFO,MSY,365.0,3069.4,17925.4
6052,SFO,MUC,730.0,9437.0,110224.6
6053,SFO,NRT,730.0,8227.5,96097.8
6054,SFO,ORD,1825.0,2964.0,86547.7
6055,SFO,PDX,1460.0,886.4,20705.9
6056,SFO,PEK,1095.0,9494.1,166336.1
6057,SFO,PHL,1460.0,4047.7,94555.4
6058,SFO,PHX,1460.0,1046.0,24435.5
6059,SFO,PVG,1460.0,9877.4,230736.5
6060,SFO,SAN,1095.0,718.9,12594.9
6061,SFO,SEA,2190.0,1093.1,38300.8
6062,SFO,SLC,730.0,961.9,11235.1
6063,SFO,STL,365.0,2785.9,16269.5
6064,SFO,SYD,730.0,11949.7,139573.0
6065,SFO,TPE,1825.0,10391.2,303422.7
6066,SFO,YUL,730.0,4075.8,47605.9
6067,SFO,YVR,1095.0,1288.7,22578.2
6068,SFO,YYC,1095.0,1638.4,28705.5
6069,SFO,YYZ,730.0,3627.3,42366.8
6070,SFO,ZRH,730.0,9375.7,109508.3
6071,SGN,AUH,730.0,5680.2,66344.6
6072,SGN,BKK,1460.0,716.2,16729.8
6073,SGN,CAN,730.0,1565.6,18286.4
6074,SGN,CDG,1095.0,10104.9,177037.5
6075,SGN,CGK,365.0,1884.1,11003.3
6076,SGN,DME,730.0,7684.1,89749.8
6077,SGN,DOH,365.0,5994.7,35008.9
6078,SGN,DXB,365.0,5618.7,32813.5
6079,SGN,FOC,365.0,2166.8,12654.0
6080,SGN,FRA,730.0,9655.9,112781.1
6081,SGN,HKG,1460.0,1493.0,34875.9
6082,SGN,HND,365.0,4324.2,25253.5
6083,SGN,ICN,1095.0,3562.7,62418.3
6084,SGN,KIX,730.0,3910.1,45670.2
6085,SGN,KUL,1095.0,1050.3,18401.2
6086,SGN,MEL,730.0,6698.8,78241.6
6087,SGN,MNL,1095.0,1611.4,28231.4
6088,SGN,NNG,365.0,1320.8,7713.7
6089,SGN,NRT,1460.0,4383.3,102394.2
6090,SGN,PEK,365.0,3397.7,19842.3
6091,SGN,PVG,730.0,2746.5,32078.8
6092,SGN,SIN,1825.0,1093.0,31916.1
6093,SGN,SVO,365.0,7726.7,45123.8
6094,SGN,SYD,730.0,6846.1,79962.8
6095,SGN,TPE,1095.0,2208.1,38685.2
6096,SHA,CAN,2555.0,1175.6,48058.5
6097,SHA,CGO,1095.0,791.2,13862.0
6098,SHA,CKG,2555.0,1416.9,57923.3
6099,SHA,CSX,1825.0,852.0,24879.6
6100,SHA,CTU,2555.0,1659.1,67822.2
6101,SHA,FOC,1460.0,607.5,14192.3
6102,SHA,HKG,1825.0,1232.0,35974.4
6103,SHA,HND,1825.0,1776.7,51879.8
6104,SHA,KMG,1825.0,1924.6,56199.3
6105,SHA,KWE,2190.0,1505.7,52759.2
6106,SHA,KWL,730.0,1290.2,15069.3
6107,SHA,NNG,1460.0,1615.2,37731.9
6108,SHA,PEK,2555.0,1076.5,44006.7
6109,SHA,SHE,730.0,1176.8,13744.5
6110,SHA,SYX,1095.0,1869.4,32752.6
6111,SHA,SZX,2555.0,1208.4,49400.9
6112,SHA,TAO,2190.0,570.5,19991.2
6113,SHA,TNA,1095.0,734.8,12872.8
6114,SHA,TSN,2555.0,952.8,38951.2
6115,SHA,TYN,1460.0,1079.6,25218.4
6116,SHA,URC,2190.0,3272.3,114661.5
6117,SHA,WUH,1460.0,680.9,15905.7
6118,SHA,XIY,1825.0,1229.1,35890.8
6119,SHA,XMN,2190.0,804.1,28177.2
6120,SHE,CAN,1460.0,2238.5,52291.1
6121,SHE,CGO,1095.0,1155.8,20249.1
6122,SHE,CKG,365.0,2010.9,11743.7
6123,SHE,CSX,365.0,1761.2,10285.6
6124,SHE,CTU,1095.0,2134.8,37402.1
6125,SHE,FRA,730.0,8019.3,93665.7
6126,SHE,HGH,2555.0,1297.9,53057.1
6127,SHE,HKG,365.0,2327.5,13592.8
6128,SHE,ICN,730.0,528.9,6177.5
6129,SHE,KIX,730.0,1303.4,15223.6
6130,SHE,KWL,365.0,2205.4,12879.7
6131,SHE,NKG,2190.0,1174.7,41161.1
6132,SHE,NRT,1460.0,1602.1,37424.3
6133,SHE,PEK,1460.0,605.3,14139.3
6134,SHE,PVG,1825.0,1176.7,34359.6
6135,SHE,SHA,730.0,1176.8,13744.5
6136,SHE,SZX,1095.0,2296.9,40241.9
6137,SHE,TAO,3285.0,655.1,34431.9
6138,SHE,TNA,1825.0,757.2,22111.4
6139,SHE,TPE,1460.0,1853.2,43291.9
6140,SHE,TSN,365.0,590.1,3446.1
6141,SHE,TYN,1460.0,1023.7,23913.2
6142,SHE,WUH,1095.0,1464.1,25651.4
6143,SHE,XIY,2190.0,1514.6,53072.4
6144,SHE,XMN,1095.0,1964.2,34413.6
6145,SHE,YVR,365.0,8002.8,46736.4
6146,SHJ,AMM,365.0,2031.9,11866.2
6147,SHJ,AUH,365.0,132.5,773.7
6148,SHJ,BLR,365.0,2685.0,15680.4
6149,SHJ,BOM,365.0,1914.1,11178.1
6150,SHJ,CAI,730.0,2427.4,28351.9
6151,SHJ,CMB,1095.0,3280.0,57466.1
6152,SHJ,DEL,365.0,2166.6,12653.0
6153,SHJ,DME,365.0,3638.8,21250.9
6154,SHJ,DOH,730.0,393.0,4590.4
6155,SHJ,JED,365.0,1715.6,10019.2
6156,SHJ,KBP,365.0,3489.2,20377.1
6157,SHJ,KWI,365.0,862.5,5036.7
6158,SHJ,MAA,730.0,2922.4,34133.4
6159,SHJ,MCT,365.0,340.1,1986.2
6160,SHJ,NBO,365.0,3575.2,20879.1
6161,SHJ,RUH,365.0,888.4,5188.5
6162,SHJ,SAW,365.0,2973.2,17363.6
6163,SHJ,SVX,365.0,3518.8,20549.8
6164,SIN,AKL,1095.0,8408.3,147314.0
6165,SIN,AMS,1095.0,10513.9,184203.8
6166,SIN,AUH,2190.0,5885.8,206236.7
6167,SIN,BCN,365.0,10899.4,63652.4
6168,SIN,BKK,3285.0,1416.9,74472.5
6169,SIN,BLR,1095.0,3179.4,55703.9
6170,SIN,BNE,3285.0,6142.7,322860.0
6171,SIN,BOM,1095.0,3921.8,68710.2
6172,SIN,CAN,1095.0,2648.4,46400.3
6173,SIN,CCU,1460.0,2904.0,67836.6
6174,SIN,CDG,730.0,10724.6,125263.3
6175,SIN,CGK,3650.0,882.2,51522.7
6176,SIN,CKG,730.0,3166.9,36989.4
6177,SIN,CMB,1825.0,2749.7,80291.5
6178,SIN,CPH,730.0,9967.6,116422.0
6179,SIN,CSX,730.0,3141.4,36691.6
6180,SIN,CTU,1095.0,3250.0,56940.8
6181,SIN,DEL,1460.0,4159.4,97163.9
6182,SIN,DME,730.0,8401.3,98127.5
6183,SIN,DOH,365.0,6206.7,36246.9
6184,SIN,DPS,3650.0,1671.5,97615.5
6185,SIN,DXB,1825.0,5846.7,170722.6
6186,SIN,FCO,365.0,10052.9,58709.0
6187,SIN,FOC,730.0,3207.3,37461.5
6188,SIN,FRA,1095.0,10279.3,180092.6
6189,SIN,HAK,1095.0,2182.8,38243.4
6190,SIN,HEL,365.0,9275.4,54168.1
6191,SIN,HGH,365.0,3650.0,21316.2
6192,SIN,HKG,2920.0,2565.6,119863.7
6193,SIN,HND,1460.0,5299.8,123802.6
6194,SIN,ICN,1825.0,4627.4,135119.3
6195,SIN,IST,1095.0,8679.5,152065.7
6196,SIN,JED,365.0,7360.0,42982.3
6197,SIN,JNB,1460.0,8655.9,202202.0
6198,SIN,KIX,730.0,4902.2,57257.1
6199,SIN,KMG,730.0,2643.5,30876.6
6200,SIN,KUL,3650.0,297.5,17372.4
6201,SIN,KWE,365.0,2816.8,16450.3
6202,SIN,LHR,1460.0,10883.3,254233.6
6203,SIN,MAA,2555.0,2925.3,119586.9
6204,SIN,MEL,2555.0,6033.0,246630.7
6205,SIN,MNL,1825.0,2374.9,69345.7
6206,SIN,MUC,1460.0,10058.4,234964.8
6207,SIN,MXP,365.0,10309.1,60205.2
6208,SIN,NKG,365.0,3722.3,21738.3
6209,SIN,NNG,365.0,2406.5,14054.1
6210,SIN,NRT,2920.0,5357.6,250306.4
6211,SIN,PEK,730.0,4490.6,52450.3
6212,SIN,PVG,1095.0,3805.9,66679.1
6213,SIN,RUH,730.0,6674.2,77954.4
6214,SIN,SGN,1825.0,1093.0,31916.1
6215,SIN,SYD,3285.0,6293.4,330783.3
6216,SIN,SZX,1825.0,2594.0,75745.1
6217,SIN,TAO,365.0,4233.0,24720.7
6218,SIN,TPE,2555.0,3222.4,131731.0
6219,SIN,TSN,365.0,4413.8,25776.4
6220,SIN,WUH,1095.0,3445.2,60360.2
6221,SIN,XMN,1460.0,2993.2,69922.2
6222,SIN,ZRH,1095.0,10305.6,180554.2
6223,SJU,ATL,2920.0,2490.9,116376.8
6224,SJU,BOG,365.0,1765.3,10309.6
6225,SJU,BOS,365.0,2702.0,15779.6
6226,SJU,BWI,365.0,2524.5,14743.1
6227,SJU,CLT,730.0,2376.3,27755.2
6228,SJU,DCA,365.0,2507.5,14643.7
6229,SJU,DFW,730.0,3482.3,40673.5
6230,SJU,DTW,365.0,3110.4,18164.6
6231,SJU,EWR,730.0,2594.4,30302.6
6232,SJU,FLL,1460.0,1683.7,39331.6
6233,SJU,FRA,365.0,7354.3,42949.1
6234,SJU,IAD,365.0,2533.9,14797.8
6235,SJU,IAH,365.0,3227.9,18851.1
6236,SJU,JFK,1825.0,2577.9,75275.3
6237,SJU,MCO,1460.0,1913.3,44695.4
6238,SJU,MIA,730.0,1682.0,19646.0
6239,SJU,ORD,1460.0,3337.7,77968.3
6240,SJU,PHL,730.0,2542.8,29699.9
6241,SJU,PTY,365.0,1779.9,10394.5
6242,SJU,TPA,730.0,1991.3,23258.5
6243,SJU,YYZ,365.0,3082.4,18001.1
6244,SLC,ATL,2190.0,2553.6,89478.3
6245,SLC,BOS,365.0,3379.6,19736.6
6246,SLC,BWI,1095.0,2993.5,52446.0
6247,SLC,CDG,730.0,8153.2,95229.3
6248,SLC,CLT,1095.0,2773.6,48593.4
6249,SLC,CUN,730.0,3227.2,37693.2
6250,SLC,DCA,365.0,2972.1,17356.9
6251,SLC,DEN,1460.0,627.6,14660.5
6252,SLC,DFW,1095.0,1589.5,27847.4
6253,SLC,DTW,365.0,2377.9,13886.9
6254,SLC,EWR,365.0,3160.2,18455.8
6255,SLC,HNL,365.0,4813.1,28108.8
6256,SLC,IAH,730.0,1922.3,22453.0
6257,SLC,JFK,730.0,3193.6,37301.3
6258,SLC,LAS,1095.0,591.9,10370.8
6259,SLC,LAX,2555.0,949.3,38808.1
6260,SLC,MCO,365.0,3103.3,18123.2
6261,SLC,MDW,730.0,2020.5,23599.0
6262,SLC,MSP,365.0,1591.5,9294.6
6263,SLC,MSY,730.0,2296.2,26820.1
6264,SLC,ORD,1460.0,2006.2,46863.8
6265,SLC,PDX,1460.0,1011.8,23634.5
6266,SLC,PHL,1095.0,3092.8,54186.1
6267,SLC,PHX,1460.0,817.7,19102.5
6268,SLC,SAN,730.0,1008.3,11777.5
6269,SLC,SEA,1460.0,1106.7,25852.9
6270,SLC,SFO,730.0,961.9,11235.1
6271,SLC,STL,365.0,1855.9,10838.4
6272,SLC,YVR,365.0,1281.9,7486.4
6273,SLC,YYC,365.0,1158.8,6767.5
6274,STL,ATL,2920.0,779.0,36395.1
6275,STL,BOS,365.0,1680.6,9814.7
6276,STL,BWI,730.0,1184.5,13834.8
6277,STL,CLT,730.0,924.4,10796.7
6278,STL,CUN,365.0,1997.6,11666.2
6279,STL,DCA,1095.0,1154.4,20224.7
6280,STL,DEN,1460.0,1235.5,28861.5
6281,STL,DFW,1095.0,885.4,15511.8
6282,STL,DTW,1095.0,707.1,12388.4
6283,STL,EWR,730.0,1400.3,16356.0
6284,STL,FLL,730.0,1702.3,19882.3
6285,STL,IAD,365.0,1117.7,6527.2
6286,STL,IAH,365.0,1075.6,6281.5
6287,STL,JFK,365.0,1432.8,8367.7
6288,STL,LAS,730.0,2201.9,25717.8
6289,STL,LAX,1825.0,2556.8,74657.5
6290,STL,LGA,1460.0,1425.8,33307.7
6291,STL,MCO,365.0,1419.9,8292.4
6292,STL,MDW,730.0,404.2,4720.6
6293,STL,MIA,730.0,1721.7,20109.4
6294,STL,MSP,1095.0,721.7,12643.4
6295,STL,MSY,730.0,973.6,11371.6
6296,STL,ORD,1095.0,415.4,7278.1
6297,STL,PHL,1460.0,1306.0,30508.3
6298,STL,PHX,1095.0,2026.8,35509.8
6299,STL,SAN,365.0,2501.2,14606.8
6300,STL,SEA,730.0,2744.3,32053.9
6301,STL,SFO,365.0,2785.9,16269.5
6302,STL,SLC,365.0,1855.9,10838.4
6303,STL,TPA,730.0,1400.3,16355.7
6304,STL,YYZ,730.0,1051.0,12276.0
6305,STN,ACE,1095.0,2796.0,48986.0
6306,STN,AGP,730.0,1731.8,20227.7
6307,STN,ALC,365.0,1513.8,8840.7
6308,STN,AMS,365.0,312.9,1827.2
6309,STN,ATH,365.0,2407.9,14062.2
6310,STN,BCN,365.0,1185.6,6924.0
6311,STN,BUD,365.0,1451.3,8475.4
6312,STN,CGN,365.0,492.5,2876.0
6313,STN,CPH,365.0,914.3,5339.6
6314,STN,DUB,365.0,470.7,2748.7
6315,STN,DUS,365.0,455.9,2662.7
6316,STN,EDI,365.0,509.9,2977.6
6317,STN,FAO,730.0,1774.3,20724.4
6318,STN,GLA,365.0,538.4,3144.3
6319,STN,IBZ,1095.0,1449.6,25396.3
6320,STN,LIS,365.0,1627.7,9505.8
6321,STN,LPA,730.0,2963.8,34616.7
6322,STN,LYS,365.0,771.0,4502.5
6323,STN,MAD,365.0,1301.9,7602.8
6324,STN,MLA,365.0,2108.1,12311.4
6325,STN,MRS,365.0,1010.0,5898.7
6326,STN,MUC,365.0,911.0,5320.3
6327,STN,NCE,365.0,1051.9,6143.4
6328,STN,OPO,365.0,1362.8,7958.8
6329,STN,OTP,365.0,2066.3,12067.1
6330,STN,PMI,1460.0,1384.9,32351.0
6331,STN,PRG,730.0,999.8,11677.2
6332,STN,RIX,365.0,1625.2,9491.1
6333,STN,SAW,365.0,2518.4,14707.6
6334,STN,STR,365.0,730.0,4262.9
6335,STN,TFS,1095.0,2996.7,52502.2
6336,STR,ACE,730.0,2931.9,34244.7
6337,STR,AGP,730.0,1738.9,20310.1
6338,STR,ALC,365.0,1398.1,8165.2
6339,STR,AMS,365.0,511.0,2984.3
6340,STR,ATH,365.0,1682.2,9823.8
6341,STR,ATL,1095.0,7516.6,131691.5
6342,STR,AYT,1460.0,2182.4,50981.1
6343,STR,BCN,1095.0,994.7,17426.4
6344,STR,BHX,365.0,879.3,5134.8
6345,STR,BRU,365.0,419.5,2450.0
6346,STR,BUD,365.0,758.5,4429.9
6347,STR,CDG,730.0,489.3,5715.4
6348,STR,CPH,365.0,804.9,4700.9
6349,STR,CTA,1825.0,1334.2,38957.6
6350,STR,DUB,365.0,1200.5,7010.9
6351,STR,DUS,365.0,338.1,1974.7
6352,STR,EWR,730.0,6317.4,73787.6
6353,STR,FAO,730.0,1901.9,22214.7
6354,STR,FCO,365.0,801.5,4680.8
6355,STR,FRA,365.0,156.7,914.9
6356,STR,GVA,365.0,359.2,2097.9
6357,STR,HAM,730.0,551.9,6446.7
6358,STR,HER,1095.0,1977.3,34642.1
6359,STR,IBZ,730.0,1258.8,14703.3
6360,STR,IST,365.0,1736.2,10139.7
6361,STR,LHR,1460.0,756.3,17666.1
6362,STR,LIS,365.0,1833.0,10705.0
6363,STR,LPA,730.0,3124.8,36497.2
6364,STR,MUC,730.0,192.5,2248.4
6365,STR,MXP,365.0,342.2,1998.6
6366,STR,PMI,1460.0,1139.3,26614.1
6367,STR,SAW,1095.0,1798.6,31510.8
6368,STR,STN,365.0,730.0,4262.9
6369,STR,SVO,365.0,2061.4,12038.7
6370,STR,TFS,730.0,3183.6,37184.0
6371,STR,TXL,1095.0,516.9,9056.8
6372,STR,VCE,730.0,426.0,4975.4
6373,STR,VIE,1095.0,546.0,9566.7
6374,STR,ZRH,730.0,145.1,1694.9
6375,SVO,AGP,730.0,3781.2,44164.5
6376,SVO,AMS,730.0,2144.3,25046.0
6377,SVO,ARN,730.0,1219.8,14246.8
6378,SVO,ATH,365.0,2241.9,13092.9
6379,SVO,AYT,730.0,2178.2,25441.9
6380,SVO,BCN,730.0,3017.4,35243.5
6381,SVO,BKK,365.0,7104.6,41490.9
6382,SVO,BRU,365.0,2229.6,13021.0
6383,SVO,BUD,365.0,1562.9,9127.1
6384,SVO,CAI,365.0,2913.1,17012.4
6385,SVO,CAN,730.0,7003.1,81796.0
6386,SVO,CDG,730.0,2453.6,28658.4
6387,SVO,CMN,730.0,4243.4,49563.1
6388,SVO,CPH,730.0,1539.8,17985.3
6389,SVO,CTA,730.0,2646.9,30915.6
6390,SVO,DEL,365.0,4363.3,25482.0
6391,SVO,DUS,365.0,2068.0,12077.3
6392,SVO,DXB,730.0,3711.7,43352.3
6393,SVO,FCO,730.0,2399.0,28020.7
6394,SVO,FRA,365.0,2022.4,11810.9
6395,SVO,GVA,365.0,2410.9,14079.6
6396,SVO,HAM,365.0,1765.1,10307.9
6397,SVO,HEL,730.0,873.8,10206.3
6398,SVO,HER,365.0,2474.9,14453.6
6399,SVO,HKG,365.0,7137.1,41680.9
6400,SVO,IAD,730.0,7811.6,91239.2
6401,SVO,ICN,730.0,6585.7,76921.5
6402,SVO,IST,365.0,1750.7,10224.0
6403,SVO,JFK,730.0,7480.9,87377.1
6404,SVO,KBP,730.0,761.2,8891.0
6405,SVO,LAX,730.0,9757.5,113967.4
6406,SVO,LED,365.0,599.3,3499.8
6407,SVO,LHR,365.0,2508.5,14649.6
6408,SVO,MAD,730.0,3420.3,39949.4
6409,SVO,MIA,730.0,9200.3,107459.1
6410,SVO,MLA,730.0,2827.2,33021.6
6411,SVO,MRS,365.0,2666.2,15570.8
6412,SVO,MUC,365.0,1927.4,11255.9
6413,SVO,MXP,730.0,2296.7,26825.3
6414,SVO,NCE,365.0,2532.2,14787.9
6415,SVO,NRT,365.0,7507.2,43842.0
6416,SVO,OSL,730.0,1606.3,18761.4
6417,SVO,OTP,730.0,1497.6,17492.4
6418,SVO,PEK,1460.0,5795.1,135373.3
6419,SVO,PRG,730.0,1670.0,19506.2
6420,SVO,PVG,730.0,6850.9,80018.9
6421,SVO,RIX,730.0,831.6,9712.5
6422,SVO,SGN,365.0,7726.7,45123.8
6423,SVO,STR,365.0,2061.4,12038.7
6424,SVO,SVX,365.0,1436.3,8387.9
6425,SVO,TFS,365.0,5243.2,30620.3
6426,SVO,TLV,365.0,2671.6,15602.1
6427,SVO,TXL,730.0,1603.1,18724.6
6428,SVO,URC,730.0,3728.6,43550.6
6429,SVO,VCE,730.0,2094.7,24466.6
6430,SVO,VIE,365.0,1662.5,9709.3
6431,SVO,WAW,730.0,1150.2,13434.1
6432,SVO,YYZ,365.0,7466.7,43605.7
6433,SVO,ZRH,365.0,2180.6,12735.0
6434,SVX,BKK,365.0,5857.6,34208.2
6435,SVX,CDG,365.0,3877.0,22641.7
6436,SVX,DME,1095.0,1421.9,24911.2
6437,SVX,DXB,365.0,3528.7,20607.6
6438,SVX,FCO,365.0,3793.4,22153.3
6439,SVX,HEL,730.0,2090.7,24419.3
6440,SVX,HRB,365.0,4536.1,26490.7
6441,SVX,IST,365.0,2859.4,16699.0
6442,SVX,KBP,730.0,2080.2,24297.1
6443,SVX,LED,730.0,1801.0,21035.8
6444,SVX,MUC,365.0,3363.1,19640.4
6445,SVX,PEK,730.0,4364.7,50979.5
6446,SVX,PRG,730.0,3106.3,36281.9
6447,SVX,SHJ,365.0,3518.8,20549.8
6448,SVX,SVO,365.0,1436.3,8387.9
6449,SVX,TLV,365.0,3392.9,19814.5
6450,SYD,AKL,4015.0,2159.6,138731.5
6451,SYD,AUH,1095.0,12061.4,211314.9
6452,SYD,BKK,1460.0,7514.6,175541.9
6453,SYD,BNE,1825.0,752.8,21982.4
6454,SYD,CAN,365.0,7529.2,43970.5
6455,SYD,CGK,730.0,5518.9,64461.0
6456,SYD,CKG,365.0,8485.0,49552.2
6457,SYD,DEL,365.0,10435.4,60942.6
6458,SYD,DFW,730.0,13808.2,161279.5
6459,SYD,DPS,1095.0,4622.1,80980.0
6460,SYD,DXB,730.0,12043.9,140672.5
6461,SYD,HKG,1825.0,7393.8,215900.3
6462,SYD,HNL,1825.0,8170.5,238579.6
6463,SYD,ICN,1460.0,8342.8,194886.7
6464,SYD,JNB,730.0,11023.8,128758.3
6465,SYD,KUL,730.0,6584.9,76911.4
6466,SYD,LAX,2190.0,12061.1,422621.9
6467,SYD,MEL,2555.0,705.4,28836.8
6468,SYD,MNL,730.0,6262.8,73149.7
6469,SYD,NKG,730.0,8050.0,94024.5
6470,SYD,NRT,730.0,7832.2,91479.5
6471,SYD,PEK,365.0,8964.5,52352.7
6472,SYD,PVG,1460.0,7865.4,183735.8
6473,SYD,SFO,730.0,11949.7,139573.0
6474,SYD,SGN,730.0,6846.1,79962.8
6475,SYD,SIN,3285.0,6293.4,330783.3
6476,SYD,TPE,365.0,7285.4,42546.9
6477,SYD,YVR,365.0,12501.0,73005.6
6478,SYX,CAN,1095.0,695.2,12179.4
6479,SYX,CGO,1825.0,1855.8,54188.5
6480,SYX,CKG,1825.0,1300.1,37962.3
6481,SYX,CSX,1825.0,1165.9,34043.3
6482,SYX,CTU,1825.0,1472.2,42987.5
6483,SYX,DME,365.0,7179.2,41926.5
6484,SYX,FOC,1095.0,1353.7,23716.2
6485,SYX,HGH,2920.0,1731.8,80910.5
6486,SYX,HKG,1095.0,647.1,11338.0
6487,SYX,KMG,1095.0,1009.6,17688.3
6488,SYX,KWE,1460.0,954.2,22289.5
6489,SYX,KWL,365.0,771.7,4506.4
6490,SYX,NKG,1095.0,1769.9,31008.3
6491,SYX,NNG,1460.0,495.9,11583.1
6492,SYX,PEK,1460.0,2517.3,58805.2
6493,SYX,PVG,1825.0,1895.7,55353.8
6494,SYX,SHA,1095.0,1869.4,32752.6
6495,SYX,SZX,1460.0,665.1,15536.5
6496,SYX,TNA,730.0,2199.7,25692.1
6497,SYX,TPE,365.0,1433.9,8373.7
6498,SYX,TSN,730.0,2438.5,28481.5
6499,SYX,TYN,730.0,2184.6,25516.0
6500,SYX,WUH,1460.0,1469.6,34330.6
6501,SYX,XIY,1095.0,1796.3,31471.9
6502,SYX,XMN,1825.0,1137.6,33218.8
6503,SZX,BKK,730.0,1700.4,19861.1
6504,SZX,CGO,1460.0,1321.0,30859.6
6505,SZX,CKG,2190.0,1063.1,37252.6
6506,SZX,CSX,730.0,620.0,7241.2
6507,SZX,CTU,2555.0,1318.3,53891.0
6508,SZX,DLC,1095.0,1957.7,34299.1
6509,SZX,DPS,365.0,3493.3,20400.6
6510,SZX,FOC,1460.0,697.1,16283.3
6511,SZX,HAK,1460.0,459.4,10730.5
6512,SZX,HGH,2920.0,1070.5,50014.1
6513,SZX,HRB,1095.0,2792.6,48926.5
6514,SZX,ICN,1095.0,2044.8,35824.1
6515,SZX,KMG,2190.0,1139.5,39927.6
6516,SZX,KUL,365.0,2568.3,14998.8
6517,SZX,KWE,1825.0,830.6,24254.3
6518,SZX,KWL,1095.0,478.7,8386.9
6519,SZX,NKG,1825.0,1128.3,32946.9
6520,SZX,NNG,1825.0,578.8,16899.6
6521,SZX,PEK,1460.0,1956.8,45711.8
6522,SZX,PVG,2190.0,1233.1,43206.1
6523,SZX,SHA,2555.0,1208.4,49400.9
6524,SZX,SHE,1095.0,2296.9,40241.9
6525,SZX,SIN,1825.0,2594.0,75745.1
6526,SZX,SYX,1460.0,665.1,15536.5
6527,SZX,TAO,1460.0,1641.9,38355.2
6528,SZX,TNA,1460.0,1614.4,37713.0
6529,SZX,TPE,1460.0,801.8,18730.6
6530,SZX,TSN,2190.0,1863.4,65293.6
6531,SZX,TYN,1460.0,1683.7,39330.9
6532,SZX,URC,365.0,3375.8,19714.6
6533,SZX,WUH,1460.0,906.5,21175.4
6534,SZX,XIY,1825.0,1402.3,40946.8
6535,SZX,XMN,1460.0,488.2,11404.2
6536,TAO,BKK,365.0,3182.7,18586.9
6537,TAO,CAN,1825.0,1584.6,46269.7
6538,TAO,CGO,1825.0,623.1,18193.4
6539,TAO,CKG,1095.0,1471.0,25771.4
6540,TAO,CSX,1460.0,1121.4,26196.8
6541,TAO,CTU,2190.0,1647.7,57735.6
6542,TAO,DLC,1825.0,317.2,9263.0
6543,TAO,FOC,1095.0,1150.7,20160.9
6544,TAO,HGH,3285.0,671.3,35281.6
6545,TAO,HKG,730.0,1672.5,19534.3
6546,TAO,HRB,2190.0,1150.8,40323.7
6547,TAO,ICN,2190.0,556.8,19509.9
6548,TAO,KIX,1825.0,1362.7,39790.5
6549,TAO,KMG,1095.0,2073.7,36330.9
6550,TAO,KWE,365.0,1678.9,9805.0
6551,TAO,NKG,1095.0,522.0,9145.2
6552,TAO,NRT,1095.0,1797.6,31493.3
6553,TAO,PEK,1825.0,538.0,15709.3
6554,TAO,PVG,1825.0,584.8,17075.4
6555,TAO,SHA,2190.0,570.5,19991.2
6556,TAO,SHE,3285.0,655.1,34431.9
6557,TAO,SIN,365.0,4233.0,24720.7
6558,TAO,SZX,1460.0,1641.9,38355.2
6559,TAO,TPE,1460.0,1246.8,29124.9
6560,TAO,TSN,1095.0,414.7,7264.9
6561,TAO,TYN,1460.0,707.0,16515.9
6562,TAO,WUH,2190.0,835.2,29267.0
6563,TAO,XIY,2555.0,1072.5,43843.4
6564,TAO,XMN,1460.0,1321.0,30858.3
6565,TFS,ALC,365.0,1870.9,10925.8
6566,TFS,AMS,365.0,3223.9,18827.7
6567,TFS,BCN,1095.0,2245.1,39335.0
6568,TFS,BHX,1825.0,2978.2,86964.1
6569,TFS,BRS,1825.0,2841.8,82979.5
6570,TFS,BRU,365.0,3094.9,18074.3
6571,TFS,CDG,365.0,2846.5,16623.8
6572,TFS,CGN,1460.0,3223.9,75309.3
6573,TFS,DME,365.0,5259.5,30715.5
6574,TFS,DUB,730.0,2945.3,34401.2
6575,TFS,DUS,1095.0,3237.2,56716.0
6576,TFS,EDI,1095.0,3276.3,57400.0
6577,TFS,FCO,365.0,3018.1,17626.0
6578,TFS,FRA,730.0,3238.8,37829.2
6579,TFS,GLA,1460.0,3242.1,75736.5
6580,TFS,GVA,730.0,2832.3,33081.8
6581,TFS,HAM,1095.0,3574.4,62623.0
6582,TFS,KBP,365.0,4674.2,27297.2
6583,TFS,LED,365.0,4977.2,29066.6
6584,TFS,LGW,2920.0,2912.4,136068.6
6585,TFS,LPA,730.0,117.1,1367.9
6586,TFS,LTN,1095.0,2972.7,52082.5
6587,TFS,MAD,730.0,1823.1,21294.0
6588,TFS,MAN,2555.0,3048.4,124617.6
6589,TFS,MUC,1460.0,3317.7,77501.0
6590,TFS,MXP,365.0,2959.1,17281.0
6591,TFS,OPO,365.0,1634.2,9543.9
6592,TFS,ORY,365.0,2814.3,16435.4
6593,TFS,OSL,365.0,4129.1,24114.0
6594,TFS,PRG,365.0,3573.2,20867.2
6595,TFS,RIX,730.0,4507.4,52646.6
6596,TFS,STN,1095.0,2996.7,52502.2
6597,TFS,STR,730.0,3183.6,37184.0
6598,TFS,SVO,365.0,5243.2,30620.3
6599,TFS,TXL,365.0,3670.0,21432.9
6600,TFS,VIE,1095.0,3613.4,63306.4
6601,TFS,ZRH,730.0,3062.6,35771.4
6602,TLV,ADD,365.0,2592.8,15142.0
6603,TLV,AMM,730.0,109.3,1276.8
6604,TLV,AMS,1460.0,3312.0,77368.1
6605,TLV,ARN,365.0,3320.5,19391.9
6606,TLV,ATH,730.0,1193.7,13942.2
6607,TLV,BCN,1460.0,3081.7,71988.1
6608,TLV,BKK,730.0,6945.6,81124.9
6609,TLV,BOM,365.0,4046.7,23633.0
6610,TLV,BRU,730.0,3251.0,37971.4
6611,TLV,BUD,730.0,2165.1,25288.1
6612,TLV,CAI,365.0,392.5,2292.1
6613,TLV,CDG,1095.0,3284.2,57539.6
6614,TLV,CGN,365.0,3088.0,18033.8
6615,TLV,CPH,730.0,3143.5,36716.1
6616,TLV,DME,730.0,2612.4,30512.5
6617,TLV,DUS,365.0,3135.3,18310.1
6618,TLV,EWR,730.0,9140.2,106758.0
6619,TLV,FCO,1460.0,2279.0,53238.1
6620,TLV,FRA,730.0,2953.0,34491.2
6621,TLV,GVA,1095.0,2918.5,51132.8
6622,TLV,HEL,365.0,3230.9,18868.2
6623,TLV,HER,365.0,970.9,5669.9
6624,TLV,HKG,365.0,7725.9,45119.1
6625,TLV,ICN,365.0,8039.0,46947.5
6626,TLV,IST,365.0,1165.7,6807.6
6627,TLV,JFK,730.0,9117.0,106487.1
6628,TLV,JNB,365.0,6504.3,37985.0
6629,TLV,KBP,730.0,2065.0,24119.6
6630,TLV,LAX,365.0,12166.6,71052.8
6631,TLV,LED,730.0,3108.9,36312.0
6632,TLV,LGW,365.0,3557.2,20774.2
6633,TLV,LHR,730.0,3588.7,41916.1
6634,TLV,LTN,730.0,3600.8,42057.2
6635,TLV,MAD,730.0,3543.8,41392.0
6636,TLV,MAN,365.0,3785.1,22104.7
6637,TLV,MRS,730.0,2881.1,33651.6
6638,TLV,MUC,1095.0,2655.0,46515.8
6639,TLV,MXP,1095.0,2705.9,47408.2
6640,TLV,NCE,730.0,2735.2,31947.2
6641,TLV,ORY,365.0,3283.3,19174.4
6642,TLV,OTP,1095.0,1591.6,27885.1
6643,TLV,PEK,730.0,7140.5,83401.1
6644,TLV,PHL,730.0,9267.6,108245.5
6645,TLV,PRG,1460.0,2634.6,61544.8
6646,TLV,RIX,365.0,2894.2,16901.9
6647,TLV,SAW,730.0,1106.4,12922.2
6648,TLV,SVO,365.0,2671.6,15602.1
6649,TLV,SVX,365.0,3392.9,19814.5
6650,TLV,TXL,730.0,2870.9,33531.6
6651,TLV,VCE,365.0,2449.1,14302.6
6652,TLV,VIE,1095.0,2361.3,41370.1
6653,TLV,WAW,1095.0,2508.3,43945.2
6654,TLV,YUL,365.0,8802.9,51408.9
6655,TLV,YYZ,730.0,9295.1,108567.0
6656,TLV,ZRH,730.0,2809.4,32813.2
6657,TNA,BKK,365.0,3052.4,17826.2
6658,TNA,CAN,1825.0,1543.5,45068.8
6659,TNA,CGO,730.0,400.5,4678.2
6660,TNA,CKG,1825.0,1261.9,36846.2
6661,TNA,CSX,1460.0,1033.8,24149.5
6662,TNA,CTU,2555.0,1409.9,57638.8
6663,TNA,DLC,2190.0,445.8,15620.4
6664,TNA,FOC,1825.0,1236.3,36101.4
6665,TNA,HGH,1460.0,794.9,18568.3
6666,TNA,HKG,365.0,1648.6,9627.6
6667,TNA,HRB,2555.0,1231.5,50342.6
6668,TNA,ICN,2190.0,820.8,28762.0
6669,TNA,KIX,1095.0,1648.8,28886.6
6670,TNA,KMG,2190.0,1883.5,65997.1
6671,TNA,KWE,730.0,1510.3,17640.4
6672,TNA,KWL,730.0,1462.5,17082.4
6673,TNA,PEK,730.0,362.6,4234.6
6674,TNA,PVG,365.0,763.0,4456.2
6675,TNA,SHA,1095.0,734.8,12872.8
6676,TNA,SHE,1825.0,757.2,22111.4
6677,TNA,SYX,730.0,2199.7,25692.1
6678,TNA,SZX,1460.0,1614.4,37713.0
6679,TNA,TPE,730.0,1364.3,15934.7
6680,TNA,TYN,730.0,417.6,4878.1
6681,TNA,URC,1460.0,2622.0,61249.8
6682,TNA,WUH,1460.0,730.1,17056.2
6683,TNA,XIY,2555.0,810.0,33112.5
6684,TNA,XMN,1460.0,1371.9,32048.0
6685,TPA,ATL,2920.0,655.0,30599.3
6686,TPA,BOS,365.0,1908.5,11145.4
6687,TPA,BWI,730.0,1357.9,15860.3
6688,TPA,CLT,730.0,818.8,9563.7
6689,TPA,DCA,1095.0,1311.9,22984.0
6690,TPA,DEN,1095.0,2422.5,42442.5
6691,TPA,DFW,1095.0,1492.7,26152.0
6692,TPA,DTW,730.0,1584.8,18510.5
6693,TPA,EWR,730.0,1607.3,18772.8
6694,TPA,FLL,1825.0,316.8,9250.5
6695,TPA,IAD,365.0,1306.9,7632.1
6696,TPA,IAH,365.0,1265.0,7387.7
6697,TPA,JFK,1460.0,1619.5,37832.1
6698,TPA,LAS,365.0,3187.5,18614.7
6699,TPA,LAX,365.0,3466.4,20243.9
6700,TPA,LGA,730.0,1628.3,19018.4
6701,TPA,LGW,1460.0,7111.1,166114.5
6702,TPA,MDW,730.0,1606.9,18768.6
6703,TPA,MIA,730.0,329.2,3844.5
6704,TPA,MSP,365.0,2104.8,12291.8
6705,TPA,MSY,730.0,784.0,9156.7
6706,TPA,ORD,1460.0,1631.3,38106.1
6707,TPA,PDX,365.0,4013.2,23436.9
6708,TPA,PHL,1095.0,1482.7,25977.6
6709,TPA,PHX,1460.0,2872.7,67107.4
6710,TPA,PTY,365.0,2127.8,12426.3
6711,TPA,SEA,365.0,4051.0,23657.7
6712,TPA,SJU,1095.0,1991.3,34887.8
6713,TPA,STL,730.0,1400.3,16355.7
6714,TPA,YYZ,730.0,1765.1,20616.8
6715,TPA,ZRH,365.0,7835.4,45758.6
6716,TPE,AMS,730.0,9442.5,110288.6
6717,TPE,BKK,2190.0,2489.4,87228.7
6718,TPE,BNE,730.0,6760.0,78957.2
6719,TPE,CAN,1460.0,825.9,19292.0
6720,TPE,CDG,365.0,9785.7,57148.4
6721,TPE,CGK,1095.0,3811.2,66772.0
6722,TPE,CGO,1095.0,1268.3,22220.6
6723,TPE,CKG,730.0,1528.7,17854.9
6724,TPE,CSX,1460.0,868.1,20278.5
6725,TPE,CTU,1095.0,1804.1,31607.2
6726,TPE,DEL,730.0,4372.0,51065.2
6727,TPE,DLC,1460.0,1544.5,36080.5
6728,TPE,DPS,1095.0,3818.3,66895.8
6729,TPE,DXB,365.0,6555.4,38283.6
6730,TPE,FOC,730.0,184.2,2151.0
6731,TPE,FRA,365.0,9365.0,54691.8
6732,TPE,HAK,730.0,1245.1,14542.3
6733,TPE,HGH,1095.0,578.2,10130.5
6734,TPE,HKG,2190.0,806.1,28244.1
6735,TPE,HND,365.0,2121.6,12390.1
6736,TPE,HNL,730.0,8143.8,95119.5
6737,TPE,HRB,730.0,2328.2,27193.8
6738,TPE,ICN,2555.0,1463.7,59835.2
6739,TPE,JFK,365.0,12544.6,73260.6
6740,TPE,KIX,2920.0,1702.9,79561.1
6741,TPE,KMG,730.0,1841.8,21512.6
6742,TPE,KUL,1460.0,3246.1,75828.6
6743,TPE,KWE,730.0,1453.0,16971.2
6744,TPE,KWL,730.0,1126.5,13157.7
6745,TPE,LAX,1460.0,10922.4,255147.9
6746,TPE,MNL,2190.0,1175.4,41187.4
6747,TPE,NKG,1095.0,776.4,13602.5
6748,TPE,NNG,730.0,1355.8,15836.1
6749,TPE,NRT,3650.0,2181.0,127371.6
6750,TPE,PEK,1460.0,1723.4,40258.4
6751,TPE,PVG,2920.0,676.8,31620.1
6752,TPE,SEA,730.0,9756.8,113959.6
6753,TPE,SFO,1825.0,10391.2,303422.7
6754,TPE,SGN,1095.0,2208.1,38685.2
6755,TPE,SHE,1460.0,1853.2,43291.9
6756,TPE,SIN,2555.0,3222.4,131731.0
6757,TPE,SYD,365.0,7285.4,42546.9
6758,TPE,SYX,365.0,1433.9,8373.7
6759,TPE,SZX,1460.0,801.8,18730.6
6760,TPE,TAO,1460.0,1246.8,29124.9
6761,TPE,TNA,730.0,1364.3,15934.7
6762,TPE,TSN,365.0,1603.8,9366.2
6763,TPE,TYN,365.0,1626.4,9498.4
6764,TPE,URC,730.0,3695.3,43160.9
6765,TPE,VIE,365.0,8968.0,52373.4
6766,TPE,WUH,1095.0,937.0,16416.8
6767,TPE,XIY,1460.0,1590.3,37149.1
6768,TPE,XMN,730.0,319.0,3725.4
6769,TPE,YVR,730.0,9591.7,112030.8
6770,TPE,YYZ,365.0,12078.8,70540.0
6771,TSN,CAN,1825.0,1790.6,52284.4
6772,TSN,CGO,1460.0,599.5,14003.3
6773,TSN,CKG,2555.0,1432.3,58553.6
6774,TSN,CSX,1825.0,1274.1,37203.3
6775,TSN,CTU,2190.0,1545.6,54157.6
6776,TSN,DLC,2920.0,362.5,16936.2
6777,TSN,FOC,365.0,1482.4,8657.4
6778,TSN,HAK,730.0,2233.5,26087.6
6779,TSN,HGH,1825.0,1028.4,30029.1
6780,TSN,HKG,1095.0,1897.9,33251.6
6781,TSN,HRB,2920.0,1027.0,47981.5
6782,TSN,ICN,1460.0,815.2,19043.4
6783,TSN,KMG,1095.0,2062.0,36126.5
6784,TSN,KWL,365.0,1690.8,9874.3
6785,TSN,PVG,1095.0,975.3,17088.0
6786,TSN,SHA,2555.0,952.8,38951.2
6787,TSN,SHE,365.0,590.1,3446.1
6788,TSN,SIN,365.0,4413.8,25776.4
6789,TSN,SYX,730.0,2438.5,28481.5
6790,TSN,SZX,2190.0,1863.4,65293.6
6791,TSN,TAO,1095.0,414.7,7264.9
6792,TSN,TPE,365.0,1603.8,9366.2
6793,TSN,TYN,365.0,438.5,2560.8
6794,TSN,URC,365.0,2528.7,14767.6
6795,TSN,WUH,1460.0,970.3,22667.1
6796,TSN,XIY,2555.0,924.6,37799.3
6797,TSN,XMN,1825.0,1622.9,47389.5
6798,TXL,ACE,365.0,3427.7,20017.5
6799,TXL,AGP,730.0,2245.9,26231.8
6800,TXL,ALC,365.0,1913.2,11173.3
6801,TXL,AMM,730.0,2952.6,34486.1
6802,TXL,AMS,730.0,578.2,6753.2
6803,TXL,ARN,1825.0,838.8,24492.2
6804,TXL,ATH,730.0,1823.1,21293.6
6805,TXL,AUH,730.0,4663.7,54471.6
6806,TXL,AYT,1095.0,2211.8,38750.3
6807,TXL,BCN,1460.0,1510.4,35282.8
6808,TXL,BHX,365.0,1015.9,5932.6
6809,TXL,BRU,1095.0,633.2,11094.2
6810,TXL,BUD,365.0,712.0,4158.2
6811,TXL,CDG,1095.0,850.5,14900.7
6812,TXL,CGN,1095.0,463.2,8114.8
6813,TXL,CPH,2190.0,342.5,12002.6
6814,TXL,CTA,2190.0,1683.9,59005.0
6815,TXL,DME,730.0,1631.5,19055.4
6816,TXL,DOH,365.0,4405.6,25728.7
6817,TXL,DUS,1095.0,468.7,8212.4
6818,TXL,EWR,730.0,6387.4,74604.7
6819,TXL,FAO,365.0,2391.0,13963.2
6820,TXL,FCO,1095.0,1199.0,21006.2
6821,TXL,FRA,1460.0,431.7,10084.1
6822,TXL,HEL,1095.0,1118.8,19602.1
6823,TXL,HER,1095.0,2132.0,37351.8
6824,TXL,IBZ,730.0,1775.8,20740.8
6825,TXL,IST,365.0,1711.6,9996.0
6826,TXL,JFK,730.0,6367.7,74375.2
6827,TXL,KBP,365.0,1241.3,7249.4
6828,TXL,LED,365.0,1317.2,7692.5
6829,TXL,LHR,1460.0,947.2,22127.6
6830,TXL,LPA,365.0,3616.5,21120.6
6831,TXL,MAD,730.0,1853.6,21650.5
6832,TXL,MIA,730.0,7990.6,93330.2
6833,TXL,MLA,365.0,1859.6,10859.8
6834,TXL,MRS,365.0,1176.8,6872.3
6835,TXL,MUC,1095.0,479.6,8402.2
6836,TXL,MXP,730.0,838.5,9794.2
6837,TXL,NCE,365.0,1086.7,6346.2
6838,TXL,ORD,730.0,7081.2,82708.7
6839,TXL,ORY,365.0,878.3,5129.2
6840,TXL,OSL,1460.0,851.9,19900.0
6841,TXL,OTP,730.0,1291.0,15079.4
6842,TXL,PEK,730.0,7356.4,85922.3
6843,TXL,PMI,730.0,1655.8,19339.8
6844,TXL,PRG,730.0,281.6,3289.5
6845,TXL,RIX,730.0,838.6,9794.7
6846,TXL,SAW,365.0,1773.3,10356.3
6847,TXL,STR,1095.0,516.9,9056.8
6848,TXL,SVO,730.0,1603.1,18724.6
6849,TXL,TFS,365.0,3670.0,21432.9
6850,TXL,TLV,730.0,2870.9,33531.6
6851,TXL,VCE,730.0,787.4,9196.3
6852,TXL,VIE,1825.0,546.7,15963.8
6853,TXL,WAW,365.0,523.0,3054.5
6854,TXL,ZRH,1460.0,659.7,15410.1
6855,TYN,CAN,1095.0,1597.4,27986.9
6856,TYN,CKG,1095.0,1049.7,18391.5
6857,TYN,CSX,1095.0,1064.2,18644.7
6858,TYN,CTU,1825.0,1127.4,32918.8
6859,TYN,DLC,1460.0,788.4,18416.8
6860,TYN,FOC,365.0,1470.8,8589.2
6861,TYN,HAK,365.0,1991.7,11631.3
6862,TYN,HGH,1825.0,1102.1,32182.0
6863,TYN,HKG,730.0,1721.0,20101.7
6864,TYN,HRB,730.0,1427.3,16670.8
6865,TYN,KMG,1460.0,1678.1,39200.6
6866,TYN,KWE,365.0,1360.9,7947.8
6867,TYN,KWL,730.0,1414.4,16520.5
6868,TYN,NKG,1095.0,877.2,15368.3
6869,TYN,PEK,1095.0,429.5,7524.5
6870,TYN,PVG,730.0,1115.8,13032.2
6871,TYN,SHA,1460.0,1079.6,25218.4
6872,TYN,SHE,1460.0,1023.7,23913.2
6873,TYN,SYX,730.0,2184.6,25516.0
6874,TYN,SZX,1460.0,1683.7,39330.9
6875,TYN,TAO,1460.0,707.0,16515.9
6876,TYN,TNA,730.0,417.6,4878.1
6877,TYN,TPE,365.0,1626.4,9498.4
6878,TYN,TSN,365.0,438.5,2560.8
6879,TYN,URC,1095.0,2214.4,38796.0
6880,TYN,WUH,730.0,787.7,9200.5
6881,TYN,XIY,730.0,505.8,5907.4
6882,TYN,XMN,730.0,1557.8,18194.8
6883,URC,CAN,1095.0,3277.8,57427.4
6884,URC,CGO,3285.0,2485.6,130643.9
6885,URC,CKG,2190.0,2313.2,81052.9
6886,URC,CSX,730.0,2879.8,33635.8
6887,URC,CTU,1825.0,2071.5,60487.7
6888,URC,HGH,730.0,3266.0,38147.2
6889,URC,IST,365.0,4713.3,27525.5
6890,URC,KWE,365.0,2596.7,15164.8
6891,URC,NKG,365.0,3045.8,17787.5
6892,URC,PEK,1460.0,2430.1,56766.1
6893,URC,PVG,730.0,3312.3,38687.3
6894,URC,SHA,2190.0,3272.3,114661.5
6895,URC,SVO,730.0,3728.6,43550.6
6896,URC,SZX,365.0,3375.8,19714.6
6897,URC,TNA,1460.0,2622.0,61249.8
6898,URC,TPE,730.0,3695.3,43160.9
6899,URC,TSN,365.0,2528.7,14767.6
6900,URC,TYN,1095.0,2214.4,38796.0
6901,URC,WUH,1460.0,2758.5,64438.3
6902,URC,XIY,3285.0,2105.2,110650.9
6903,VCE,AMS,1095.0,936.9,16414.7
6904,VCE,ARN,365.0,1616.0,9437.4
6905,VCE,ATH,730.0,1276.0,14903.2
6906,VCE,BCN,730.0,951.7,11116.4
6907,VCE,BHX,365.0,1283.1,7493.4
6908,VCE,BRU,1095.0,835.8,14642.5
6909,VCE,CDG,1095.0,835.3,14635.2
6910,VCE,CGN,365.0,709.8,4145.4
6911,VCE,CPH,1460.0,1124.7,26272.3
6912,VCE,CTA,1095.0,921.8,16150.7
6913,VCE,DOH,730.0,4149.7,48468.1
6914,VCE,DUB,365.0,1600.6,9347.7
6915,VCE,DUS,1095.0,763.5,13376.5
6916,VCE,DXB,365.0,4430.4,25873.6
6917,VCE,EDI,365.0,1597.1,9326.8
6918,VCE,FCO,365.0,412.1,2406.5
6919,VCE,FRA,365.0,577.2,3370.9
6920,VCE,GVA,365.0,490.0,2861.7
6921,VCE,HAM,730.0,919.3,10737.1
6922,VCE,IST,365.0,1403.1,8194.3
6923,VCE,JFK,730.0,6668.2,77885.1
6924,VCE,LED,730.0,1983.0,23160.9
6925,VCE,LGW,1460.0,1117.3,26099.2
6926,VCE,LHR,730.0,1151.4,13448.7
6927,VCE,LIS,730.0,1915.3,22371.2
6928,VCE,LTN,365.0,1169.2,6828.1
6929,VCE,LYS,1095.0,565.8,9913.5
6930,VCE,MAD,365.0,1407.1,8217.5
6931,VCE,MAN,1460.0,1366.8,31928.4
6932,VCE,MRS,730.0,610.4,7129.1
6933,VCE,MUC,730.0,319.6,3733.4
6934,VCE,NCE,1095.0,455.5,7981.2
6935,VCE,NRT,365.0,9583.4,55967.2
6936,VCE,ORY,730.0,834.3,9744.8
6937,VCE,OSL,365.0,1627.5,9504.4
6938,VCE,PHL,730.0,6818.8,79643.2
6939,VCE,PRG,730.0,530.4,6195.6
6940,VCE,RIX,730.0,1501.1,17533.2
6941,VCE,STR,730.0,426.0,4975.4
6942,VCE,SVO,730.0,2094.7,24466.6
6943,VCE,TLV,365.0,2449.1,14302.6
6944,VCE,TXL,730.0,787.4,9196.3
6945,VCE,VIE,365.0,432.3,2524.4
6946,VCE,YUL,365.0,6358.1,37131.2
6947,VCE,YYZ,365.0,6853.6,40024.9
6948,VCE,ZRH,365.0,363.6,2123.3
6949,VIE,ACE,730.0,3343.8,39055.1
6950,VIE,AGP,730.0,2135.5,24942.3
6951,VIE,AMM,1095.0,2448.6,42898.6
6952,VIE,AMS,730.0,959.5,11206.7
6953,VIE,ARN,1460.0,1286.3,30048.9
6954,VIE,ATH,730.0,1278.9,14937.5
6955,VIE,AYT,1460.0,1701.9,39757.2
6956,VIE,BCN,2190.0,1369.7,47993.9
6957,VIE,BKK,1095.0,8451.0,148062.2
6958,VIE,BRU,730.0,924.9,10802.7
6959,VIE,BUD,365.0,214.9,1255.0
6960,VIE,CAI,730.0,2365.4,27627.7
6961,VIE,CDG,1460.0,1035.1,24179.7
6962,VIE,CGN,1095.0,746.0,13069.7
6963,VIE,CPH,1825.0,876.6,25597.9
6964,VIE,CTA,1095.0,1189.8,20844.9
6965,VIE,DEL,730.0,5546.0,64777.4
6966,VIE,DME,1825.0,1668.2,48710.2
6967,VIE,DOH,365.0,3968.5,23176.3
6968,VIE,DUB,365.0,1702.4,9942.3
6969,VIE,DUS,1095.0,787.8,13802.7
6970,VIE,DXB,730.0,4222.9,49323.4
6971,VIE,FCO,1825.0,779.7,22767.4
6972,VIE,FRA,1825.0,620.3,18113.1
6973,VIE,GVA,730.0,816.9,9541.6
6974,VIE,HAM,1460.0,767.5,17928.0
6975,VIE,HEL,730.0,1460.2,17055.4
6976,VIE,HER,1460.0,1587.3,37079.3
6977,VIE,IAD,730.0,7165.3,83690.8
6978,VIE,IST,1095.0,1224.3,21449.5
6979,VIE,JFK,730.0,6805.0,79482.8
6980,VIE,KBP,730.0,1067.7,12470.3
6981,VIE,LED,1095.0,1572.0,27541.7
6982,VIE,LGW,365.0,1250.4,7302.2
6983,VIE,LHR,1460.0,1275.1,29785.4
6984,VIE,LIS,730.0,2305.0,26922.5
6985,VIE,LPA,1095.0,3544.1,62092.5
6986,VIE,LYS,730.0,911.0,10640.0
6987,VIE,MAD,1095.0,1806.0,31640.4
6988,VIE,MAN,365.0,1443.2,8428.1
6989,VIE,MLA,1460.0,1373.2,32078.8
6990,VIE,MUC,1825.0,355.3,10374.5
6991,VIE,MXP,1825.0,656.4,19166.1
6992,VIE,NCE,1095.0,876.1,15349.3
6993,VIE,NRT,730.0,9154.0,106919.1
6994,VIE,ORD,730.0,7566.5,88376.2
6995,VIE,OSL,730.0,1382.0,16141.2
6996,VIE,OTP,730.0,828.9,9681.4
6997,VIE,PEK,730.0,7451.9,87038.7
6998,VIE,PMI,1095.0,1457.7,25539.8
6999,VIE,PRG,365.0,277.9,1623.1
7000,VIE,RIX,730.0,1099.1,12837.2
7001,VIE,SAW,730.0,1287.0,15032.4
7002,VIE,STR,1095.0,546.0,9566.7
7003,VIE,SVO,365.0,1662.5,9709.3
7004,VIE,TFS,1095.0,3613.4,63306.4
7005,VIE,TLV,1095.0,2361.3,41370.1
7006,VIE,TPE,365.0,8968.0,52373.4
7007,VIE,TXL,1825.0,546.7,15963.8
7008,VIE,VCE,365.0,432.3,2524.4
7009,VIE,WAW,730.0,548.9,6411.5
7010,VIE,YYZ,1095.0,6948.3,121733.8
7011,VIE,ZRH,2190.0,603.2,21136.7
7012,WAW,AGP,365.0,2632.0,15370.6
7013,WAW,AMS,730.0,1101.2,12861.7
7014,WAW,ARN,365.0,853.6,4985.1
7015,WAW,ATH,730.0,1599.1,18677.1
7016,WAW,BCN,1825.0,1869.7,54594.9
7017,WAW,BRU,365.0,1146.2,6693.8
7018,WAW,BUD,730.0,540.6,6314.4
7019,WAW,CDG,730.0,1342.5,15680.3
7020,WAW,CGN,365.0,965.9,5641.0
7021,WAW,CPH,1095.0,665.6,11661.3
7022,WAW,DOH,365.0,3944.2,23034.0
7023,WAW,DUB,365.0,1825.5,10660.9
7024,WAW,DUS,1095.0,981.3,17192.1
7025,WAW,DXB,730.0,4155.8,48539.7
7026,WAW,FCO,730.0,1327.0,15499.9
7027,WAW,FRA,1095.0,896.2,15702.2
7028,WAW,GLA,365.0,1699.2,9923.5
7029,WAW,GVA,730.0,1261.3,14731.6
7030,WAW,HAM,730.0,753.4,8799.7
7031,WAW,HEL,730.0,939.0,10967.6
7032,WAW,IST,730.0,1346.7,15729.7
7033,WAW,JFK,365.0,6847.8,39990.9
7034,WAW,KBP,730.0,719.3,8401.0
7035,WAW,LED,365.0,1025.1,5986.4
7036,WAW,LHR,1825.0,1469.6,42912.5
7037,WAW,LIS,730.0,2749.0,32107.9
7038,WAW,LTN,365.0,1455.0,8497.3
7039,WAW,MAD,365.0,2271.1,13263.4
7040,WAW,MUC,730.0,777.3,9079.2
7041,WAW,MXP,365.0,1150.0,6715.9
7042,WAW,NCE,365.0,1390.5,8120.4
7043,WAW,ORD,365.0,7518.9,43910.4
7044,WAW,OSL,365.0,1074.5,6275.2
7045,WAW,OTP,730.0,924.7,10800.2
7046,WAW,PEK,730.0,6943.8,81103.6
7047,WAW,PRG,1095.0,521.0,9128.1
7048,WAW,RIX,730.0,563.3,6579.1
7049,WAW,SVO,730.0,1150.2,13434.1
7050,WAW,TLV,1095.0,2508.3,43945.2
7051,WAW,TXL,365.0,523.0,3054.5
7052,WAW,VIE,730.0,548.9,6411.5
7053,WAW,YYZ,730.0,6934.7,80997.1
7054,WAW,ZRH,730.0,1031.0,12042.0
7055,WUH,BKK,365.0,2348.1,13712.8
7056,WUH,CAN,1825.0,826.8,24142.1
7057,WUH,CDG,365.0,8865.0,51771.6
7058,WUH,CKG,2190.0,736.2,25795.0
7059,WUH,CTU,2555.0,981.2,40110.7
7060,WUH,DLC,1460.0,1128.2,26355.3
7061,WUH,FOC,1095.0,758.4,13287.8
7062,WUH,HAK,1095.0,1263.5,22136.6
7063,WUH,HGH,1825.0,599.6,17507.2
7064,WUH,HKG,1460.0,942.8,22024.2
7065,WUH,HRB,365.0,1952.1,11400.2
7066,WUH,ICN,1095.0,1348.2,23620.4
7067,WUH,KMG,2920.0,1274.3,59537.3
7068,WUH,KWE,1825.0,862.9,25195.3
7069,WUH,KWL,365.0,741.8,4332.2
7070,WUH,NNG,2555.0,1088.5,44497.8
7071,WUH,PEK,1825.0,1055.8,30828.6
7072,WUH,PVG,1825.0,725.3,21179.5
7073,WUH,SHA,1460.0,680.9,15905.7
7074,WUH,SHE,1095.0,1464.1,25651.4
7075,WUH,SIN,1095.0,3445.2,60360.2
7076,WUH,SYX,1460.0,1469.6,34330.6
7077,WUH,SZX,1460.0,906.5,21175.4
7078,WUH,TAO,2190.0,835.2,29267.0
7079,WUH,TNA,1460.0,730.1,17056.2
7080,WUH,TPE,1095.0,937.0,16416.8
7081,WUH,TSN,1460.0,970.3,22667.1
7082,WUH,TYN,730.0,787.7,9200.5
7083,WUH,URC,1095.0,2758.5,48328.7
7084,WUH,XIY,1095.0,653.3,11445.8
7085,WUH,XMN,2920.0,793.8,37087.7
7086,XIY,CAN,1825.0,1306.0,38135.5
7087,XIY,CKG,3650.0,562.0,32821.0
7088,XIY,CSX,2555.0,814.8,33310.1
7089,XIY,CTU,2920.0,622.8,29095.6
7090,XIY,DLC,2190.0,1244.2,43597.9
7091,XIY,FOC,1825.0,1410.9,41198.3
7092,XIY,HAK,365.0,1622.4,9474.9
7093,XIY,HEL,365.0,6406.5,37414.0
7094,XIY,HGH,2555.0,1192.5,48749.8
7095,XIY,HKG,1095.0,1440.5,25237.4
7096,XIY,HRB,1825.0,1932.5,56428.7
7097,XIY,ICN,1095.0,1625.5,28478.1
7098,XIY,KMG,2920.0,1180.8,55164.8
7099,XIY,KWE,2920.0,899.0,42000.5
7100,XIY,KWL,2555.0,1033.7,42256.3
7101,XIY,NKG,2190.0,988.1,34624.3
7102,XIY,NNG,1825.0,1317.6,38474.7
7103,XIY,PEK,1825.0,933.5,27259.4
7104,XIY,PVG,2920.0,1273.1,59478.4
7105,XIY,SHA,1825.0,1229.1,35890.8
7106,XIY,SHE,2190.0,1514.6,53072.4
7107,XIY,SYX,1095.0,1796.3,31471.9
7108,XIY,SZX,1825.0,1402.3,40946.8
7109,XIY,TAO,2555.0,1072.5,43843.4
7110,XIY,TNA,2555.0,810.0,33112.5
7111,XIY,TPE,1460.0,1590.3,37149.1
7112,XIY,TSN,2555.0,924.6,37799.3
7113,XIY,TYN,730.0,505.8,5907.4
7114,XIY,URC,3285.0,2105.2,110650.9
7115,XIY,WUH,1095.0,653.3,11445.8
7116,XIY,XMN,2555.0,1425.3,58267.5
7117,XMN,AMS,730.0,9317.2,108824.8
7118,XMN,BKK,1095.0,2185.7,38294.0
7119,XMN,CAN,2190.0,507.1,17767.3
7120,XMN,CGK,1095.0,3629.7,63591.6
7121,XMN,CGO,1825.0,1183.9,34569.4
7122,XMN,CKG,1825.0,1273.0,37172.8
7123,XMN,CSX,2920.0,635.0,29666.8
7124,XMN,CTU,2190.0,1548.9,54272.0
7125,XMN,DLC,365.0,1635.4,9550.5
7126,XMN,HAK,1095.0,940.8,16482.3
7127,XMN,HGH,1825.0,671.9,19619.1
7128,XMN,HKG,1825.0,496.5,14497.1
7129,XMN,ICN,730.0,1639.8,19152.7
7130,XMN,KMG,2920.0,1534.3,71684.2
7131,XMN,KUL,1095.0,2996.1,52491.0
7132,XMN,KWE,1095.0,1157.4,20278.1
7133,XMN,KWL,2190.0,819.3,28707.5
7134,XMN,MNL,1095.0,1156.2,20256.1
7135,XMN,NKG,3285.0,803.6,42237.3
7136,XMN,NNG,2190.0,1037.0,36334.9
7137,XMN,NRT,1095.0,2468.3,43243.8
7138,XMN,PEK,2190.0,1733.5,60742.8
7139,XMN,PVG,1460.0,817.9,19105.5
7140,XMN,SHA,2190.0,804.1,28177.2
7141,XMN,SHE,1095.0,1964.2,34413.6
7142,XMN,SIN,1460.0,2993.2,69922.2
7143,XMN,SYX,1825.0,1137.6,33218.8
7144,XMN,SZX,1460.0,488.2,11404.2
7145,XMN,TAO,1460.0,1321.0,30858.3
7146,XMN,TNA,1460.0,1371.9,32048.0
7147,XMN,TPE,730.0,319.0,3725.4
7148,XMN,TSN,1825.0,1622.9,47389.5
7149,XMN,TYN,730.0,1557.8,18194.8
7150,XMN,WUH,2555.0,793.8,32451.7
7151,XMN,XIY,2555.0,1425.3,58267.5
7152,YUL,AGP,365.0,5705.2,33318.1
7153,YUL,AMM,1095.0,8897.0,155875.5
7154,YUL,AMS,730.0,5503.1,64276.6
7155,YUL,ATH,365.0,7631.9,44570.0
7156,YUL,ATL,1095.0,1600.3,28037.2
7157,YUL,BCN,365.0,5911.3,34522.3
7158,YUL,BOS,730.0,409.0,4776.9
7159,YUL,BRU,1460.0,5553.8,129737.6
7160,YUL,CDG,2190.0,5523.5,193542.8
7161,YUL,CLT,730.0,1292.3,15093.6
7162,YUL,CMN,365.0,5674.4,33138.3
7163,YUL,CUN,1095.0,2969.8,52030.5
7164,YUL,DCA,1095.0,784.3,13741.4
7165,YUL,DEN,730.0,2587.5,30222.0
7166,YUL,DFW,1095.0,2432.3,42613.1
7167,YUL,DOH,365.0,10406.2,60772.3
7168,YUL,DTW,1460.0,851.1,19881.0
7169,YUL,EWR,730.0,532.4,6218.8
7170,YUL,FCO,365.0,6584.4,38452.9
7171,YUL,FLL,1095.0,2231.3,39092.6
7172,YUL,FRA,730.0,5854.8,68383.6
7173,YUL,GVA,1460.0,5905.1,137942.2
7174,YUL,IAD,730.0,787.3,9195.8
7175,YUL,IAH,730.0,2548.8,29769.8
7176,YUL,JFK,2190.0,537.2,18822.4
7177,YUL,LAS,730.0,3595.9,42000.6
7178,YUL,LAX,730.0,3972.6,46400.4
7179,YUL,LGA,2190.0,522.0,18290.6
7180,YUL,LGW,365.0,5245.7,30635.1
7181,YUL,LHR,2190.0,5214.2,182705.7
7182,YUL,LIS,365.0,5235.2,30573.4
7183,YUL,LYS,365.0,5865.2,34252.7
7184,YUL,MCO,730.0,2008.4,23458.0
7185,YUL,MEX,365.0,3712.8,21682.6
7186,YUL,MIA,1095.0,2264.7,39677.8
7187,YUL,MRS,365.0,6005.5,35072.1
7188,YUL,MSP,730.0,1524.7,17808.1
7189,YUL,MUC,730.0,6150.8,71841.0
7190,YUL,NCE,365.0,6128.8,35792.1
7191,YUL,ORD,2190.0,1200.7,42070.9
7192,YUL,ORY,365.0,5526.8,32276.6
7193,YUL,PHL,730.0,634.5,7410.7
7194,YUL,SFO,730.0,4075.8,47605.9
7195,YUL,VCE,365.0,6358.1,37131.2
7196,YUL,YVR,730.0,3682.1,43007.4
7197,YUL,YYC,730.0,3005.5,35104.6
7198,YUL,YYZ,2190.0,507.2,17772.2
7199,YUL,ZRH,730.0,5995.7,70029.8
7200,YVR,AKL,730.0,11360.8,132693.9
7201,YVR,AMS,730.0,7707.3,90020.8
7202,YVR,CAN,365.0,10203.0,59585.5
7203,YVR,CUN,730.0,4475.5,52274.4
7204,YVR,DEN,730.0,1789.5,20901.1
7205,YVR,DFW,1095.0,2819.3,49394.9
7206,YVR,EWR,1095.0,3899.2,68313.4
7207,YVR,FRA,1095.0,8062.5,141254.7
7208,YVR,HKG,730.0,10269.3,119945.6
7209,YVR,HND,730.0,7558.7,88285.1
7210,YVR,HNL,1095.0,4353.6,76274.8
7211,YVR,IAH,365.0,3169.4,18509.1
7212,YVR,ICN,1095.0,8199.7,143659.1
7213,YVR,JFK,365.0,3930.4,22953.5
7214,YVR,LAS,1460.0,1597.2,37310.1
7215,YVR,LAX,1825.0,1740.9,50833.9
7216,YVR,LGW,365.0,7618.7,44493.1
7217,YVR,LHR,2190.0,7578.6,265553.6
7218,YVR,MAN,365.0,7337.4,42850.5
7219,YVR,MEX,365.0,3944.7,23037.0
7220,YVR,MNL,365.0,10554.1,61636.0
7221,YVR,MSP,365.0,2304.6,13458.8
7222,YVR,MUC,730.0,8340.4,97415.4
7223,YVR,NRT,1460.0,7503.4,175280.0
7224,YVR,ORD,1825.0,2831.4,82676.5
7225,YVR,PDX,1460.0,403.3,9421.0
7226,YVR,PEK,730.0,8492.3,99190.2
7227,YVR,PHX,730.0,1980.4,23131.1
7228,YVR,PVG,1095.0,9016.1,157961.7
7229,YVR,SEA,1825.0,204.5,5972.1
7230,YVR,SFO,1095.0,1288.7,22578.2
7231,YVR,SHE,365.0,8002.8,46736.4
7232,YVR,SLC,365.0,1281.9,7486.4
7233,YVR,SYD,365.0,12501.0,73005.6
7234,YVR,TPE,730.0,9591.7,112030.8
7235,YVR,YUL,730.0,3682.1,43007.4
7236,YVR,YYC,1095.0,686.4,12025.2
7237,YVR,YYZ,1095.0,3345.5,58613.4
7238,YYC,AMS,1095.0,7167.6,125576.8
7239,YYC,CUN,730.0,4091.0,47783.1
7240,YYC,DEN,730.0,1445.3,16880.6
7241,YYC,DFW,1460.0,2451.2,57260.0
7242,YYC,EWR,365.0,3246.7,18960.8
7243,YYC,FRA,1095.0,7528.5,131898.5
7244,YYC,GLA,365.0,6476.7,37823.8
7245,YYC,IAH,730.0,2812.5,32850.5
7246,YYC,JFK,1095.0,3277.1,57415.3
7247,YYC,LAS,1460.0,1674.1,39107.3
7248,YYC,LAX,1460.0,1942.0,45366.2
7249,YYC,LGW,365.0,7054.6,41198.7
7250,YYC,LHR,2190.0,7015.0,245804.4
7251,YYC,MAN,365.0,6776.3,39573.5
7252,YYC,MCO,365.0,3711.1,21673.0
7253,YYC,MSP,365.0,1688.0,9858.0
7254,YYC,NRT,730.0,7945.7,92806.1
7255,YYC,ORD,1825.0,2224.3,64948.6
7256,YYC,PDX,730.0,881.7,10297.9
7257,YYC,PHX,1095.0,1972.6,34560.3
7258,YYC,SAN,730.0,2060.1,24061.5
7259,YYC,SEA,365.0,725.7,4237.9
7260,YYC,SFO,1095.0,1638.4,28705.5
7261,YYC,SLC,365.0,1158.8,6767.5
7262,YYC,YUL,730.0,3005.5,35104.6
7263,YYC,YVR,1095.0,686.4,12025.2
7264,YYC,YYZ,1095.0,2689.2,47114.5
7265,YYZ,ADD,365.0,11501.4,67168.2
7266,YYZ,AMS,1095.0,5989.7,104938.9
7267,YYZ,ATH,365.0,8128.5,47470.4
7268,YYZ,ATL,2190.0,1191.1,41735.3
7269,YYZ,AUH,730.0,11122.3,129908.8
7270,YYZ,BCN,730.0,6417.7,74958.6
7271,YYZ,BOG,730.0,4367.2,51008.9
7272,YYZ,BOS,730.0,715.9,8361.5
7273,YYZ,BRU,730.0,6044.4,70598.6
7274,YYZ,BWI,365.0,558.1,3259.3
7275,YYZ,CAI,365.0,9228.3,53893.0
7276,YYZ,CDG,2190.0,6019.8,210935.5
7277,YYZ,CLT,1095.0,947.8,16604.6
7278,YYZ,CPH,1095.0,6269.5,109840.8
7279,YYZ,CUN,1095.0,2605.3,45645.2
7280,YYZ,DCA,1095.0,578.6,10136.4
7281,YYZ,DEN,730.0,2111.2,24658.7
7282,YYZ,DFW,1825.0,1928.4,56309.6
7283,YYZ,DTW,1825.0,344.0,10044.0
7284,YYZ,DUB,1095.0,5261.0,92172.5
7285,YYZ,DXB,365.0,11082.2,64720.0
7286,YYZ,EWR,730.0,559.0,6528.7
7287,YYZ,FCO,1825.0,7085.6,206900.4
7288,YYZ,FLL,1460.0,1958.1,45741.5
7289,YYZ,FRA,730.0,6344.0,74097.6
7290,YYZ,GLA,365.0,5284.0,30858.4
7291,YYZ,GRU,730.0,8193.7,95702.8
7292,YYZ,HKG,730.0,12548.5,146566.8
7293,YYZ,IAD,730.0,556.7,6501.8
7294,YYZ,IAH,730.0,2060.1,24061.8
7295,YYZ,ICN,365.0,10616.6,62001.2
7296,YYZ,IST,730.0,8171.9,95447.8
7297,YYZ,JED,365.0,10444.5,60995.8
7298,YYZ,JFK,2190.0,588.6,20624.4
7299,YYZ,LAS,1460.0,3120.3,72890.4
7300,YYZ,LAX,1825.0,3493.9,102023.3
7301,YYZ,LGA,2190.0,573.2,20083.3
7302,YYZ,LGW,365.0,5739.2,33516.9
7303,YYZ,LHR,2190.0,5707.1,199975.2
7304,YYZ,LIM,365.0,6198.7,36200.5
7305,YYZ,LIS,1095.0,5740.5,100572.9
7306,YYZ,MAN,365.0,5511.4,32186.5
7307,YYZ,MCO,1825.0,1702.1,49700.6
7308,YYZ,MEX,730.0,3246.7,37921.1
7309,YYZ,MIA,1460.0,1989.5,46474.9
7310,YYZ,MSP,1460.0,1088.9,25437.6
7311,YYZ,MSY,730.0,1788.1,20885.1
7312,YYZ,MUC,730.0,6641.0,77566.3
7313,YYZ,NRT,730.0,10299.6,120299.3
7314,YYZ,OPO,1095.0,5642.2,98851.9
7315,YYZ,ORD,2190.0,700.4,24540.4
7316,YYZ,PEK,1095.0,10560.8,185024.6
7317,YYZ,PHL,1460.0,558.0,13034.5
7318,YYZ,PHX,365.0,3013.4,17598.3
7319,YYZ,PTY,365.0,3848.1,22472.7
7320,YYZ,PVG,730.0,11414.4,133319.7
7321,YYZ,SAN,365.0,3465.0,20235.8
7322,YYZ,SEA,365.0,3306.6,19310.8
7323,YYZ,SFO,730.0,3627.3,42366.8
7324,YYZ,SJU,365.0,3082.4,18001.1
7325,YYZ,STL,730.0,1051.0,12276.0
7326,YYZ,SVO,365.0,7466.7,43605.7
7327,YYZ,TLV,730.0,9295.1,108567.0
7328,YYZ,TPA,730.0,1765.1,20616.8
7329,YYZ,TPE,365.0,12078.8,70540.0
7330,YYZ,VCE,365.0,6853.6,40024.9
7331,YYZ,VIE,1095.0,6948.3,121733.8
7332,YYZ,WAW,730.0,6934.7,80997.1
7333,YYZ,YUL,2555.0,507.2,20734.3
7334,YYZ,YVR,1095.0,3345.5,58613.4
7335,YYZ,YYC,730.0,2689.2,31409.6
7336,YYZ,ZRH,730.0,6490.7,75811.0
7337,ZRH,ACE,730.0,2806.4,32778.7
7338,ZRH,AGP,365.0,1607.9,9390.2
7339,ZRH,ALC,365.0,1260.4,7360.6
7340,ZRH,AMM,365.0,2905.8,16969.9
7341,ZRH,AMS,730.0,602.8,7041.1
7342,ZRH,ARN,730.0,1486.4,17361.4
7343,ZRH,ATH,365.0,1639.5,9574.6
7344,ZRH,ATL,365.0,7531.5,43984.0
7345,ZRH,AYT,1095.0,2165.6,37940.8
7346,ZRH,BCN,1095.0,856.5,15006.4
7347,ZRH,BHX,365.0,920.7,5377.0
7348,ZRH,BKK,730.0,9054.1,105752.3
7349,ZRH,BOM,730.0,6539.6,76383.1
7350,ZRH,BOS,730.0,6010.0,70196.7
7351,ZRH,BRS,365.0,922.8,5388.9
7352,ZRH,BRU,730.0,482.9,5639.9
7353,ZRH,BUD,365.0,804.9,4700.5
7354,ZRH,CAI,730.0,2744.7,32058.6
7355,ZRH,CDG,730.0,476.3,5563.3
7356,ZRH,CGN,730.0,391.8,4575.7
7357,ZRH,CMN,365.0,2070.9,12094.3
7358,ZRH,CPH,730.0,949.6,11091.5
7359,ZRH,CTA,1095.0,1232.5,21593.0
7360,ZRH,DEL,730.0,6147.8,71806.8
7361,ZRH,DME,365.0,2197.2,12831.8
7362,ZRH,DOH,365.0,4495.0,26250.6
7363,ZRH,DUB,730.0,1237.3,14451.9
7364,ZRH,DUS,1095.0,444.4,7786.0
7365,ZRH,DXB,1095.0,4767.9,83533.8
7366,ZRH,EWR,730.0,6332.3,73961.0
7367,ZRH,FCO,1095.0,694.0,12159.4
7368,ZRH,FRA,1095.0,285.6,5004.1
7369,ZRH,GRU,365.0,9609.0,56116.5
7370,ZRH,GVA,1095.0,230.3,4034.5
7371,ZRH,HAM,1095.0,693.1,12142.3
7372,ZRH,HEL,730.0,1778.2,20769.2
7373,ZRH,HER,730.0,1926.6,22503.2
7374,ZRH,HKG,365.0,9279.8,54193.9
7375,ZRH,IAD,730.0,6673.2,77942.7
7376,ZRH,IBZ,365.0,1117.5,6526.4
7377,ZRH,ICN,365.0,8743.1,51059.7
7378,ZRH,IST,1460.0,1740.6,40659.7
7379,ZRH,JFK,1460.0,6309.5,147389.2
7380,ZRH,JNB,730.0,8419.0,98333.8
7381,ZRH,KBP,730.0,1657.7,19361.9
7382,ZRH,LAS,365.0,9171.9,53563.9
7383,ZRH,LAX,730.0,9534.1,111358.3
7384,ZRH,LED,365.0,1965.6,11478.9
7385,ZRH,LGW,365.0,753.7,4401.6
7386,ZRH,LHR,1460.0,788.1,18409.2
7387,ZRH,LIS,2190.0,1723.5,60391.1
7388,ZRH,LPA,1095.0,3001.2,52580.6
7389,ZRH,LTN,365.0,806.7,4711.1
7390,ZRH,LYS,365.0,328.0,1915.5
7391,ZRH,MAD,1095.0,1240.2,21727.9
7392,ZRH,MAN,365.0,1006.6,5878.8
7393,ZRH,MCT,730.0,5108.9,59672.3
7394,ZRH,MIA,730.0,7845.0,91629.9
7395,ZRH,MLA,730.0,1380.4,16122.8
7396,ZRH,MUC,730.0,260.7,3045.1
7397,ZRH,MXP,365.0,204.4,1193.7
7398,ZRH,NBO,1095.0,6083.8,106587.4
7399,ZRH,NCE,365.0,435.8,2544.9
7400,ZRH,NRT,730.0,9594.6,112065.0
7401,ZRH,OPO,730.0,1529.8,17868.6
7402,ZRH,ORD,730.0,7130.7,83286.8
7403,ZRH,OSL,730.0,1416.6,16546.1
7404,ZRH,OTP,365.0,1388.5,8108.9
7405,ZRH,PEK,365.0,7970.7,46549.1
7406,ZRH,PHL,730.0,6459.9,75451.9
7407,ZRH,PMI,730.0,996.2,11635.5
7408,ZRH,PRG,1095.0,510.6,8946.6
7409,ZRH,PVG,365.0,9031.3,52742.8
7410,ZRH,RIX,365.0,1480.5,8646.4
7411,ZRH,SAW,365.0,1802.1,10524.0
7412,ZRH,SFO,730.0,9375.7,109508.3
7413,ZRH,SIN,1095.0,10305.6,180554.2
7414,ZRH,STR,730.0,145.1,1694.9
7415,ZRH,SVO,365.0,2180.6,12735.0
7416,ZRH,TFS,730.0,3062.6,35771.4
7417,ZRH,TLV,730.0,2809.4,32813.2
7418,ZRH,TPA,365.0,7835.4,45758.6
7419,ZRH,TXL,1460.0,659.7,15410.1
7420,ZRH,VCE,365.0,363.6,2123.3
7421,ZRH,VIE,1825.0,603.2,17613.9
7422,ZRH,WAW,730.0,1031.0,12042.0
7423,ZRH,YUL,730.0,5995.7,70029.8
7424,ZRH,YYZ,730.0,6490.7,75811.0
